sampleNs,origin,connected,valid,result,m00,m01,m02,x,m10,m11,m12,y,m20,m21,m22,z
160330162166700,2,1,1,200,1,0,0,0,0,1,0,1,0,0,1,0
160330162328800,1,1,1,200,1,0,0,0,0,1,0,2,0,0,1,0
160330179575700,2,1,1,200,1,0,0,0,0,1,0,1,0,0,1,0
160330179604400,1,1,1,200,1,0,0,0,0,1,0,2,0,0,1,0
160330195216500,2,1,1,200,1,0,0,0,0,1,0,1,0,0,1,0
160330195255400,1,1,1,200,1,0,0,0,0,1,0,2,0,0,1,0
160330210460000,2,1,1,200,1,0,0,0,0,1,0,1,0,0,1,0
160330210501400,1,1,1,200,1,0,0,0,0,1,0,2,0,0,1,0
160330226355300,2,1,1,200,1,0,0,0,0,1,0,1,0,0,1,0
160330226464600,1,1,1,200,1,0,0,0,0,1,0,2,0,0,1,0
160330241755600,2,1,1,200,1,0,0,0,0,1,0,1,0,0,1,0
160330241797200,1,1,1,200,1,0,0,0,0,1,0,2,0,0,1,0
160330257351000,2,1,1,200,1,0,0,0,0,1,0,1,0,0,1,0
160330257390100,1,1,1,200,1,0,0,0,0,1,0,2,0,0,1,0
160330272892800,2,1,1,200,1,0,0,0,0,1,0,1,0,0,1,0
160330272934300,1,1,1,200,1,0,0,0,0,1,0,2,0,0,1,0
160330288216900,2,1,1,200,1,0,0,0,0,1,0,1,0,0,1,0
160330288270600,1,1,1,200,1,0,0,0,0,1,0,2,0,0,1,0
160330303497300,2,1,1,200,1,0,0,0,0,1,0,1,0,0,1,0
160330303603300,1,1,1,200,1,0,0,0,0,1,0,2,0,0,1,0
160330319071200,2,1,1,200,1,0,0,0,0,1,0,1,0,0,1,0
160330319103300,1,1,1,200,1,0,0,0,0,1,0,2,0,0,1,0
160330334470400,2,1,1,200,1,0,0,0,0,1,0,1,0,0,1,0
160330334506700,1,1,1,200,1,0,0,0,0,1,0,2,0,0,1,0
160330349914900,2,1,1,200,1,0,0,0,0,1,0,1,0,0,1,0
160330349959700,1,1,1,200,1,0,0,0,0,1,0,2,0,0,1,0
160330365446900,2,1,1,200,1,0,0,0,0,1,0,1,0,0,1,0
160330365483900,1,1,1,200,1,0,0,0,0,1,0,2,0,0,1,0
160330380934600,2,1,1,200,1,0,0,0,0,1,0,1,0,0,1,0
160330380979300,1,1,1,200,1,0,0,0,0,1,0,2,0,0,1,0
160330396570200,2,1,1,200,1,0,0,0,0,1,0,1,0,0,1,0
160330396603500,1,1,1,200,1,0,0,0,0,1,0,2,0,0,1,0
160330412609300,2,1,1,200,1,0,0,0,0,1,0,1,0,0,1,0
160330412657700,1,1,1,200,1,0,0,0,0,1,0,2,0,0,1,0
160330427989600,2,1,1,200,1,0,0,0,0,1,0,1,0,0,1,0
160330428037100,1,1,1,200,1,0,0,0,0,1,0,2,0,0,1,0
160330443273100,2,1,1,200,1,0,0,0,0,1,0,1,0,0,1,0
160330443342000,1,1,1,200,1,0,0,0,0,1,0,2,0,0,1,0
160330458811700,2,1,1,200,1,0,0,0,0,1,0,1,0,0,1,0
160330458857600,1,1,1,200,1,0,0,0,0,1,0,2,0,0,1,0
160330474380000,2,1,1,200,1,0,0,0,0,1,0,1,0,0,1,0
160330474431800,1,1,1,200,1,0,0,0,0,1,0,2,0,0,1,0
160330489966200,2,1,1,200,1,0,0,0,0,1,0,1,0,0,1,0
160330490010800,1,1,1,200,1,0,0,0,0,1,0,2,0,0,1,0
160330505207500,2,1,1,200,1,0,0,0,0,1,0,1,0,0,1,0
160330505249000,1,1,1,200,1,0,0,0,0,1,0,2,0,0,1,0
160330520665600,2,1,1,200,1,0,0,0,0,1,0,1,0,0,1,0
160330520790800,1,1,1,200,1,0,0,0,0,1,0,2,0,0,1,0
160330536587100,2,1,1,200,1,0,0,0,0,1,0,1,0,0,1,0
160330536617900,1,1,1,200,1,0,0,0,0,1,0,2,0,0,1,0
160330551922500,2,1,1,200,1,0,0,0,0,1,0,1,0,0,1,0
160330551956400,1,1,1,200,1,0,0,0,0,1,0,2,0,0,1,0
160330567139200,2,1,1,200,1,0,0,0,0,1,0,1,0,0,1,0
160330567170700,1,1,1,200,1,0,0,0,0,1,0,2,0,0,1,0
160330582704300,2,1,1,200,1,0,0,0,0,1,0,1,0,0,1,0
160330582759400,1,1,1,200,1,0,0,0,0,1,0,2,0,0,1,0
160330598459000,2,1,1,200,1,0,0,0,0,1,0,1,0,0,1,0
160330598506400,1,1,1,200,1,0,0,0,0,1,0,2,0,0,1,0
160330613966200,2,1,1,200,1,0,0,0,0,1,0,1,0,0,1,0
160330613996000,1,1,1,200,1,0,0,0,0,1,0,2,0,0,1,0
160330629511200,2,1,1,200,1,0,0,0,0,1,0,1,0,0,1,0
160330629563300,1,1,1,200,1,0,0,0,0,1,0,2,0,0,1,0
160330644674600,2,1,1,200,1,0,0,0,0,1,0,1,0,0,1,0
160330644749000,1,1,1,200,1,0,0,0,0,1,0,2,0,0,1,0
160330660322100,2,1,1,200,1,0,0,0,0,1,0,1,0,0,1,0
160330660394000,1,1,1,200,1,0,0,0,0,1,0,2,0,0,1,0
160330675835200,2,1,1,200,1,0,0,0,0,1,0,1,0,0,1,0
160330675900900,1,1,1,200,1,0,0,0,0,1,0,2,0,0,1,0
160330691085400,2,1,1,200,1,0,0,0,0,1,0,1,0,0,1,0
160330691124000,1,1,1,200,1,0,0,0,0,1,0,2,0,0,1,0
160330706290400,2,1,1,200,1,0,0,0,0,1,0,1,0,0,1,0
160330706323900,1,1,1,200,1,0,0,0,0,1,0,2,0,0,1,0
160330721765700,2,1,1,200,1,0,0,0,0,1,0,1,0,0,1,0
160330721796600,1,1,1,200,1,0,0,0,0,1,0,2,0,0,1,0
160330737300500,2,1,1,200,1,0,0,0,0,1,0,1,0,0,1,0
160330737367000,1,1,1,200,1,0,0,0,0,1,0,2,0,0,1,0
160330752836800,2,1,1,200,1,0,0,0,0,1,0,1,0,0,1,0
160330752877700,1,1,1,200,1,0,0,0,0,1,0,2,0,0,1,0
160330768271300,2,1,1,200,1,0,0,0,0,1,0,1,0,0,1,0
160330768311500,1,1,1,200,1,0,0,0,0,1,0,2,0,0,1,0
160330783907800,2,1,1,200,1,0,0,0.1000000015,0,1,0,1,0,0,1,2
160330784086200,1,1,1,200,1,0,0,0.1000000015,0,1,0,2,0,0,1,2
160330799058800,2,1,1,200,1,0,0,0.1000000015,0,1,0,1,0,0,1,2
160330799094200,1,1,1,200,1,0,0,0.1000000015,0,1,0,2,0,0,1,2
160330814376900,2,1,1,200,1,0,0,0.1000000015,0,1,0,1,0,0,1,2
160330814416700,1,1,1,200,1,0,0,0.1000000015,0,1,0,2,0,0,1,2
160330829662700,2,1,1,200,1,0,0,0.1000000015,0,1,0,1,0,0,1,2
160330829711300,1,1,1,200,1,0,0,0.1000000015,0,1,0,2,0,0,1,2
160330845356600,2,1,1,200,1,0,0,0.1000000015,0,1,0,1,0,0,1,2
160330845395800,1,1,1,200,1,0,0,0.1000000015,0,1,0,2,0,0,1,2
160330860691900,2,1,1,200,1,0,0,0.1000000015,0,1,0,1,0,0,1,2
160330860727700,1,1,1,200,1,0,0,0.1000000015,0,1,0,2,0,0,1,2
160330876377900,2,1,1,200,1,0,0,0.1000000015,0,1,0,1,0,0,1,2
160330876411500,1,1,1,200,1,0,0,0.1000000015,0,1,0,2,0,0,1,2
160330892031200,2,1,1,200,1,0,0,0.1000000015,0,1,0,1,0,0,1,2
160330892065600,1,1,1,200,1,0,0,0.1000000015,0,1,0,2,0,0,1,2
160330907437800,2,1,1,200,1,0,0,0.1000000015,0,1,0,1,0,0,1,2
160330907545000,1,1,1,200,1,0,0,0.1000000015,0,1,0,2,0,0,1,2
160330923609600,2,1,1,200,1,0,0,0.1000000015,0,1,0,1,0,0,1,2
160330923765300,1,1,1,200,1,0,0,0.1000000015,0,1,0,2,0,0,1,2
160330939176400,2,1,1,200,1,0,0,0.1000000015,0,1,0,1,0,0,1,2
160330939213400,1,1,1,200,1,0,0,0.1000000015,0,1,0,2,0,0,1,2
160330954732000,2,1,1,200,1,0,0,0.1000000015,0,1,0,1,0,0,1,2
160330954787800,1,1,1,200,1,0,0,0.1000000015,0,1,0,2,0,0,1,2
160330970449000,2,1,1,200,1,0,0,0.1000000015,0,1,0,1,0,0,1,2
160330970560500,1,1,1,200,1,0,0,0.1000000015,0,1,0,2,0,0,1,2
160330986574000,2,1,1,200,1,0,0,0.1000000015,0,1,0,1,0,0,1,2
160330986644200,1,1,1,200,1,0,0,0.1000000015,0,1,0,2,0,0,1,2
160331002662800,2,1,1,200,1,0,0,0.1000000015,0,1,0,1,0,0,1,2
160331002737300,1,1,1,200,1,0,0,0.1000000015,0,1,0,2,0,0,1,2
160331018056800,2,1,1,200,1,0,0,0.1000000015,0,1,0,1,0,0,1,2
160331018094500,1,1,1,200,1,0,0,0.1000000015,0,1,0,2,0,0,1,2
160331033519200,2,1,1,200,1,0,0,0.1000000015,0,1,0,1,0,0,1,2
160331033559300,1,1,1,200,1,0,0,0.1000000015,0,1,0,2,0,0,1,2
160331049634600,2,1,1,200,1,0,0,0.1000000015,0,1,0,1,0,0,1,2
160331049679100,1,1,1,200,1,0,0,0.1000000015,0,1,0,2,0,0,1,2
160331065093800,2,1,1,200,1,0,0,0.1000000015,0,1,0,1,0,0,1,2
160331065175400,1,1,1,200,1,0,0,0.1000000015,0,1,0,2,0,0,1,2
160331080612400,2,1,1,200,1,0,0,0.1000000015,0,1,0,1,0,0,1,2
160331080642800,1,1,1,200,1,0,0,0.1000000015,0,1,0,2,0,0,1,2
160331096342500,2,1,1,200,1,0,0,0.1000000015,0,1,0,1,0,0,1,2
160331096379300,1,1,1,200,1,0,0,0.1000000015,0,1,0,2,0,0,1,2
160331111893000,2,1,1,200,1,0,0,0.1000000015,0,1,0,1,0,0,1,2
160331111928600,1,1,1,200,1,0,0,0.1000000015,0,1,0,2,0,0,1,2
160331127190000,2,1,1,200,1,0,0,0.1000000015,0,1,0,1,0,0,1,2
160331127233200,1,1,1,200,1,0,0,0.1000000015,0,1,0,2,0,0,1,2
160331142973600,2,1,1,200,1,0,0,0.1000000015,0,1,0,1,0,0,1,2
160331143027500,1,1,1,200,1,0,0,0.1000000015,0,1,0,2,0,0,1,2
160331158476700,2,1,1,200,1,0,0,0.1000000015,0,1,0,1,0,0,1,2
160331158513600,1,1,1,200,1,0,0,0.1000000015,0,1,0,2,0,0,1,2
160331173641700,2,1,1,200,1,0,0,0.1000000015,0,1,0,1,0,0,1,2
160331173671500,1,1,1,200,1,0,0,0.1000000015,0,1,0,2,0,0,1,2
160331189380600,2,1,1,200,1,0,0,0.1000000015,0,1,0,1,0,0,1,2
160331189430200,1,1,1,200,1,0,0,0.1000000015,0,1,0,2,0,0,1,2
160331204776400,2,1,1,200,1,0,0,0.1000000015,0,1,0,1,0,0,1,2
160331204808300,1,1,1,200,1,0,0,0.1000000015,0,1,0,2,0,0,1,2
160331220485200,2,1,1,200,1,0,0,0.1000000015,0,1,0,1,0,0,1,2
160331220527000,1,1,1,200,1,0,0,0.1000000015,0,1,0,2,0,0,1,2
160331236074400,2,1,1,200,1,0,0,0.1000000015,0,1,0,1,0,0,1,2
160331236107300,1,1,1,200,1,0,0,0.1000000015,0,1,0,2,0,0,1,2
160331251164700,2,1,1,200,1,0,0,0.1000000015,0,1,0,1,0,0,1,2
160331251195600,1,1,1,200,1,0,0,0.1000000015,0,1,0,2,0,0,1,2
160331266528200,2,1,1,200,1,0,0,0.1000000015,0,1,0,1,0,0,1,2
160331266568100,1,1,1,200,1,0,0,0.1000000015,0,1,0,2,0,0,1,2
160331282291600,2,1,1,200,1,0,0,0.1000000015,0,1,0,1,0,0,1,2
160331282332800,1,1,1,200,1,0,0,0.1000000015,0,1,0,2,0,0,1,2
160331297821500,2,1,1,200,1,0,0,0.1000000015,0,1,0,1,0,0,1,2
160331297936200,1,1,1,200,1,0,0,0.1000000015,0,1,0,2,0,0,1,2
160331313040300,2,1,1,200,1,0,0,0.1000000015,0,1,0,1,0,0,1,2
160331313119300,1,1,1,200,1,0,0,0.1000000015,0,1,0,2,0,0,1,2
160331328652000,2,1,1,200,1,0,0,0.1000000015,0,1,0,1,0,0,1,2
160331328717600,1,1,1,200,1,0,0,0.1000000015,0,1,0,2,0,0,1,2
160331344120800,2,1,1,200,1,0,0,0.1000000015,0,1,0,1,0,0,1,2
160331344245800,1,1,1,200,1,0,0,0.1000000015,0,1,0,2,0,0,1,2
160331359621000,2,1,1,200,1,0,0,0.1000000015,0,1,0,1,0,0,1,2
160331359739600,1,1,1,200,1,0,0,0.1000000015,0,1,0,2,0,0,1,2
160331375178000,2,1,1,200,1,0,0,0.1000000015,0,1,0,1,0,0,1,2
160331375230300,1,1,1,200,1,0,0,0.1000000015,0,1,0,2,0,0,1,2
160331390434800,2,1,1,200,1,0,0,0.1000000015,0,1,0,1,0,0,1,2
160331390469700,1,1,1,200,1,0,0,0.1000000015,0,1,0,2,0,0,1,2
160331405621300,2,1,1,200,1,0,0,0.1000000015,0,1,0,1,0,0,1,2
160331405648800,1,1,1,200,1,0,0,0.1000000015,0,1,0,2,0,0,1,2
160331421249500,2,1,1,200,1,0,0,0.1000000015,0,1,0,1,0,0,1,2
160331421284400,1,1,1,200,1,0,0,0.1000000015,0,1,0,2,0,0,1,2
160331436573600,2,1,1,200,1,0,0,0.1000000015,0,1,0,1,0,0,1,2
160331436618300,1,1,1,200,1,0,0,0.1000000015,0,1,0,2,0,0,1,2
160331452605800,2,1,1,200,1,0,0,0.1000000015,0,1,0,1,0,0,1,2
160331452682900,1,1,1,200,1,0,0,0.1000000015,0,1,0,2,0,0,1,2
160331468187500,2,1,1,200,1,0,0,0.1000000015,0,1,0,1,0,0,1,2
160331468260100,1,1,1,200,1,0,0,0.1000000015,0,1,0,2,0,0,1,2
160331483415400,2,1,1,200,1,0,0,0.1000000015,0,1,0,1,0,0,1,2
160331483451900,1,1,1,200,1,0,0,0.1000000015,0,1,0,2,0,0,1,2
160331498622200,2,1,1,200,1,0,0,0.1000000015,0,1,0,1,0,0,1,2
160331498663800,1,1,1,200,1,0,0,0.1000000015,0,1,0,2,0,0,1,2
160331514334100,2,1,1,200,1,0,0,0.1000000015,0,1,0,1,0,0,1,2
160331514460900,1,1,1,200,1,0,0,0.1000000015,0,1,0,2,0,0,1,2
160331529840300,2,1,1,200,1,0,0,0.1000000015,0,1,0,1,0,0,1,2
160331529901100,1,1,1,200,1,0,0,0.1000000015,0,1,0,2,0,0,1,2
160331545090200,2,1,1,200,1,0,0,0.1000000015,0,1,0,1,0,0,1,2
160331545133000,1,1,1,200,1,0,0,0.1000000015,0,1,0,2,0,0,1,2
160331561000400,2,1,1,200,1,0,0,0.1000000015,0,1,0,1,0,0,1,2
160331561045500,1,1,1,200,1,0,0,0.1000000015,0,1,0,2,0,0,1,2
160331576663400,2,1,1,200,1,0,0,0.1000000015,0,1,0,1,0,0,1,2
160331576708700,1,1,1,200,1,0,0,0.1000000015,0,1,0,2,0,0,1,2
160331591848000,2,1,1,200,1,0,0,0.1000000015,0,1,0,1,0,0,1,2
160331591887700,1,1,1,200,1,0,0,0.1000000015,0,1,0,2,0,0,1,2
160331607316500,2,1,1,200,1,0,0,0.1000000015,0,1,0,1,0,0,1,2
160331607346800,1,1,1,200,1,0,0,0.1000000015,0,1,0,2,0,0,1,2
160331622572300,2,1,1,200,1,0,0,0.1000000015,0,1,0,1,0,0,1,2
160331622603000,1,1,1,200,1,0,0,0.1000000015,0,1,0,2,0,0,1,2
160331638189400,2,1,1,200,1,0,0,0.1000000015,0,1,0,1,0,0,1,2
160331638227300,1,1,1,200,1,0,0,0.1000000015,0,1,0,2,0,0,1,2
160331653278400,2,1,1,200,1,0,0,0.1000000015,0,1,0,1,0,0,1,2
160331653310400,1,1,1,200,1,0,0,0.1000000015,0,1,0,2,0,0,1,2
160331668849600,2,1,1,200,1,0,0,0.1000000015,0,1,0,1,0,0,1,2
160331668915000,1,1,1,200,1,0,0,0.1000000015,0,1,0,2,0,0,1,2
160331684150600,2,1,1,200,1,0,0,0.1000000015,0,1,0,1,0,0,1,2
160331684208900,1,1,1,200,1,0,0,0.1000000015,0,1,0,2,0,0,1,2
160331699639200,2,1,1,200,1,0,0,0.1000000015,0,1,0,1,0,0,1,2
160331699677800,1,1,1,200,1,0,0,0.1000000015,0,1,0,2,0,0,1,2
160331715086700,2,1,1,200,1,0,0,0.1000000015,0,1,0,1,0,0,1,2
160331715160400,1,1,1,200,1,0,0,0.1000000015,0,1,0,2,0,0,1,2
160331730511600,2,1,1,200,1,0,0,0.1000000015,0,1,0,1,0,0,1,2
160331730552100,1,1,1,200,1,0,0,0.1000000015,0,1,0,2,0,0,1,2
160331745787500,2,1,1,200,1,0,0,0.1000000015,0,1,0,1,0,0,1,2
160331745838500,1,1,1,200,1,0,0,0.1000000015,0,1,0,2,0,0,1,2
160331761892400,2,1,1,200,1,0,0,0.1000000015,0,1,0,1,0,0,1,2
160331761937200,1,1,1,200,1,0,0,0.1000000015,0,1,0,2,0,0,1,2
160331777614000,2,1,1,200,1,0,0,0.1000000015,0,1,0,1,0,0,1,2
160331777685400,1,1,1,200,1,0,0,0.1000000015,0,1,0,2,0,0,1,2
160331792733800,2,1,1,200,1,0,0,0.1000000015,0,1,0,1,0,0,1,2
160331792782400,1,1,1,200,1,0,0,0.1000000015,0,1,0,2,0,0,1,2
160331808035600,2,1,1,200,1,0,0,0.1000000015,0,1,0,1,0,0,1,2
160331808143400,1,1,1,200,1,0,0,0.1000000015,0,1,0,2,0,0,1,2
160331823676500,2,1,1,200,1,0,0,0.1000000015,0,1,0,1,0,0,1,2
160331823764300,1,1,1,200,1,0,0,0.1000000015,0,1,0,2,0,0,1,2
160331839135600,2,1,1,200,1,0,0,0.1000000015,0,1,0,1,0,0,1,2
160331839223300,1,1,1,200,1,0,0,0.1000000015,0,1,0,2,0,0,1,2
160331854768000,2,1,1,200,1,0,0,0.1000000015,0,1,0,1,0,0,1,2
160331854824500,1,1,1,200,1,0,0,0.1000000015,0,1,0,2,0,0,1,2
160331870017400,2,1,1,200,1,0,0,0.1000000015,0,1,0,1,0,0,1,2
160331870070900,1,1,1,200,1,0,0,0.1000000015,0,1,0,2,0,0,1,2
160331885665500,2,1,1,200,1,0,0,0.1000000015,0,1,0,1,0,0,1,2
160331885708200,1,1,1,200,1,0,0,0.1000000015,0,1,0,2,0,0,1,2
160331900851500,2,1,1,200,1,0,0,0.1000000015,0,1,0,1,0,0,1,2
160331900882500,1,1,1,200,1,0,0,0.1000000015,0,1,0,2,0,0,1,2
160331916546600,2,1,1,200,1,0,0,0.1000000015,0,1,0,1,0,0,1,2
160331916592100,1,1,1,200,1,0,0,0.1000000015,0,1,0,2,0,0,1,2
160331931908600,2,1,1,200,1,0,0,0.1000000015,0,1,0,1,0,0,1,2
160331931944300,1,1,1,200,1,0,0,0.1000000015,0,1,0,2,0,0,1,2
160331947891900,2,1,1,200,1,0,0,0.1000000015,0,1,0,1,0,0,1,2
160331947968700,1,1,1,200,1,0,0,0.1000000015,0,1,0,2,0,0,1,2
160331963400700,2,1,1,200,1,0,0,0.1000000015,0,1,0,1,0,0,1,2
160331963436000,1,1,1,200,1,0,0,0.1000000015,0,1,0,2,0,0,1,2
160331978571900,2,1,1,200,1,0,0,0.1000000015,0,1,0,1,0,0,1,2
160331978638200,1,1,1,200,1,0,0,0.1000000015,0,1,0,2,0,0,1,2
160331994118100,2,1,1,200,1,0,0,0.1000000015,0,1,0,1,0,0,1,2
160331994210600,1,1,1,200,1,0,0,0.1000000015,0,1,0,2,0,0,1,2
160332009706700,2,1,1,200,1,0,0,0.1000000015,0,1,0,1,0,0,1,2
160332009743300,1,1,1,200,1,0,0,0.1000000015,0,1,0,2,0,0,1,2
160332025330200,2,1,1,200,1,0,0,0.1000000015,0,1,0,1,0,0,1,2
160332025370800,1,1,1,200,1,0,0,0.1000000015,0,1,0,2,0,0,1,2
160332040866400,2,1,1,200,1,0,0,-0.1000000015,0,1,0,1,0,0,1,2
160332040894000,1,1,1,200,1,0,0,-0.1000000015,0,1,0,2,0,0,1,2
160332056499500,2,1,1,200,1,0,0,-0.1000000015,0,1,0,1,0,0,1,2
160332056553500,1,1,1,200,1,0,0,-0.1000000015,0,1,0,2,0,0,1,2
160332071962600,2,1,1,200,1,0,0,-0.1000000015,0,1,0,1,0,0,1,2
160332072001900,1,1,1,200,1,0,0,-0.1000000015,0,1,0,2,0,0,1,2
160332087840900,2,1,1,200,1,0,0,-0.1000000015,0,1,0,1,0,0,1,2
160332087870600,1,1,1,200,1,0,0,-0.1000000015,0,1,0,2,0,0,1,2
160332103828400,2,1,1,200,1,0,0,-0.1000000015,0,1,0,1,0,0,1,2
160332103875600,1,1,1,200,1,0,0,-0.1000000015,0,1,0,2,0,0,1,2
160332119047700,2,1,1,200,1,0,0,-0.1000000015,0,1,0,1,0,0,1,2
160332119079600,1,1,1,200,1,0,0,-0.1000000015,0,1,0,2,0,0,1,2
160332134474500,2,1,1,200,1,0,0,-0.1000000015,0,1,0,1,0,0,1,2
160332134560300,1,1,1,200,1,0,0,-0.1000000015,0,1,0,2,0,0,1,2
160332150121500,2,1,1,200,1,0,0,-0.1000000015,0,1,0,1,0,0,1,2
160332150173100,1,1,1,200,1,0,0,-0.1000000015,0,1,0,2,0,0,1,2
160332165357600,2,1,1,200,1,0,0,-0.1000000015,0,1,0,1,0,0,1,2
160332165393000,1,1,1,200,1,0,0,-0.1000000015,0,1,0,2,0,0,1,2
160332180714500,2,1,1,200,1,0,0,-0.1000000015,0,1,0,1,0,0,1,2
160332180747900,1,1,1,200,1,0,0,-0.1000000015,0,1,0,2,0,0,1,2
160332196562900,2,1,1,200,1,0,0,-0.1000000015,0,1,0,1,0,0,1,2
160332196597300,1,1,1,200,1,0,0,-0.1000000015,0,1,0,2,0,0,1,2
160332211663500,2,1,1,200,1,0,0,-0.1000000015,0,1,0,1,0,0,1,2
160332211758000,1,1,1,200,1,0,0,-0.1000000015,0,1,0,2,0,0,1,2
160332227214300,2,1,1,200,1,0,0,-0.1000000015,0,1,0,1,0,0,1,2
160332227254400,1,1,1,200,1,0,0,-0.1000000015,0,1,0,2,0,0,1,2
160332242559000,2,1,1,200,1,0,0,-0.1000000015,0,1,0,1,0,0,1,2
160332242591200,1,1,1,200,1,0,0,-0.1000000015,0,1,0,2,0,0,1,2
160332257954600,2,1,1,200,1,0,0,-0.1000000015,0,1,0,1,0,0,1,2
160332257982000,1,1,1,200,1,0,0,-0.1000000015,0,1,0,2,0,0,1,2
160332273445300,2,1,1,200,1,0,0,-0.1000000015,0,1,0,1,0,0,1,2
160332273475300,1,1,1,200,1,0,0,-0.1000000015,0,1,0,2,0,0,1,2
160332289359700,2,1,1,200,1,0,0,-0.1000000015,0,1,0,1,0,0,1,2
160332289418300,1,1,1,200,1,0,0,-0.1000000015,0,1,0,2,0,0,1,2
160332304964100,2,1,1,200,1,0,0,-0.1000000015,0,1,0,1,0,0,1,2
160332305002800,1,1,1,200,1,0,0,-0.1000000015,0,1,0,2,0,0,1,2
160332320427500,2,1,1,200,1,0,0,-0.1000000015,0,1,0,1,0,0,1,2
160332320473000,1,1,1,200,1,0,0,-0.1000000015,0,1,0,2,0,0,1,2
160332335854400,2,1,1,200,1,0,0,-0.1000000015,0,1,0,1,0,0,1,2
160332335917600,1,1,1,200,1,0,0,-0.1000000015,0,1,0,2,0,0,1,2
160332351376300,2,1,1,200,1,0,0,-0.1000000015,0,1,0,1,0,0,1,2
160332351403300,1,1,1,200,1,0,0,-0.1000000015,0,1,0,2,0,0,1,2
160332367031100,2,1,1,200,1,0,0,-0.1000000015,0,1,0,1,0,0,1,2
160332367074100,1,1,1,200,1,0,0,-0.1000000015,0,1,0,2,0,0,1,2
160332382254500,2,1,1,200,1,0,0,-0.1000000015,0,1,0,1,0,0,1,2
160332382303900,1,1,1,200,1,0,0,-0.1000000015,0,1,0,2,0,0,1,2
160332397724500,2,1,1,200,1,0,0,-0.1000000015,0,1,0,1,0,0,1,2
160332397771100,1,1,1,200,1,0,0,-0.1000000015,0,1,0,2,0,0,1,2
160332413235000,2,1,1,200,1,0,0,-0.1000000015,0,1,0,1,0,0,1,2
160332413277100,1,1,1,200,1,0,0,-0.1000000015,0,1,0,2,0,0,1,2
160332428957000,2,1,1,200,1,0,0,-0.1000000015,0,1,0,1,0,0,1,2
160332428998500,1,1,1,200,1,0,0,-0.1000000015,0,1,0,2,0,0,1,2
160332444156500,2,1,1,200,1,0,0,-0.1000000015,0,1,0,1,0,0,1,2
160332444208500,1,1,1,200,1,0,0,-0.1000000015,0,1,0,2,0,0,1,2
160332459587400,2,1,1,200,1,0,0,-0.1000000015,0,1,0,1,0,0,1,2
160332459716700,1,1,1,200,1,0,0,-0.1000000015,0,1,0,2,0,0,1,2
160332475346100,2,1,1,200,1,0,0,-0.1000000015,0,1,0,1,0,0,1,2
160332475384600,1,1,1,200,1,0,0,-0.1000000015,0,1,0,2,0,0,1,2
160332490689900,2,1,1,200,1,0,0,-0.1000000015,0,1,0,1,0,0,1,2
160332490732900,1,1,1,200,1,0,0,-0.1000000015,0,1,0,2,0,0,1,2
160332506216800,2,1,1,200,1,0,0,-0.1000000015,0,1,0,1,0,0,1,2
160332506262100,1,1,1,200,1,0,0,-0.1000000015,0,1,0,2,0,0,1,2
160332521746700,2,1,1,200,1,0,0,-0.1000000015,0,1,0,1,0,0,1,2
160332521776800,1,1,1,200,1,0,0,-0.1000000015,0,1,0,2,0,0,1,2
160332537130700,2,1,1,200,1,0,0,-0.1000000015,0,1,0,1,0,0,1,2
160332537160500,1,1,1,200,1,0,0,-0.1000000015,0,1,0,2,0,0,1,2
160332552604100,2,1,1,200,1,0,0,-0.1000000015,0,1,0,1,0,0,1,2
160332552634900,1,1,1,200,1,0,0,-0.1000000015,0,1,0,2,0,0,1,2
160332568079000,2,1,1,200,1,0,0,-0.1000000015,0,1,0,1,0,0,1,2
160332568187400,1,1,1,200,1,0,0,-0.1000000015,0,1,0,2,0,0,1,2
160332583414500,2,1,1,200,1,0,0,-0.1000000015,0,1,0,1,0,0,1,2
160332583456900,1,1,1,200,1,0,0,-0.1000000015,0,1,0,2,0,0,1,2
160332598931800,2,1,1,200,1,0,0,-0.1000000015,0,1,0,1,0,0,1,2
160332598999600,1,1,1,200,1,0,0,-0.1000000015,0,1,0,2,0,0,1,2
160332614512300,2,1,1,200,1,0,0,-0.1000000015,0,1,0,1,0,0,1,2
160332614549900,1,1,1,200,1,0,0,-0.1000000015,0,1,0,2,0,0,1,2
160332629978500,2,1,1,200,1,0,0,-0.1000000015,0,1,0,1,0,0,1,2
160332630015000,1,1,1,200,1,0,0,-0.1000000015,0,1,0,2,0,0,1,2
160332645920100,2,1,1,200,1,0,0,-0.1000000015,0,1,0,1,0,0,1,2
160332645961600,1,1,1,200,1,0,0,-0.1000000015,0,1,0,2,0,0,1,2
160332661347700,2,1,1,200,1,0,0,-0.1000000015,0,1,0,1,0,0,1,2
160332661469200,1,1,1,200,1,0,0,-0.1000000015,0,1,0,2,0,0,1,2
160332676913300,2,1,1,200,1,0,0,-0.1000000015,0,1,0,1,0,0,1,2
160332676959800,1,1,1,200,1,0,0,-0.1000000015,0,1,0,2,0,0,1,2
160332693000400,2,1,1,200,1,0,0,-0.1000000015,0,1,0,1,0,0,1,2
160332693046600,1,1,1,200,1,0,0,-0.1000000015,0,1,0,2,0,0,1,2
160332708440600,2,1,1,200,1,0,0,-0.1000000015,0,1,0,1,0,0,1,2
160332708480400,1,1,1,200,1,0,0,-0.1000000015,0,1,0,2,0,0,1,2
160332724433300,2,1,1,200,1,0,0,-0.1000000015,0,1,0,1,0,0,1,2
160332724471500,1,1,1,200,1,0,0,-0.1000000015,0,1,0,2,0,0,1,2
160332739813900,2,1,1,200,1,0,0,-0.1000000015,0,1,0,1,0,0,1,2
160332739852700,1,1,1,200,1,0,0,-0.1000000015,0,1,0,2,0,0,1,2
160332755339800,2,1,1,200,1,0,0,-0.1000000015,0,1,0,1,0,0,1,2
160332755387300,1,1,1,200,1,0,0,-0.1000000015,0,1,0,2,0,0,1,2
160332770929400,2,1,1,200,1,0,0,-0.1000000015,0,1,0,1,0,0,1,2
160332771017800,1,1,1,200,1,0,0,-0.1000000015,0,1,0,2,0,0,1,2
160332786594000,2,1,1,200,1,0,0,-0.1000000015,0,1,0,1,0,0,1,2
160332786642200,1,1,1,200,1,0,0,-0.1000000015,0,1,0,2,0,0,1,2
160332801991100,2,1,1,200,1,0,0,-0.1000000015,0,1,0,1,0,0,1,2
160332802030300,1,1,1,200,1,0,0,-0.1000000015,0,1,0,2,0,0,1,2
160332817538500,2,1,1,200,1,0,0,-0.1000000015,0,1,0,1,0,0,1,2
160332817648200,1,1,1,200,1,0,0,-0.1000000015,0,1,0,2,0,0,1,2
160332832990600,2,1,1,200,1,0,0,-0.1000000015,0,1,0,1,0,0,1,2
160332833018800,1,1,1,200,1,0,0,-0.1000000015,0,1,0,2,0,0,1,2
160332848606800,2,1,1,200,1,0,0,-0.1000000015,0,1,0,1,0,0,1,2
160332848717400,1,1,1,200,1,0,0,-0.1000000015,0,1,0,2,0,0,1,2
160332864010500,2,1,1,200,1,0,0,-0.1000000015,0,1,0,1,0,0,1,2
160332864039800,1,1,1,200,1,0,0,-0.1000000015,0,1,0,2,0,0,1,2
160332879287900,2,1,1,200,1,0,0,-0.1000000015,0,1,0,1,0,0,1,2
160332879318400,1,1,1,200,1,0,0,-0.1000000015,0,1,0,2,0,0,1,2
160332894474500,2,1,1,200,1,0,0,-0.1000000015,0,1,0,1,0,0,1,2
160332894518000,1,1,1,200,1,0,0,-0.1000000015,0,1,0,2,0,0,1,2
160332910386700,2,1,1,200,1,0,0,-0.1000000015,0,1,0,1,0,0,1,2
160332910457200,1,1,1,200,1,0,0,-0.1000000015,0,1,0,2,0,0,1,2
160332926176900,2,1,1,200,1,0,0,-0.1000000015,0,1,0,1,0,0,1,2
160332926208000,1,1,1,200,1,0,0,-0.1000000015,0,1,0,2,0,0,1,2
160332941805700,2,1,1,200,1,0,0,-0.1000000015,0,1,0,1,0,0,1,2
160332941850200,1,1,1,200,1,0,0,-0.1000000015,0,1,0,2,0,0,1,2
160332957238500,2,1,1,200,1,0,0,-0.1000000015,0,1,0,1,0,0,1,2
160332957269400,1,1,1,200,1,0,0,-0.1000000015,0,1,0,2,0,0,1,2
160332972851800,2,1,1,200,1,0,0,-0.1000000015,0,1,0,1,0,0,1,2
160332972946200,1,1,1,200,1,0,0,-0.1000000015,0,1,0,2,0,0,1,2
160332988443800,2,1,1,200,1,0,0,-0.1000000015,0,1,0,1,0,0,1,2
160332988482200,1,1,1,200,1,0,0,-0.1000000015,0,1,0,2,0,0,1,2
160333003924000,2,1,1,200,1,0,0,-0.1000000015,0,1,0,1,0,0,1,2
160333004014800,1,1,1,200,1,0,0,-0.1000000015,0,1,0,2,0,0,1,2
160333019464700,2,1,1,200,1,0,0,-0.1000000015,0,1,0,1,0,0,1,2
160333019506500,1,1,1,200,1,0,0,-0.1000000015,0,1,0,2,0,0,1,2
160333035033500,2,1,1,200,1,0,0,-0.1000000015,0,1,0,1,0,0,1,2
160333035064900,1,1,1,200,1,0,0,-0.1000000015,0,1,0,2,0,0,1,2
160333050590500,2,1,1,200,1,0,0,0,0,1,0,1.100000024,0,0,1,2
160333050713000,1,1,1,200,1,0,0,0,0,1,0,2.099999905,0,0,1,2
160333065678400,2,1,1,200,1,0,0,0,0,1,0,1.100000024,0,0,1,2
160333065704500,1,1,1,200,1,0,0,0,0,1,0,2.099999905,0,0,1,2
160333081301400,2,1,1,200,1,0,0,0,0,1,0,1.100000024,0,0,1,2
160333081338700,1,1,1,200,1,0,0,0,0,1,0,2.099999905,0,0,1,2
160333096565800,2,1,1,200,1,0,0,0,0,1,0,1.100000024,0,0,1,2
160333096607300,1,1,1,200,1,0,0,0,0,1,0,2.099999905,0,0,1,2
160333112715200,2,1,1,200,1,0,0,0,0,1,0,1.100000024,0,0,1,2
160333112755300,1,1,1,200,1,0,0,0,0,1,0,2.099999905,0,0,1,2
160333128265000,2,1,1,200,1,0,0,0,0,1,0,1.100000024,0,0,1,2
160333128306200,1,1,1,200,1,0,0,0,0,1,0,2.099999905,0,0,1,2
160333143538100,2,1,1,200,1,0,0,0,0,1,0,1.100000024,0,0,1,2
160333143739500,1,1,1,200,1,0,0,0,0,1,0,2.099999905,0,0,1,2
160333159078100,2,1,1,200,1,0,0,0,0,1,0,1.100000024,0,0,1,2
160333159106200,1,1,1,200,1,0,0,0,0,1,0,2.099999905,0,0,1,2
160333174737500,2,1,1,200,1,0,0,0,0,1,0,1.100000024,0,0,1,2
160333174775000,1,1,1,200,1,0,0,0,0,1,0,2.099999905,0,0,1,2
160333189757900,2,1,1,200,1,0,0,0,0,1,0,1.100000024,0,0,1,2
160333189789700,1,1,1,200,1,0,0,0,0,1,0,2.099999905,0,0,1,2
160333205407200,2,1,1,200,1,0,0,0,0,1,0,1.100000024,0,0,1,2
160333205447600,1,1,1,200,1,0,0,0,0,1,0,2.099999905,0,0,1,2
160333220862100,2,1,1,200,1,0,0,0,0,1,0,1.100000024,0,0,1,2
160333220904800,1,1,1,200,1,0,0,0,0,1,0,2.099999905,0,0,1,2
160333236490000,2,1,1,200,1,0,0,0,0,1,0,1.100000024,0,0,1,2
160333236525100,1,1,1,200,1,0,0,0,0,1,0,2.099999905,0,0,1,2
160333251625100,2,1,1,200,1,0,0,0,0,1,0,1.100000024,0,0,1,2
160333251659800,1,1,1,200,1,0,0,0,0,1,0,2.099999905,0,0,1,2
160333267247500,2,1,1,200,1,0,0,0,0,1,0,1.100000024,0,0,1,2
160333267281400,1,1,1,200,1,0,0,0,0,1,0,2.099999905,0,0,1,2
160333282934900,2,1,1,200,1,0,0,0,0,1,0,1.100000024,0,0,1,2
160333282969300,1,1,1,200,1,0,0,0,0,1,0,2.099999905,0,0,1,2
160333298062600,2,1,1,200,1,0,0,0,0,1,0,1.100000024,0,0,1,2
160333298086700,1,1,1,200,1,0,0,0,0,1,0,2.099999905,0,0,1,2
160333313459500,2,1,1,200,1,0,0,0,0,1,0,1.100000024,0,0,1,2
160333313501300,1,1,1,200,1,0,0,0,0,1,0,2.099999905,0,0,1,2
160333328845600,2,1,1,200,1,0,0,0,0,1,0,1.100000024,0,0,1,2
160333329001800,1,1,1,200,1,0,0,0,0,1,0,2.099999905,0,0,1,2
160333344222600,2,1,1,200,1,0,0,0,0,1,0,1.100000024,0,0,1,2
160333344272900,1,1,1,200,1,0,0,0,0,1,0,2.099999905,0,0,1,2
160333359727900,2,1,1,200,1,0,0,0,0,1,0,1.100000024,0,0,1,2
160333359828400,1,1,1,200,1,0,0,0,0,1,0,2.099999905,0,0,1,2
160333375149300,2,1,1,200,1,0,0,0,0,1,0,1.100000024,0,0,1,2
160333375243000,1,1,1,200,1,0,0,0,0,1,0,2.099999905,0,0,1,2
160333390410900,2,1,1,200,1,0,0,0,0,1,0,1.100000024,0,0,1,2
160333390438300,1,1,1,200,1,0,0,0,0,1,0,2.099999905,0,0,1,2
160333406575800,2,1,1,200,1,0,0,0,0,1,0,1.100000024,0,0,1,2
160333406606100,1,1,1,200,1,0,0,0,0,1,0,2.099999905,0,0,1,2
160333422648300,2,1,1,200,1,0,0,0,0,1,0,1.100000024,0,0,1,2
160333422678700,1,1,1,200,1,0,0,0,0,1,0,2.099999905,0,0,1,2
160333438183000,2,1,1,200,1,0,0,0,0,1,0,1.100000024,0,0,1,2
160333438208700,1,1,1,200,1,0,0,0,0,1,0,2.099999905,0,0,1,2
160333454173100,2,1,1,200,1,0,0,0,0,1,0,1.100000024,0,0,1,2
160333454285200,1,1,1,200,1,0,0,0,0,1,0,2.099999905,0,0,1,2
160333469644200,2,1,1,200,1,0,0,0,0,1,0,1.100000024,0,0,1,2
160333469711200,1,1,1,200,1,0,0,0,0,1,0,2.099999905,0,0,1,2
160333485255600,2,1,1,200,1,0,0,0,0,1,0,1.100000024,0,0,1,2
160333485294900,1,1,1,200,1,0,0,0,0,1,0,2.099999905,0,0,1,2
160333500356100,2,1,1,200,1,0,0,0,0,1,0,1.100000024,0,0,1,2
160333500406800,1,1,1,200,1,0,0,0,0,1,0,2.099999905,0,0,1,2
160333516663900,2,1,1,200,1,0,0,0,0,1,0,1.100000024,0,0,1,2
160333516726600,1,1,1,200,1,0,0,0,0,1,0,2.099999905,0,0,1,2
160333532678300,2,1,1,200,1,0,0,0,0,1,0,1.100000024,0,0,1,2
160333532734700,1,1,1,200,1,0,0,0,0,1,0,2.099999905,0,0,1,2
160333548087000,2,1,1,200,1,0,0,0,0,1,0,1.100000024,0,0,1,2
160333548132400,1,1,1,200,1,0,0,0,0,1,0,2.099999905,0,0,1,2
160333563399800,2,1,1,200,1,0,0,0,0,1,0,1.100000024,0,0,1,2
160333563427500,1,1,1,200,1,0,0,0,0,1,0,2.099999905,0,0,1,2
160333578973900,2,1,1,200,1,0,0,0,0,1,0,1.100000024,0,0,1,2
160333579042100,1,1,1,200,1,0,0,0,0,1,0,2.099999905,0,0,1,2
160333595066100,2,1,1,200,1,0,0,0,0,1,0,1.100000024,0,0,1,2
160333595110800,1,1,1,200,1,0,0,0,0,1,0,2.099999905,0,0,1,2
160333610850400,2,1,1,200,1,0,0,0,0,1,0,1.100000024,0,0,1,2
160333610931900,1,1,1,200,1,0,0,0,0,1,0,2.099999905,0,0,1,2
160333626690100,2,1,1,200,1,0,0,0,0,1,0,1.100000024,0,0,1,2
160333626743800,1,1,1,200,1,0,0,0,0,1,0,2.099999905,0,0,1,2
160333641865000,2,1,1,200,1,0,0,0,0,1,0,1.100000024,0,0,1,2
160333641908400,1,1,1,200,1,0,0,0,0,1,0,2.099999905,0,0,1,2
160333657404100,2,1,1,200,1,0,0,0,0,1,0,1.100000024,0,0,1,2
160333657475400,1,1,1,200,1,0,0,0,0,1,0,2.099999905,0,0,1,2
160333672917400,2,1,1,200,1,0,0,0,0,1,0,1.100000024,0,0,1,2
160333672946700,1,1,1,200,1,0,0,0,0,1,0,2.099999905,0,0,1,2
160333688247900,2,1,1,200,1,0,0,0,0,1,0,1.100000024,0,0,1,2
160333688280300,1,1,1,200,1,0,0,0,0,1,0,2.099999905,0,0,1,2
160333703591800,2,1,1,200,1,0,0,0,0,1,0,1.100000024,0,0,1,2
160333703652400,1,1,1,200,1,0,0,0,0,1,0,2.099999905,0,0,1,2
160333718764700,2,1,1,200,1,0,0,0,0,1,0,1.100000024,0,0,1,2
160333718829600,1,1,1,200,1,0,0,0,0,1,0,2.099999905,0,0,1,2
160333733901600,2,1,1,200,1,0,0,0,0,1,0,1.100000024,0,0,1,2
160333733937300,1,1,1,200,1,0,0,0,0,1,0,2.099999905,0,0,1,2
160333749267000,2,1,1,200,1,0,0,0,0,1,0,1.100000024,0,0,1,2
160333749364000,1,1,1,200,1,0,0,0,0,1,0,2.099999905,0,0,1,2
160333764808800,2,1,1,200,1,0,0,0,0,1,0,1.100000024,0,0,1,2
160333764890800,1,1,1,200,1,0,0,0,0,1,0,2.099999905,0,0,1,2
160333780362000,2,1,1,200,1,0,0,0,0,1,0,1.100000024,0,0,1,2
160333780391500,1,1,1,200,1,0,0,0,0,1,0,2.099999905,0,0,1,2
160333796404900,2,1,1,200,1,0,0,0,0,1,0,1.100000024,0,0,1,2
160333796459900,1,1,1,200,1,0,0,0,0,1,0,2.099999905,0,0,1,2
160333811878200,2,1,1,200,1,0,0,0,0,1,0,1.100000024,0,0,1,2
160333811909600,1,1,1,200,1,0,0,0,0,1,0,2.099999905,0,0,1,2
160333827473800,2,1,1,200,1,0,0,0,0,1,0,1.100000024,0,0,1,2
160333827511000,1,1,1,200,1,0,0,0,0,1,0,2.099999905,0,0,1,2
160333843111300,2,1,1,200,1,0,0,0,0,1,0,1.100000024,0,0,1,2
160333843155400,1,1,1,200,1,0,0,0,0,1,0,2.099999905,0,0,1,2
160333858488700,2,1,1,200,1,0,0,0,0,1,0,1.100000024,0,0,1,2
160333858589800,1,1,1,200,1,0,0,0,0,1,0,2.099999905,0,0,1,2
160333873835800,2,1,1,200,1,0,0,0,0,1,0,1.100000024,0,0,1,2
160333873895800,1,1,1,200,1,0,0,0,0,1,0,2.099999905,0,0,1,2
160333889388700,2,1,1,200,1,0,0,0,0,1,0,1.100000024,0,0,1,2
160333889420600,1,1,1,200,1,0,0,0,0,1,0,2.099999905,0,0,1,2
160333904682000,2,1,1,200,1,0,0,0,0,1,0,1.100000024,0,0,1,2
160333904768100,1,1,1,200,1,0,0,0,0,1,0,2.099999905,0,0,1,2
160333920709700,2,1,1,200,1,0,0,0,0,1,0,1.100000024,0,0,1,2
160333920740900,1,1,1,200,1,0,0,0,0,1,0,2.099999905,0,0,1,2
160333936302500,2,1,1,200,1,0,0,0,0,1,0,1.100000024,0,0,1,2
160333936335000,1,1,1,200,1,0,0,0,0,1,0,2.099999905,0,0,1,2
160333951844100,2,1,1,200,1,0,0,0,0,1,0,1.100000024,0,0,1,2
160333951875700,1,1,1,200,1,0,0,0,0,1,0,2.099999905,0,0,1,2
160333967401300,2,1,1,200,1,0,0,0,0,1,0,1.100000024,0,0,1,2
160333967441600,1,1,1,200,1,0,0,0,0,1,0,2.099999905,0,0,1,2
160333983051900,2,1,1,200,1,0,0,0,0,1,0,1.100000024,0,0,1,2
160333983096700,1,1,1,200,1,0,0,0,0,1,0,2.099999905,0,0,1,2
160333998541000,2,1,1,200,1,0,0,0,0,1,0,1.100000024,0,0,1,2
160333998576700,1,1,1,200,1,0,0,0,0,1,0,2.099999905,0,0,1,2
160334014037700,2,1,1,200,1,0,0,0,0,1,0,1.100000024,0,0,1,2
160334014067100,1,1,1,200,1,0,0,0,0,1,0,2.099999905,0,0,1,2
160334029191200,2,1,1,200,1,0,0,0,0,1,0,1.100000024,0,0,1,2
160334029223800,1,1,1,200,1,0,0,0,0,1,0,2.099999905,0,0,1,2
160334044792400,2,1,1,200,1,0,0,0,0,1,0,0.8999999762,0,0,1,2
160334044828000,1,1,1,200,1,0,0,0,0,1,0,1.899999976,0,0,1,2
160334060442800,2,1,1,200,1,0,0,0,0,1,0,0.8999999762,0,0,1,2
160334060485900,1,1,1,200,1,0,0,0,0,1,0,1.899999976,0,0,1,2
160334076524400,2,1,1,200,1,0,0,0,0,1,0,0.8999999762,0,0,1,2
160334076572200,1,1,1,200,1,0,0,0,0,1,0,1.899999976,0,0,1,2
160334091582100,2,1,1,200,1,0,0,0,0,1,0,0.8999999762,0,0,1,2
160334091672200,1,1,1,200,1,0,0,0,0,1,0,1.899999976,0,0,1,2
160334107283900,2,1,1,200,1,0,0,0,0,1,0,0.8999999762,0,0,1,2
160334107322800,1,1,1,200,1,0,0,0,0,1,0,1.899999976,0,0,1,2
160334122754400,2,1,1,200,1,0,0,0,0,1,0,0.8999999762,0,0,1,2
160334122783900,1,1,1,200,1,0,0,0,0,1,0,1.899999976,0,0,1,2
160334138979700,2,1,1,200,1,0,0,0,0,1,0,0.8999999762,0,0,1,2
160334139021900,1,1,1,200,1,0,0,0,0,1,0,1.899999976,0,0,1,2
160334154346500,2,1,1,200,1,0,0,0,0,1,0,0.8999999762,0,0,1,2
160334154370300,1,1,1,200,1,0,0,0,0,1,0,1.899999976,0,0,1,2
160334170031400,2,1,1,200,1,0,0,0,0,1,0,0.8999999762,0,0,1,2
160334170079000,1,1,1,200,1,0,0,0,0,1,0,1.899999976,0,0,1,2
160334185492500,2,1,1,200,1,0,0,0,0,1,0,0.8999999762,0,0,1,2
160334185516700,1,1,1,200,1,0,0,0,0,1,0,1.899999976,0,0,1,2
160334201201200,2,1,1,200,1,0,0,0,0,1,0,0.8999999762,0,0,1,2
160334201230400,1,1,1,200,1,0,0,0,0,1,0,1.899999976,0,0,1,2
160334216706600,2,1,1,200,1,0,0,0,0,1,0,0.8999999762,0,0,1,2
160334216826300,1,1,1,200,1,0,0,0,0,1,0,1.899999976,0,0,1,2
160334232726300,2,1,1,200,1,0,0,0,0,1,0,0.8999999762,0,0,1,2
160334232749600,1,1,1,200,1,0,0,0,0,1,0,1.899999976,0,0,1,2
160334248068000,2,1,1,200,1,0,0,0,0,1,0,0.8999999762,0,0,1,2
160334248140000,1,1,1,200,1,0,0,0,0,1,0,1.899999976,0,0,1,2
160334263582700,2,1,1,200,1,0,0,0,0,1,0,0.8999999762,0,0,1,2
160334263613200,1,1,1,200,1,0,0,0,0,1,0,1.899999976,0,0,1,2
160334279205000,2,1,1,200,1,0,0,0,0,1,0,0.8999999762,0,0,1,2
160334279241900,1,1,1,200,1,0,0,0,0,1,0,1.899999976,0,0,1,2
160334294449900,2,1,1,200,1,0,0,0,0,1,0,0.8999999762,0,0,1,2
160334294503000,1,1,1,200,1,0,0,0,0,1,0,1.899999976,0,0,1,2
160334310102900,2,1,1,200,1,0,0,0,0,1,0,0.8999999762,0,0,1,2
160334310154000,1,1,1,200,1,0,0,0,0,1,0,1.899999976,0,0,1,2
160334325151600,2,1,1,200,1,0,0,0,0,1,0,0.8999999762,0,0,1,2
160334325180700,1,1,1,200,1,0,0,0,0,1,0,1.899999976,0,0,1,2
160334340759000,2,1,1,200,1,0,0,0,0,1,0,0.8999999762,0,0,1,2
160334340814300,1,1,1,200,1,0,0,0,0,1,0,1.899999976,0,0,1,2
160334356565200,2,1,1,200,1,0,0,0,0,1,0,0.8999999762,0,0,1,2
160334356593800,1,1,1,200,1,0,0,0,0,1,0,1.899999976,0,0,1,2
160334371786700,2,1,1,200,1,0,0,0,0,1,0,0.8999999762,0,0,1,2
160334371815900,1,1,1,200,1,0,0,0,0,1,0,1.899999976,0,0,1,2
160334387925500,2,1,1,200,1,0,0,0,0,1,0,0.8999999762,0,0,1,2
160334387985300,1,1,1,200,1,0,0,0,0,1,0,1.899999976,0,0,1,2
160334403604700,2,1,1,200,1,0,0,0,0,1,0,0.8999999762,0,0,1,2
160334403654000,1,1,1,200,1,0,0,0,0,1,0,1.899999976,0,0,1,2
160334418786200,2,1,1,200,1,0,0,0,0,1,0,0.8999999762,0,0,1,2
160334418828400,1,1,1,200,1,0,0,0,0,1,0,1.899999976,0,0,1,2
160334434309400,2,1,1,200,1,0,0,0,0,1,0,0.8999999762,0,0,1,2
160334434403900,1,1,1,200,1,0,0,0,0,1,0,1.899999976,0,0,1,2
160334449955900,2,1,1,200,1,0,0,0,0,1,0,0.8999999762,0,0,1,2
160334450074300,1,1,1,200,1,0,0,0,0,1,0,1.899999976,0,0,1,2
160334465538700,2,1,1,200,1,0,0,0,0,1,0,0.8999999762,0,0,1,2
160334465579400,1,1,1,200,1,0,0,0,0,1,0,1.899999976,0,0,1,2
160334480720400,2,1,1,200,1,0,0,0,0,1,0,0.8999999762,0,0,1,2
160334480856400,1,1,1,200,1,0,0,0,0,1,0,1.899999976,0,0,1,2
160334496168900,2,1,1,200,1,0,0,0,0,1,0,0.8999999762,0,0,1,2
160334496255100,1,1,1,200,1,0,0,0,0,1,0,1.899999976,0,0,1,2
160334511703600,2,1,1,200,1,0,0,0,0,1,0,0.8999999762,0,0,1,2
160334511753800,1,1,1,200,1,0,0,0,0,1,0,1.899999976,0,0,1,2
160334527672400,2,1,1,200,1,0,0,0,0,1,0,0.8999999762,0,0,1,2
160334527728000,1,1,1,200,1,0,0,0,0,1,0,1.899999976,0,0,1,2
160334543168000,2,1,1,200,1,0,0,0,0,1,0,0.8999999762,0,0,1,2
160334543210200,1,1,1,200,1,0,0,0,0,1,0,1.899999976,0,0,1,2
160334558232700,2,1,1,200,1,0,0,0,0,1,0,0.8999999762,0,0,1,2
160334558260400,1,1,1,200,1,0,0,0,0,1,0,1.899999976,0,0,1,2
160334573825900,2,1,1,200,1,0,0,0,0,1,0,0.8999999762,0,0,1,2
160334573853500,1,1,1,200,1,0,0,0,0,1,0,1.899999976,0,0,1,2
160334589841900,2,1,1,200,1,0,0,0,0,1,0,0.8999999762,0,0,1,2
160334590014500,1,1,1,200,1,0,0,0,0,1,0,1.899999976,0,0,1,2
160334605086000,2,1,1,200,1,0,0,0,0,1,0,0.8999999762,0,0,1,2
160334605119600,1,1,1,200,1,0,0,0,0,1,0,1.899999976,0,0,1,2
160334621350600,2,1,1,200,1,0,0,0,0,1,0,0.8999999762,0,0,1,2
160334621378400,1,1,1,200,1,0,0,0,0,1,0,1.899999976,0,0,1,2
160334636664700,2,1,1,200,1,0,0,0,0,1,0,0.8999999762,0,0,1,2
160334636720400,1,1,1,200,1,0,0,0,0,1,0,1.899999976,0,0,1,2
160334652628300,2,1,1,200,1,0,0,0,0,1,0,0.8999999762,0,0,1,2
160334652656000,1,1,1,200,1,0,0,0,0,1,0,1.899999976,0,0,1,2
160334668247400,2,1,1,200,1,0,0,0,0,1,0,0.8999999762,0,0,1,2
160334668290600,1,1,1,200,1,0,0,0,0,1,0,1.899999976,0,0,1,2
160334683802300,2,1,1,200,1,0,0,0,0,1,0,0.8999999762,0,0,1,2
160334683866900,1,1,1,200,1,0,0,0,0,1,0,1.899999976,0,0,1,2
160334699340600,2,1,1,200,1,0,0,0,0,1,0,0.8999999762,0,0,1,2
160334699429800,1,1,1,200,1,0,0,0,0,1,0,1.899999976,0,0,1,2
160334714757300,2,1,1,200,1,0,0,0,0,1,0,0.8999999762,0,0,1,2
160334714787100,1,1,1,200,1,0,0,0,0,1,0,1.899999976,0,0,1,2
160334730350500,2,1,1,200,1,0,0,0,0,1,0,0.8999999762,0,0,1,2
160334730383500,1,1,1,200,1,0,0,0,0,1,0,1.899999976,0,0,1,2
160334745777500,2,1,1,200,1,0,0,0,0,1,0,0.8999999762,0,0,1,2
160334745820200,1,1,1,200,1,0,0,0,0,1,0,1.899999976,0,0,1,2
160334761296200,2,1,1,200,1,0,0,0,0,1,0,0.8999999762,0,0,1,2
160334761356800,1,1,1,200,1,0,0,0,0,1,0,1.899999976,0,0,1,2
160334776644500,2,1,1,200,1,0,0,0,0,1,0,0.8999999762,0,0,1,2
160334776691400,1,1,1,200,1,0,0,0,0,1,0,1.899999976,0,0,1,2
160334792540800,2,1,1,200,1,0,0,0,0,1,0,0.8999999762,0,0,1,2
160334792622100,1,1,1,200,1,0,0,0,0,1,0,1.899999976,0,0,1,2
160334808128500,2,1,1,200,1,0,0,0,0,1,0,0.8999999762,0,0,1,2
160334808173200,1,1,1,200,1,0,0,0,0,1,0,1.899999976,0,0,1,2
160334823722100,2,1,1,200,1,0,0,0,0,1,0,0.8999999762,0,0,1,2
160334823820700,1,1,1,200,1,0,0,0,0,1,0,1.899999976,0,0,1,2
160334839369300,2,1,1,200,1,0,0,0,0,1,0,0.8999999762,0,0,1,2
160334839429300,1,1,1,200,1,0,0,0,0,1,0,1.899999976,0,0,1,2
160334854559700,2,1,1,200,1,0,0,0,0,1,0,0.8999999762,0,0,1,2
160334854597700,1,1,1,200,1,0,0,0,0,1,0,1.899999976,0,0,1,2
160334869983700,2,1,1,200,1,0,0,0,0,1,0,0.8999999762,0,0,1,2
160334870040300,1,1,1,200,1,0,0,0,0,1,0,1.899999976,0,0,1,2
160334885145600,2,1,1,200,1,0,0,0,0,1,0,0.8999999762,0,0,1,2
160334885179400,1,1,1,200,1,0,0,0,0,1,0,1.899999976,0,0,1,2
160334900633000,2,1,1,200,1,0,0,0,0,1,0,0.8999999762,0,0,1,2
160334900661800,1,1,1,200,1,0,0,0,0,1,0,1.899999976,0,0,1,2
160334916274600,2,1,1,200,1,0,0,0,0,1,0,0.8999999762,0,0,1,2
160334916342500,1,1,1,200,1,0,0,0,0,1,0,1.899999976,0,0,1,2
160334931796700,2,1,1,200,1,0,0,0,0,1,0,0.8999999762,0,0,1,2
160334931906500,1,1,1,200,1,0,0,0,0,1,0,1.899999976,0,0,1,2
160334947485300,2,1,1,200,1,0,0,0,0,1,0,0.8999999762,0,0,1,2
160334947528700,1,1,1,200,1,0,0,0,0,1,0,1.899999976,0,0,1,2
160334962941900,2,1,1,200,1,0,0,0,0,1,0,0.8999999762,0,0,1,2
160334963080400,1,1,1,200,1,0,0,0,0,1,0,1.899999976,0,0,1,2
160334978493600,2,1,1,200,1,0,0,0,0,1,0,0.8999999762,0,0,1,2
160334978523700,1,1,1,200,1,0,0,0,0,1,0,1.899999976,0,0,1,2
160334994088700,2,1,1,200,1,0,0,0,0,1,0,0.8999999762,0,0,1,2
160334994122100,1,1,1,200,1,0,0,0,0,1,0,1.899999976,0,0,1,2
160335009636900,2,1,1,200,1,0,0,0,0,1,0,0.8999999762,0,0,1,2
160335009701100,1,1,1,200,1,0,0,0,0,1,0,1.899999976,0,0,1,2
160335025627900,2,1,1,200,1,0,0,0,0,1,0,0.8999999762,0,0,1,2
160335025656500,1,1,1,200,1,0,0,0,0,1,0,1.899999976,0,0,1,2
160335041697700,2,1,1,200,1,0,0,0,0,1,0,0.8999999762,0,0,1,2
160335041728200,1,1,1,200,1,0,0,0,0,1,0,1.899999976,0,0,1,2
160335056932800,2,1,1,200,1,0,0,0,0,1,0,1,0,0,1,2.099999905
160335057052300,1,1,1,200,1,0,0,0,0,1,0,2,0,0,1,2.099999905
160335072676200,2,1,1,200,1,0,0,0,0,1,0,1,0,0,1,2.099999905
160335072785300,1,1,1,200,1,0,0,0,0,1,0,2,0,0,1,2.099999905
160335088192000,2,1,1,200,1,0,0,0,0,1,0,1,0,0,1,2.099999905
160335088227100,1,1,1,200,1,0,0,0,0,1,0,2,0,0,1,2.099999905
160335103791800,2,1,1,200,1,0,0,0,0,1,0,1,0,0,1,2.099999905
160335103832900,1,1,1,200,1,0,0,0,0,1,0,2,0,0,1,2.099999905
160335118894300,2,1,1,200,1,0,0,0,0,1,0,1,0,0,1,2.099999905
160335118934400,1,1,1,200,1,0,0,0,0,1,0,2,0,0,1,2.099999905
160335134467200,2,1,1,200,1,0,0,0,0,1,0,1,0,0,1,2.099999905
160335134536700,1,1,1,200,1,0,0,0,0,1,0,2,0,0,1,2.099999905
160335149755300,2,1,1,200,1,0,0,0,0,1,0,1,0,0,1,2.099999905
160335149791800,1,1,1,200,1,0,0,0,0,1,0,2,0,0,1,2.099999905
160335165291800,2,1,1,200,1,0,0,0,0,1,0,1,0,0,1,2.099999905
160335165361200,1,1,1,200,1,0,0,0,0,1,0,2,0,0,1,2.099999905
160335180837000,2,1,1,200,1,0,0,0,0,1,0,1,0,0,1,2.099999905
160335180867300,1,1,1,200,1,0,0,0,0,1,0,2,0,0,1,2.099999905
160335196518400,2,1,1,200,1,0,0,0,0,1,0,1,0,0,1,2.099999905
160335196559900,1,1,1,200,1,0,0,0,0,1,0,2,0,0,1,2.099999905
160335211826500,2,1,1,200,1,0,0,0,0,1,0,1,0,0,1,2.099999905
160335211870700,1,1,1,200,1,0,0,0,0,1,0,2,0,0,1,2.099999905
160335227462700,2,1,1,200,1,0,0,0,0,1,0,1,0,0,1,2.099999905
160335227492500,1,1,1,200,1,0,0,0,0,1,0,2,0,0,1,2.099999905
160335243052000,2,1,1,200,1,0,0,0,0,1,0,1,0,0,1,2.099999905
160335243098300,1,1,1,200,1,0,0,0,0,1,0,2,0,0,1,2.099999905
160335258737000,2,1,1,200,1,0,0,0,0,1,0,1,0,0,1,2.099999905
160335258778000,1,1,1,200,1,0,0,0,0,1,0,2,0,0,1,2.099999905
160335274110000,2,1,1,200,1,0,0,0,0,1,0,1,0,0,1,2.099999905
160335274145400,1,1,1,200,1,0,0,0,0,1,0,2,0,0,1,2.099999905
160335290163300,2,1,1,200,1,0,0,0,0,1,0,1,0,0,1,2.099999905
160335290210700,1,1,1,200,1,0,0,0,0,1,0,2,0,0,1,2.099999905
160335305541200,2,1,1,200,1,0,0,0,0,1,0,1,0,0,1,2.099999905
160335305581200,1,1,1,200,1,0,0,0,0,1,0,2,0,0,1,2.099999905
160335320614200,2,1,1,200,1,0,0,0,0,1,0,1,0,0,1,2.099999905
160335320643300,1,1,1,200,1,0,0,0,0,1,0,2,0,0,1,2.099999905
160335336596600,2,1,1,200,1,0,0,0,0,1,0,1,0,0,1,2.099999905
160335336627800,1,1,1,200,1,0,0,0,0,1,0,2,0,0,1,2.099999905
160335352445500,2,1,1,200,1,0,0,0,0,1,0,1,0,0,1,2.099999905
160335352505000,1,1,1,200,1,0,0,0,0,1,0,2,0,0,1,2.099999905
160335368117900,2,1,1,200,1,0,0,0,0,1,0,1,0,0,1,2.099999905
160335368169800,1,1,1,200,1,0,0,0,0,1,0,2,0,0,1,2.099999905
160335383581900,2,1,1,200,1,0,0,0,0,1,0,1,0,0,1,2.099999905
160335383713400,1,1,1,200,1,0,0,0,0,1,0,2,0,0,1,2.099999905
160335399258800,2,1,1,200,1,0,0,0,0,1,0,1,0,0,1,2.099999905
160335399287500,1,1,1,200,1,0,0,0,0,1,0,2,0,0,1,2.099999905
160335414956000,2,1,1,200,1,0,0,0,0,1,0,1,0,0,1,2.099999905
160335414999300,1,1,1,200,1,0,0,0,0,1,0,2,0,0,1,2.099999905
160335430319300,2,1,1,200,1,0,0,0,0,1,0,1,0,0,1,2.099999905
160335430403600,1,1,1,200,1,0,0,0,0,1,0,2,0,0,1,2.099999905
160335445864800,2,1,1,200,1,0,0,0,0,1,0,1,0,0,1,2.099999905
160335445894800,1,1,1,200,1,0,0,0,0,1,0,2,0,0,1,2.099999905
160335461515000,2,1,1,200,1,0,0,0,0,1,0,1,0,0,1,2.099999905
160335461561100,1,1,1,200,1,0,0,0,0,1,0,2,0,0,1,2.099999905
160335477085600,2,1,1,200,1,0,0,0,0,1,0,1,0,0,1,2.099999905
160335477134800,1,1,1,200,1,0,0,0,0,1,0,2,0,0,1,2.099999905
160335492476800,2,1,1,200,1,0,0,0,0,1,0,1,0,0,1,2.099999905
160335492619100,1,1,1,200,1,0,0,0,0,1,0,2,0,0,1,2.099999905
160335508096700,2,1,1,200,1,0,0,0,0,1,0,1,0,0,1,2.099999905
160335508155300,1,1,1,200,1,0,0,0,0,1,0,2,0,0,1,2.099999905
160335523719800,2,1,1,200,1,0,0,0,0,1,0,1,0,0,1,2.099999905
160335523762700,1,1,1,200,1,0,0,0,0,1,0,2,0,0,1,2.099999905
160335539243100,2,1,1,200,1,0,0,0,0,1,0,1,0,0,1,2.099999905
160335539269200,1,1,1,200,1,0,0,0,0,1,0,2,0,0,1,2.099999905
160335554859800,2,1,1,200,1,0,0,0,0,1,0,1,0,0,1,2.099999905
160335554900600,1,1,1,200,1,0,0,0,0,1,0,2,0,0,1,2.099999905
160335570320900,2,1,1,200,1,0,0,0,0,1,0,1,0,0,1,2.099999905
160335570407100,1,1,1,200,1,0,0,0,0,1,0,2,0,0,1,2.099999905
160335585712500,2,1,1,200,1,0,0,0,0,1,0,1,0,0,1,2.099999905
160335585750800,1,1,1,200,1,0,0,0,0,1,0,2,0,0,1,2.099999905
160335601198700,2,1,1,200,1,0,0,0,0,1,0,1,0,0,1,2.099999905
160335601293400,1,1,1,200,1,0,0,0,0,1,0,2,0,0,1,2.099999905
160335616577500,2,1,1,200,1,0,0,0,0,1,0,1,0,0,1,2.099999905
160335616693500,1,1,1,200,1,0,0,0,0,1,0,2,0,0,1,2.099999905
160335632939400,2,1,1,200,1,0,0,0,0,1,0,1,0,0,1,2.099999905
160335632971000,1,1,1,200,1,0,0,0,0,1,0,2,0,0,1,2.099999905
160335648821800,2,1,1,200,1,0,0,0,0,1,0,1,0,0,1,2.099999905
160335648853800,1,1,1,200,1,0,0,0,0,1,0,2,0,0,1,2.099999905
160335664085700,2,1,1,200,1,0,0,0,0,1,0,1,0,0,1,2.099999905
160335664207000,1,1,1,200,1,0,0,0,0,1,0,2,0,0,1,2.099999905
160335679736500,2,1,1,200,1,0,0,0,0,1,0,1,0,0,1,2.099999905
160335679776600,1,1,1,200,1,0,0,0,0,1,0,2,0,0,1,2.099999905
160335695379300,2,1,1,200,1,0,0,0,0,1,0,1,0,0,1,2.099999905
160335695419800,1,1,1,200,1,0,0,0,0,1,0,2,0,0,1,2.099999905
160335711013300,2,1,1,200,1,0,0,0,0,1,0,1,0,0,1,2.099999905
160335711055600,1,1,1,200,1,0,0,0,0,1,0,2,0,0,1,2.099999905
160335726547500,2,1,1,200,1,0,0,0,0,1,0,1,0,0,1,2.099999905
160335726583900,1,1,1,200,1,0,0,0,0,1,0,2,0,0,1,2.099999905
160335741854300,2,1,1,200,1,0,0,0,0,1,0,1,0,0,1,2.099999905
160335741886500,1,1,1,200,1,0,0,0,0,1,0,2,0,0,1,2.099999905
160335757430300,2,1,1,200,1,0,0,0,0,1,0,1,0,0,1,2.099999905
160335757468100,1,1,1,200,1,0,0,0,0,1,0,2,0,0,1,2.099999905
160335772682500,2,1,1,200,1,0,0,0,0,1,0,1,0,0,1,2.099999905
160335772721600,1,1,1,200,1,0,0,0,0,1,0,2,0,0,1,2.099999905
160335787952400,2,1,1,200,1,0,0,0,0,1,0,1,0,0,1,2.099999905
160335787990700,1,1,1,200,1,0,0,0,0,1,0,2,0,0,1,2.099999905
160335803442700,2,1,1,200,1,0,0,0,0,1,0,1,0,0,1,2.099999905
160335803476700,1,1,1,200,1,0,0,0,0,1,0,2,0,0,1,2.099999905
160335818720200,2,1,1,200,1,0,0,0,0,1,0,1,0,0,1,2.099999905
160335818756500,1,1,1,200,1,0,0,0,0,1,0,2,0,0,1,2.099999905
160335834224000,2,1,1,200,1,0,0,0,0,1,0,1,0,0,1,2.099999905
160335834255500,1,1,1,200,1,0,0,0,0,1,0,2,0,0,1,2.099999905
160335849499300,2,1,1,200,1,0,0,0,0,1,0,1,0,0,1,2.099999905
160335849543300,1,1,1,200,1,0,0,0,0,1,0,2,0,0,1,2.099999905
160335865218300,2,1,1,200,1,0,0,0,0,1,0,1,0,0,1,2.099999905
160335865326400,1,1,1,200,1,0,0,0,0,1,0,2,0,0,1,2.099999905
160335880877200,2,1,1,200,1,0,0,0,0,1,0,1,0,0,1,2.099999905
160335880922000,1,1,1,200,1,0,0,0,0,1,0,2,0,0,1,2.099999905
160335896327700,2,1,1,200,1,0,0,0,0,1,0,1,0,0,1,2.099999905
160335896365000,1,1,1,200,1,0,0,0,0,1,0,2,0,0,1,2.099999905
160335911669600,2,1,1,200,1,0,0,0,0,1,0,1,0,0,1,2.099999905
160335911714000,1,1,1,200,1,0,0,0,0,1,0,2,0,0,1,2.099999905
160335927319400,2,1,1,200,1,0,0,0,0,1,0,1,0,0,1,2.099999905
160335927363900,1,1,1,200,1,0,0,0,0,1,0,2,0,0,1,2.099999905
160335942687200,2,1,1,200,1,0,0,0,0,1,0,1,0,0,1,2.099999905
160335942726000,1,1,1,200,1,0,0,0,0,1,0,2,0,0,1,2.099999905
160335958245500,2,1,1,200,1,0,0,0,0,1,0,1,0,0,1,2.099999905
160335958287500,1,1,1,200,1,0,0,0,0,1,0,2,0,0,1,2.099999905
160335973931900,2,1,1,200,1,0,0,0,0,1,0,1,0,0,1,2.099999905
160335973973800,1,1,1,200,1,0,0,0,0,1,0,2,0,0,1,2.099999905
160335989711400,2,1,1,200,1,0,0,0,0,1,0,1,0,0,1,2.099999905
160335989754200,1,1,1,200,1,0,0,0,0,1,0,2,0,0,1,2.099999905
160336004951200,2,1,1,200,1,0,0,0,0,1,0,1,0,0,1,2.099999905
160336005086700,1,1,1,200,1,0,0,0,0,1,0,2,0,0,1,2.099999905
160336020434200,2,1,1,200,1,0,0,0,0,1,0,1,0,0,1,2.099999905
160336020700400,1,1,1,200,1,0,0,0,0,1,0,2,0,0,1,2.099999905
160336036178700,2,1,1,200,1,0,0,0,0,1,0,1,0,0,1,2.099999905
160336036224700,1,1,1,200,1,0,0,0,0,1,0,2,0,0,1,2.099999905
160336051699100,2,1,1,200,1,0,0,0,0,1,0,1,0,0,1,2.099999905
160336051750700,1,1,1,200,1,0,0,0,0,1,0,2,0,0,1,2.099999905
160336067187700,2,1,1,200,1,0,0,0,0,1,0,1,0,0,1,1.899999976
160336067227500,1,1,1,200,1,0,0,0,0,1,0,2,0,0,1,1.899999976
160336082915800,2,1,1,200,1,0,0,0,0,1,0,1,0,0,1,1.899999976
160336082955400,1,1,1,200,1,0,0,0,0,1,0,2,0,0,1,1.899999976
160336098275900,2,1,1,200,1,0,0,0,0,1,0,1,0,0,1,1.899999976
160336098389300,1,1,1,200,1,0,0,0,0,1,0,2,0,0,1,1.899999976
160336113890800,2,1,1,200,1,0,0,0,0,1,0,1,0,0,1,1.899999976
160336113935500,1,1,1,200,1,0,0,0,0,1,0,2,0,0,1,1.899999976
160336129575300,2,1,1,200,1,0,0,0,0,1,0,1,0,0,1,1.899999976
160336129619200,1,1,1,200,1,0,0,0,0,1,0,2,0,0,1,1.899999976
160336145439000,2,1,1,200,1,0,0,0,0,1,0,1,0,0,1,1.899999976
160336145510000,1,1,1,200,1,0,0,0,0,1,0,2,0,0,1,1.899999976
160336160636200,2,1,1,200,1,0,0,0,0,1,0,1,0,0,1,1.899999976
160336160680000,1,1,1,200,1,0,0,0,0,1,0,2,0,0,1,1.899999976
160336176171900,2,1,1,200,1,0,0,0,0,1,0,1,0,0,1,1.899999976
160336176223500,1,1,1,200,1,0,0,0,0,1,0,2,0,0,1,1.899999976
160336191234000,2,1,1,200,1,0,0,0,0,1,0,1,0,0,1,1.899999976
160336191268900,1,1,1,200,1,0,0,0,0,1,0,2,0,0,1,1.899999976
160336206730900,2,1,1,200,1,0,0,0,0,1,0,1,0,0,1,1.899999976
160336206807300,1,1,1,200,1,0,0,0,0,1,0,2,0,0,1,1.899999976
160336222245500,2,1,1,200,1,0,0,0,0,1,0,1,0,0,1,1.899999976
160336222329600,1,1,1,200,1,0,0,0,0,1,0,2,0,0,1,1.899999976
160336237810800,2,1,1,200,1,0,0,0,0,1,0,1,0,0,1,1.899999976
160336237856700,1,1,1,200,1,0,0,0,0,1,0,2,0,0,1,1.899999976
160336253055900,2,1,1,200,1,0,0,0,0,1,0,1,0,0,1,1.899999976
160336253107900,1,1,1,200,1,0,0,0,0,1,0,2,0,0,1,1.899999976
160336268253500,2,1,1,200,1,0,0,0,0,1,0,1,0,0,1,1.899999976
160336268303000,1,1,1,200,1,0,0,0,0,1,0,2,0,0,1,1.899999976
160336283895200,2,1,1,200,1,0,0,0,0,1,0,1,0,0,1,1.899999976
160336283927000,1,1,1,200,1,0,0,0,0,1,0,2,0,0,1,1.899999976
160336299267000,2,1,1,200,1,0,0,0,0,1,0,1,0,0,1,1.899999976
160336299314200,1,1,1,200,1,0,0,0,0,1,0,2,0,0,1,1.899999976
160336314753700,2,1,1,200,1,0,0,0,0,1,0,1,0,0,1,1.899999976
160336314794900,1,1,1,200,1,0,0,0,0,1,0,2,0,0,1,1.899999976
160336330215600,2,1,1,200,1,0,0,0,0,1,0,1,0,0,1,1.899999976
160336330266300,1,1,1,200,1,0,0,0,0,1,0,2,0,0,1,1.899999976
160336346266300,2,1,1,200,1,0,0,0,0,1,0,1,0,0,1,1.899999976
160336346305600,1,1,1,200,1,0,0,0,0,1,0,2,0,0,1,1.899999976
160336361673500,2,1,1,200,1,0,0,0,0,1,0,1,0,0,1,1.899999976
160336361723400,1,1,1,200,1,0,0,0,0,1,0,2,0,0,1,1.899999976
160336377428300,2,1,1,200,1,0,0,0,0,1,0,1,0,0,1,1.899999976
160336377488300,1,1,1,200,1,0,0,0,0,1,0,2,0,0,1,1.899999976
160336392971200,2,1,1,200,1,0,0,0,0,1,0,1,0,0,1,1.899999976
160336393020400,1,1,1,200,1,0,0,0,0,1,0,2,0,0,1,1.899999976
160336408279200,2,1,1,200,1,0,0,0,0,1,0,1,0,0,1,1.899999976
160336408320000,1,1,1,200,1,0,0,0,0,1,0,2,0,0,1,1.899999976
160336423805900,2,1,1,200,1,0,0,0,0,1,0,1,0,0,1,1.899999976
160336423844600,1,1,1,200,1,0,0,0,0,1,0,2,0,0,1,1.899999976
160336439069200,2,1,1,200,1,0,0,0,0,1,0,1,0,0,1,1.899999976
160336439107800,1,1,1,200,1,0,0,0,0,1,0,2,0,0,1,1.899999976
160336454706400,2,1,1,200,1,0,0,0,0,1,0,1,0,0,1,1.899999976
160336454744900,1,1,1,200,1,0,0,0,0,1,0,2,0,0,1,1.899999976
160336470042700,2,1,1,200,1,0,0,0,0,1,0,1,0,0,1,1.899999976
160336470084500,1,1,1,200,1,0,0,0,0,1,0,2,0,0,1,1.899999976
160336485499500,2,1,1,200,1,0,0,0,0,1,0,1,0,0,1,1.899999976
160336485539200,1,1,1,200,1,0,0,0,0,1,0,2,0,0,1,1.899999976
160336501131100,2,1,1,200,1,0,0,0,0,1,0,1,0,0,1,1.899999976
160336501167500,1,1,1,200,1,0,0,0,0,1,0,2,0,0,1,1.899999976
160336516708000,2,1,1,200,1,0,0,0,0,1,0,1,0,0,1,1.899999976
160336516758200,1,1,1,200,1,0,0,0,0,1,0,2,0,0,1,1.899999976
160336532804200,2,1,1,200,1,0,0,0,0,1,0,1,0,0,1,1.899999976
160336532847100,1,1,1,200,1,0,0,0,0,1,0,2,0,0,1,1.899999976
160336548337400,2,1,1,200,1,0,0,0,0,1,0,1,0,0,1,1.899999976
160336548373600,1,1,1,200,1,0,0,0,0,1,0,2,0,0,1,1.899999976
160336563461500,2,1,1,200,1,0,0,0,0,1,0,1,0,0,1,1.899999976
160336563500400,1,1,1,200,1,0,0,0,0,1,0,2,0,0,1,1.899999976
160336578738400,2,1,1,200,1,0,0,0,0,1,0,1,0,0,1,1.899999976
160336578783400,1,1,1,200,1,0,0,0,0,1,0,2,0,0,1,1.899999976
160336594318500,2,1,1,200,1,0,0,0,0,1,0,1,0,0,1,1.899999976
160336594358100,1,1,1,200,1,0,0,0,0,1,0,2,0,0,1,1.899999976
160336609993600,2,1,1,200,1,0,0,0,0,1,0,1,0,0,1,1.899999976
160336610040200,1,1,1,200,1,0,0,0,0,1,0,2,0,0,1,1.899999976
160336625262900,2,1,1,200,1,0,0,0,0,1,0,1,0,0,1,1.899999976
160336625305600,1,1,1,200,1,0,0,0,0,1,0,2,0,0,1,1.899999976
160336640817800,2,1,1,200,1,0,0,0,0,1,0,1,0,0,1,1.899999976
160336640857000,1,1,1,200,1,0,0,0,0,1,0,2,0,0,1,1.899999976
160336656665700,2,1,1,200,1,0,0,0,0,1,0,1,0,0,1,1.899999976
160336656707000,1,1,1,200,1,0,0,0,0,1,0,2,0,0,1,1.899999976
160336671830200,2,1,1,200,1,0,0,0,0,1,0,1,0,0,1,1.899999976
160336671891100,1,1,1,200,1,0,0,0,0,1,0,2,0,0,1,1.899999976
160336687693800,2,1,1,200,1,0,0,0,0,1,0,1,0,0,1,1.899999976
160336687733100,1,1,1,200,1,0,0,0,0,1,0,2,0,0,1,1.899999976
160336703157700,2,1,1,200,1,0,0,0,0,1,0,1,0,0,1,1.899999976
160336703201200,1,1,1,200,1,0,0,0,0,1,0,2,0,0,1,1.899999976
160336718609800,2,1,1,200,1,0,0,0,0,1,0,1,0,0,1,1.899999976
160336718650100,1,1,1,200,1,0,0,0,0,1,0,2,0,0,1,1.899999976
160336734330900,2,1,1,200,1,0,0,0,0,1,0,1,0,0,1,1.899999976
160336734375200,1,1,1,200,1,0,0,0,0,1,0,2,0,0,1,1.899999976
160336750317200,2,1,1,200,1,0,0,0,0,1,0,1,0,0,1,1.899999976
160336750353100,1,1,1,200,1,0,0,0,0,1,0,2,0,0,1,1.899999976
160336765689900,2,1,1,200,1,0,0,0,0,1,0,1,0,0,1,1.899999976
160336765728900,1,1,1,200,1,0,0,0,0,1,0,2,0,0,1,1.899999976
160336781290500,2,1,1,200,1,0,0,0,0,1,0,1,0,0,1,1.899999976
160336781328600,1,1,1,200,1,0,0,0,0,1,0,2,0,0,1,1.899999976
160336796825700,2,1,1,200,1,0,0,0,0,1,0,1,0,0,1,1.899999976
160336796868300,1,1,1,200,1,0,0,0,0,1,0,2,0,0,1,1.899999976
160336812879300,2,1,1,200,1,0,0,0,0,1,0,1,0,0,1,1.899999976
160336812920900,1,1,1,200,1,0,0,0,0,1,0,2,0,0,1,1.899999976
160336828187000,2,1,1,200,1,0,0,0,0,1,0,1,0,0,1,1.899999976
160336828230000,1,1,1,200,1,0,0,0,0,1,0,2,0,0,1,1.899999976
160336843618000,2,1,1,200,1,0,0,0,0,1,0,1,0,0,1,1.899999976
160336843689300,1,1,1,200,1,0,0,0,0,1,0,2,0,0,1,1.899999976
160336859190700,2,1,1,200,1,0,0,0,0,1,0,1,0,0,1,1.899999976
160336859230500,1,1,1,200,1,0,0,0,0,1,0,2,0,0,1,1.899999976
160336874334000,2,1,1,200,1,0,0,0,0,1,0,1,0,0,1,1.899999976
160336874373800,1,1,1,200,1,0,0,0,0,1,0,2,0,0,1,1.899999976
160336890029800,2,1,1,200,1,0,0,0,0,1,0,1,0,0,1,1.899999976
160336890068500,1,1,1,200,1,0,0,0,0,1,0,2,0,0,1,1.899999976
160336905587200,2,1,1,200,1,0,0,0,0,1,0,1,0,0,1,1.899999976
160336905630400,1,1,1,200,1,0,0,0,0,1,0,2,0,0,1,1.899999976
160336920727700,2,1,1,200,1,0,0,0,0,1,0,1,0,0,1,1.899999976
160336920766900,1,1,1,200,1,0,0,0,0,1,0,2,0,0,1,1.899999976
160336936312800,2,1,1,200,1,0,0,0,0,1,0,1,0,0,1,1.899999976
160336936354900,1,1,1,200,1,0,0,0,0,1,0,2,0,0,1,1.899999976
160336951612800,2,1,1,200,1,0,0,0,0,1,0,1,0,0,1,1.899999976
160336951649700,1,1,1,200,1,0,0,0,0,1,0,2,0,0,1,1.899999976
160336967200500,2,1,1,200,1,0,0,0,0,1,0,1,0,0,1,1.899999976
160336967240300,1,1,1,200,1,0,0,0,0,1,0,2,0,0,1,1.899999976
160336983044100,2,1,1,200,1,0,0,0,0,1,0,1,0,0,1,1.899999976
160336983124200,1,1,1,200,1,0,0,0,0,1,0,2,0,0,1,1.899999976
160336998326700,2,1,1,200,1,0,0,0,0,1,0,1,0,0,1,1.899999976
160336998364300,1,1,1,200,1,0,0,0,0,1,0,2,0,0,1,1.899999976
160337013976400,2,1,1,200,1,0,0,0,0,1,0,1,0,0,1,1.899999976
160337014015100,1,1,1,200,1,0,0,0,0,1,0,2,0,0,1,1.899999976
160337029709200,2,1,1,200,1,0,0,0,0,1,0,1,0,0,1,1.899999976
160337029740600,1,1,1,200,1,0,0,0,0,1,0,2,0,0,1,1.899999976
160337044989100,2,1,1,200,1,0,0,0,0,1,0,1,0,0,1,1.899999976
160337045075800,1,1,1,200,1,0,0,0,0,1,0,2,0,0,1,1.899999976
160337060287000,2,1,1,200,1,0,0,0,0,1,0,1,0,0,1,1.899999976
160337060326300,1,1,1,200,1,0,0,0,0,1,0,2,0,0,1,1.899999976
160337076237600,2,1,1,200,1,0,0,0,0,0.988771081,-0.1494381279,1,0,0.1494381279,0.988771081,2
160337076330600,1,1,1,200,1,0,0,0,0,0.988771081,-0.1494381279,2,0,0.1494381279,0.988771081,2
160337091594700,2,1,1,200,1,0,0,0,0,0.988771081,-0.1494381279,1,0,0.1494381279,0.988771081,2
160337091632900,1,1,1,200,1,0,0,0,0,0.988771081,-0.1494381279,2,0,0.1494381279,0.988771081,2
160337107123400,2,1,1,200,1,0,0,0,0,0.988771081,-0.1494381279,1,0,0.1494381279,0.988771081,2
160337107165900,1,1,1,200,1,0,0,0,0,0.988771081,-0.1494381279,2,0,0.1494381279,0.988771081,2
160337122724900,2,1,1,200,1,0,0,0,0,0.988771081,-0.1494381279,1,0,0.1494381279,0.988771081,2
160337122784200,1,1,1,200,1,0,0,0,0,0.988771081,-0.1494381279,2,0,0.1494381279,0.988771081,2
160337137885100,2,1,1,200,1,0,0,0,0,0.988771081,-0.1494381279,1,0,0.1494381279,0.988771081,2
160337137913400,1,1,1,200,1,0,0,0,0,0.988771081,-0.1494381279,2,0,0.1494381279,0.988771081,2
160337153209800,2,1,1,200,1,0,0,0,0,0.988771081,-0.1494381279,1,0,0.1494381279,0.988771081,2
160337153272800,1,1,1,200,1,0,0,0,0,0.988771081,-0.1494381279,2,0,0.1494381279,0.988771081,2
160337168645400,2,1,1,200,1,0,0,0,0,0.988771081,-0.1494381279,1,0,0.1494381279,0.988771081,2
160337168692100,1,1,1,200,1,0,0,0,0,0.988771081,-0.1494381279,2,0,0.1494381279,0.988771081,2
160337183860200,2,1,1,200,1,0,0,0,0,0.988771081,-0.1494381279,1,0,0.1494381279,0.988771081,2
160337183895200,1,1,1,200,1,0,0,0,0,0.988771081,-0.1494381279,2,0,0.1494381279,0.988771081,2
160337199138000,2,1,1,200,1,0,0,0,0,0.988771081,-0.1494381279,1,0,0.1494381279,0.988771081,2
160337199176900,1,1,1,200,1,0,0,0,0,0.988771081,-0.1494381279,2,0,0.1494381279,0.988771081,2
160337214455400,2,1,1,200,1,0,0,0,0,0.988771081,-0.1494381279,1,0,0.1494381279,0.988771081,2
160337214515200,1,1,1,200,1,0,0,0,0,0.988771081,-0.1494381279,2,0,0.1494381279,0.988771081,2
160337230080800,2,1,1,200,1,0,0,0,0,0.988771081,-0.1494381279,1,0,0.1494381279,0.988771081,2
160337230125900,1,1,1,200,1,0,0,0,0,0.988771081,-0.1494381279,2,0,0.1494381279,0.988771081,2
160337245434600,2,1,1,200,1,0,0,0,0,0.988771081,-0.1494381279,1,0,0.1494381279,0.988771081,2
160337245475400,1,1,1,200,1,0,0,0,0,0.988771081,-0.1494381279,2,0,0.1494381279,0.988771081,2
160337260994600,2,1,1,200,1,0,0,0,0,0.988771081,-0.1494381279,1,0,0.1494381279,0.988771081,2
160337261029800,1,1,1,200,1,0,0,0,0,0.988771081,-0.1494381279,2,0,0.1494381279,0.988771081,2
160337276364300,2,1,1,200,1,0,0,0,0,0.988771081,-0.1494381279,1,0,0.1494381279,0.988771081,2
160337276404000,1,1,1,200,1,0,0,0,0,0.988771081,-0.1494381279,2,0,0.1494381279,0.988771081,2
160337291829300,2,1,1,200,1,0,0,0,0,0.988771081,-0.1494381279,1,0,0.1494381279,0.988771081,2
160337291862500,1,1,1,200,1,0,0,0,0,0.988771081,-0.1494381279,2,0,0.1494381279,0.988771081,2
160337307466000,2,1,1,200,1,0,0,0,0,0.988771081,-0.1494381279,1,0,0.1494381279,0.988771081,2
160337307615200,1,1,1,200,1,0,0,0,0,0.988771081,-0.1494381279,2,0,0.1494381279,0.988771081,2
160337323142400,2,1,1,200,1,0,0,0,0,0.988771081,-0.1494381279,1,0,0.1494381279,0.988771081,2
160337323176400,1,1,1,200,1,0,0,0,0,0.988771081,-0.1494381279,2,0,0.1494381279,0.988771081,2
160337338638700,2,1,1,200,1,0,0,0,0,0.988771081,-0.1494381279,1,0,0.1494381279,0.988771081,2
160337338671100,1,1,1,200,1,0,0,0,0,0.988771081,-0.1494381279,2,0,0.1494381279,0.988771081,2
160337354314100,2,1,1,200,1,0,0,0,0,0.988771081,-0.1494381279,1,0,0.1494381279,0.988771081,2
160337354350700,1,1,1,200,1,0,0,0,0,0.988771081,-0.1494381279,2,0,0.1494381279,0.988771081,2
160337369841700,2,1,1,200,1,0,0,0,0,0.988771081,-0.1494381279,1,0,0.1494381279,0.988771081,2
160337369878600,1,1,1,200,1,0,0,0,0,0.988771081,-0.1494381279,2,0,0.1494381279,0.988771081,2
160337385352700,2,1,1,200,1,0,0,0,0,0.988771081,-0.1494381279,1,0,0.1494381279,0.988771081,2
160337385454400,1,1,1,200,1,0,0,0,0,0.988771081,-0.1494381279,2,0,0.1494381279,0.988771081,2
160337401413900,2,1,1,200,1,0,0,0,0,0.988771081,-0.1494381279,1,0,0.1494381279,0.988771081,2
160337401520900,1,1,1,200,1,0,0,0,0,0.988771081,-0.1494381279,2,0,0.1494381279,0.988771081,2
160337416987000,2,1,1,200,1,0,0,0,0,0.988771081,-0.1494381279,1,0,0.1494381279,0.988771081,2
160337417074500,1,1,1,200,1,0,0,0,0,0.988771081,-0.1494381279,2,0,0.1494381279,0.988771081,2
160337432519700,2,1,1,200,1,0,0,0,0,0.988771081,-0.1494381279,1,0,0.1494381279,0.988771081,2
160337432550600,1,1,1,200,1,0,0,0,0,0.988771081,-0.1494381279,2,0,0.1494381279,0.988771081,2
160337447898000,2,1,1,200,1,0,0,0,0,0.988771081,-0.1494381279,1,0,0.1494381279,0.988771081,2
160337447925800,1,1,1,200,1,0,0,0,0,0.988771081,-0.1494381279,2,0,0.1494381279,0.988771081,2
160337463523900,2,1,1,200,1,0,0,0,0,0.988771081,-0.1494381279,1,0,0.1494381279,0.988771081,2
160337463553700,1,1,1,200,1,0,0,0,0,0.988771081,-0.1494381279,2,0,0.1494381279,0.988771081,2
160337479089500,2,1,1,200,1,0,0,0,0,0.988771081,-0.1494381279,1,0,0.1494381279,0.988771081,2
160337479200600,1,1,1,200,1,0,0,0,0,0.988771081,-0.1494381279,2,0,0.1494381279,0.988771081,2
160337494448700,2,1,1,200,1,0,0,0,0,0.988771081,-0.1494381279,1,0,0.1494381279,0.988771081,2
160337494533000,1,1,1,200,1,0,0,0,0,0.988771081,-0.1494381279,2,0,0.1494381279,0.988771081,2
160337509873500,2,1,1,200,1,0,0,0,0,0.988771081,-0.1494381279,1,0,0.1494381279,0.988771081,2
160337509917200,1,1,1,200,1,0,0,0,0,0.988771081,-0.1494381279,2,0,0.1494381279,0.988771081,2
160337525322200,2,1,1,200,1,0,0,0,0,0.988771081,-0.1494381279,1,0,0.1494381279,0.988771081,2
160337525350800,1,1,1,200,1,0,0,0,0,0.988771081,-0.1494381279,2,0,0.1494381279,0.988771081,2
160337540918900,2,1,1,200,1,0,0,0,0,0.988771081,-0.1494381279,1,0,0.1494381279,0.988771081,2
160337540945100,1,1,1,200,1,0,0,0,0,0.988771081,-0.1494381279,2,0,0.1494381279,0.988771081,2
160337556561700,2,1,1,200,1,0,0,0,0,0.988771081,-0.1494381279,1,0,0.1494381279,0.988771081,2
160337556587600,1,1,1,200,1,0,0,0,0,0.988771081,-0.1494381279,2,0,0.1494381279,0.988771081,2
160337572659200,2,1,1,200,1,0,0,0,0,0.988771081,-0.1494381279,1,0,0.1494381279,0.988771081,2
160337572742300,1,1,1,200,1,0,0,0,0,0.988771081,-0.1494381279,2,0,0.1494381279,0.988771081,2
160337588164900,2,1,1,200,1,0,0,0,0,0.988771081,-0.1494381279,1,0,0.1494381279,0.988771081,2
160337588194400,1,1,1,200,1,0,0,0,0,0.988771081,-0.1494381279,2,0,0.1494381279,0.988771081,2
160337603301000,2,1,1,200,1,0,0,0,0,0.988771081,-0.1494381279,1,0,0.1494381279,0.988771081,2
160337603341900,1,1,1,200,1,0,0,0,0,0.988771081,-0.1494381279,2,0,0.1494381279,0.988771081,2
160337618809800,2,1,1,200,1,0,0,0,0,0.988771081,-0.1494381279,1,0,0.1494381279,0.988771081,2
160337618933100,1,1,1,200,1,0,0,0,0,0.988771081,-0.1494381279,2,0,0.1494381279,0.988771081,2
160337634379000,2,1,1,200,1,0,0,0,0,0.988771081,-0.1494381279,1,0,0.1494381279,0.988771081,2
160337634401300,1,1,1,200,1,0,0,0,0,0.988771081,-0.1494381279,2,0,0.1494381279,0.988771081,2
160337650080800,2,1,1,200,1,0,0,0,0,0.988771081,-0.1494381279,1,0,0.1494381279,0.988771081,2
160337650116700,1,1,1,200,1,0,0,0,0,0.988771081,-0.1494381279,2,0,0.1494381279,0.988771081,2
160337665242200,2,1,1,200,1,0,0,0,0,0.988771081,-0.1494381279,1,0,0.1494381279,0.988771081,2
160337665329300,1,1,1,200,1,0,0,0,0,0.988771081,-0.1494381279,2,0,0.1494381279,0.988771081,2
160337680825200,2,1,1,200,1,0,0,0,0,0.988771081,-0.1494381279,1,0,0.1494381279,0.988771081,2
160337680848900,1,1,1,200,1,0,0,0,0,0.988771081,-0.1494381279,2,0,0.1494381279,0.988771081,2
160337696637500,2,1,1,200,1,0,0,0,0,0.988771081,-0.1494381279,1,0,0.1494381279,0.988771081,2
160337696682600,1,1,1,200,1,0,0,0,0,0.988771081,-0.1494381279,2,0,0.1494381279,0.988771081,2
160337711873900,2,1,1,200,1,0,0,0,0,0.988771081,-0.1494381279,1,0,0.1494381279,0.988771081,2
160337711914700,1,1,1,200,1,0,0,0,0,0.988771081,-0.1494381279,2,0,0.1494381279,0.988771081,2
160337727277200,2,1,1,200,1,0,0,0,0,0.988771081,-0.1494381279,1,0,0.1494381279,0.988771081,2
160337727326100,1,1,1,200,1,0,0,0,0,0.988771081,-0.1494381279,2,0,0.1494381279,0.988771081,2
160337742784000,2,1,1,200,1,0,0,0,0,0.988771081,-0.1494381279,1,0,0.1494381279,0.988771081,2
160337742843200,1,1,1,200,1,0,0,0,0,0.988771081,-0.1494381279,2,0,0.1494381279,0.988771081,2
160337757816000,2,1,1,200,1,0,0,0,0,0.988771081,-0.1494381279,1,0,0.1494381279,0.988771081,2
160337757911900,1,1,1,200,1,0,0,0,0,0.988771081,-0.1494381279,2,0,0.1494381279,0.988771081,2
160337773471400,2,1,1,200,1,0,0,0,0,0.988771081,-0.1494381279,1,0,0.1494381279,0.988771081,2
160337773501000,1,1,1,200,1,0,0,0,0,0.988771081,-0.1494381279,2,0,0.1494381279,0.988771081,2
160337788689800,2,1,1,200,1,0,0,0,0,0.988771081,-0.1494381279,1,0,0.1494381279,0.988771081,2
160337788721700,1,1,1,200,1,0,0,0,0,0.988771081,-0.1494381279,2,0,0.1494381279,0.988771081,2
160337804374200,2,1,1,200,1,0,0,0,0,0.988771081,-0.1494381279,1,0,0.1494381279,0.988771081,2
160337804418600,1,1,1,200,1,0,0,0,0,0.988771081,-0.1494381279,2,0,0.1494381279,0.988771081,2
160337819358600,2,1,1,200,1,0,0,0,0,0.988771081,-0.1494381279,1,0,0.1494381279,0.988771081,2
160337819388700,1,1,1,200,1,0,0,0,0,0.988771081,-0.1494381279,2,0,0.1494381279,0.988771081,2
160337834928100,2,1,1,200,1,0,0,0,0,0.988771081,-0.1494381279,1,0,0.1494381279,0.988771081,2
160337834983200,1,1,1,200,1,0,0,0,0,0.988771081,-0.1494381279,2,0,0.1494381279,0.988771081,2
160337850562300,2,1,1,200,1,0,0,0,0,0.988771081,-0.1494381279,1,0,0.1494381279,0.988771081,2
160337850600900,1,1,1,200,1,0,0,0,0,0.988771081,-0.1494381279,2,0,0.1494381279,0.988771081,2
160337866818100,2,1,1,200,1,0,0,0,0,0.988771081,-0.1494381279,1,0,0.1494381279,0.988771081,2
160337866881500,1,1,1,200,1,0,0,0,0,0.988771081,-0.1494381279,2,0,0.1494381279,0.988771081,2
160337882874700,2,1,1,200,1,0,0,0,0,0.988771081,-0.1494381279,1,0,0.1494381279,0.988771081,2
160337882911000,1,1,1,200,1,0,0,0,0,0.988771081,-0.1494381279,2,0,0.1494381279,0.988771081,2
160337898368700,2,1,1,200,1,0,0,0,0,0.988771081,-0.1494381279,1,0,0.1494381279,0.988771081,2
160337898409400,1,1,1,200,1,0,0,0,0,0.988771081,-0.1494381279,2,0,0.1494381279,0.988771081,2
160337913505100,2,1,1,200,1,0,0,0,0,0.988771081,-0.1494381279,1,0,0.1494381279,0.988771081,2
160337913539000,1,1,1,200,1,0,0,0,0,0.988771081,-0.1494381279,2,0,0.1494381279,0.988771081,2
160337928995400,2,1,1,200,1,0,0,0,0,0.988771081,-0.1494381279,1,0,0.1494381279,0.988771081,2
160337929036500,1,1,1,200,1,0,0,0,0,0.988771081,-0.1494381279,2,0,0.1494381279,0.988771081,2
160337944625000,2,1,1,200,1,0,0,0,0,0.988771081,-0.1494381279,1,0,0.1494381279,0.988771081,2
160337944667600,1,1,1,200,1,0,0,0,0,0.988771081,-0.1494381279,2,0,0.1494381279,0.988771081,2
160337960121800,2,1,1,200,1,0,0,0,0,0.988771081,-0.1494381279,1,0,0.1494381279,0.988771081,2
160337960163200,1,1,1,200,1,0,0,0,0,0.988771081,-0.1494381279,2,0,0.1494381279,0.988771081,2
160337975246500,2,1,1,200,1,0,0,0,0,0.988771081,-0.1494381279,1,0,0.1494381279,0.988771081,2
160337975303800,1,1,1,200,1,0,0,0,0,0.988771081,-0.1494381279,2,0,0.1494381279,0.988771081,2
160337990801300,2,1,1,200,1,0,0,0,0,0.988771081,-0.1494381279,1,0,0.1494381279,0.988771081,2
160337990875000,1,1,1,200,1,0,0,0,0,0.988771081,-0.1494381279,2,0,0.1494381279,0.988771081,2
160338006345000,2,1,1,200,1,0,0,0,0,0.988771081,-0.1494381279,1,0,0.1494381279,0.988771081,2
160338006384200,1,1,1,200,1,0,0,0,0,0.988771081,-0.1494381279,2,0,0.1494381279,0.988771081,2
160338022423900,2,1,1,200,1,0,0,0,0,0.988771081,-0.1494381279,1,0,0.1494381279,0.988771081,2
160338022541600,1,1,1,200,1,0,0,0,0,0.988771081,-0.1494381279,2,0,0.1494381279,0.988771081,2
160338038023100,2,1,1,200,1,0,0,0,0,0.988771081,-0.1494381279,1,0,0.1494381279,0.988771081,2
160338038059100,1,1,1,200,1,0,0,0,0,0.988771081,-0.1494381279,2,0,0.1494381279,0.988771081,2
160338053625500,2,1,1,200,1,0,0,0,0,0.988771081,-0.1494381279,1,0,0.1494381279,0.988771081,2
160338053722700,1,1,1,200,1,0,0,0,0,0.988771081,-0.1494381279,2,0,0.1494381279,0.988771081,2
160338069095600,2,1,1,200,1,0,0,0,0,0.988771081,-0.1494381279,1,0,0.1494381279,0.988771081,2
160338069128900,1,1,1,200,1,0,0,0,0,0.988771081,-0.1494381279,2,0,0.1494381279,0.988771081,2
160338084676800,2,1,1,200,1,0,0,0,0,0.988771081,0.1494381279,1,0,-0.1494381279,0.988771081,2
160338084704300,1,1,1,200,1,0,0,0,0,0.988771081,0.1494381279,2,0,-0.1494381279,0.988771081,2
160338100435400,2,1,1,200,1,0,0,0,0,0.988771081,0.1494381279,1,0,-0.1494381279,0.988771081,2
160338100564100,1,1,1,200,1,0,0,0,0,0.988771081,0.1494381279,2,0,-0.1494381279,0.988771081,2
160338116350400,2,1,1,200,1,0,0,0,0,0.988771081,0.1494381279,1,0,-0.1494381279,0.988771081,2
160338116484200,1,1,1,200,1,0,0,0,0,0.988771081,0.1494381279,2,0,-0.1494381279,0.988771081,2
160338132491200,2,1,1,200,1,0,0,0,0,0.988771081,0.1494381279,1,0,-0.1494381279,0.988771081,2
160338132523200,1,1,1,200,1,0,0,0,0,0.988771081,0.1494381279,2,0,-0.1494381279,0.988771081,2
160338147968600,2,1,1,200,1,0,0,0,0,0.988771081,0.1494381279,1,0,-0.1494381279,0.988771081,2
160338148000900,1,1,1,200,1,0,0,0,0,0.988771081,0.1494381279,2,0,-0.1494381279,0.988771081,2
160338164114200,2,1,1,200,1,0,0,0,0,0.988771081,0.1494381279,1,0,-0.1494381279,0.988771081,2
160338164161400,1,1,1,200,1,0,0,0,0,0.988771081,0.1494381279,2,0,-0.1494381279,0.988771081,2
160338179673600,2,1,1,200,1,0,0,0,0,0.988771081,0.1494381279,1,0,-0.1494381279,0.988771081,2
160338179706700,1,1,1,200,1,0,0,0,0,0.988771081,0.1494381279,2,0,-0.1494381279,0.988771081,2
160338194928600,2,1,1,200,1,0,0,0,0,0.988771081,0.1494381279,1,0,-0.1494381279,0.988771081,2
160338194974600,1,1,1,200,1,0,0,0,0,0.988771081,0.1494381279,2,0,-0.1494381279,0.988771081,2
160338210286600,2,1,1,200,1,0,0,0,0,0.988771081,0.1494381279,1,0,-0.1494381279,0.988771081,2
160338210333200,1,1,1,200,1,0,0,0,0,0.988771081,0.1494381279,2,0,-0.1494381279,0.988771081,2
160338225491800,2,1,1,200,1,0,0,0,0,0.988771081,0.1494381279,1,0,-0.1494381279,0.988771081,2
160338225520700,1,1,1,200,1,0,0,0,0,0.988771081,0.1494381279,2,0,-0.1494381279,0.988771081,2
160338240928900,2,1,1,200,1,0,0,0,0,0.988771081,0.1494381279,1,0,-0.1494381279,0.988771081,2
160338241027000,1,1,1,200,1,0,0,0,0,0.988771081,0.1494381279,2,0,-0.1494381279,0.988771081,2
160338256509300,2,1,1,200,1,0,0,0,0,0.988771081,0.1494381279,1,0,-0.1494381279,0.988771081,2
160338256538400,1,1,1,200,1,0,0,0,0,0.988771081,0.1494381279,2,0,-0.1494381279,0.988771081,2
160338272525600,2,1,1,200,1,0,0,0,0,0.988771081,0.1494381279,1,0,-0.1494381279,0.988771081,2
160338272551100,1,1,1,200,1,0,0,0,0,0.988771081,0.1494381279,2,0,-0.1494381279,0.988771081,2
160338288021600,2,1,1,200,1,0,0,0,0,0.988771081,0.1494381279,1,0,-0.1494381279,0.988771081,2
160338288051800,1,1,1,200,1,0,0,0,0,0.988771081,0.1494381279,2,0,-0.1494381279,0.988771081,2
160338303722300,2,1,1,200,1,0,0,0,0,0.988771081,0.1494381279,1,0,-0.1494381279,0.988771081,2
160338303761000,1,1,1,200,1,0,0,0,0,0.988771081,0.1494381279,2,0,-0.1494381279,0.988771081,2
160338319141200,2,1,1,200,1,0,0,0,0,0.988771081,0.1494381279,1,0,-0.1494381279,0.988771081,2
160338319168200,1,1,1,200,1,0,0,0,0,0.988771081,0.1494381279,2,0,-0.1494381279,0.988771081,2
160338334481200,2,1,1,200,1,0,0,0,0,0.988771081,0.1494381279,1,0,-0.1494381279,0.988771081,2
160338334560300,1,1,1,200,1,0,0,0,0,0.988771081,0.1494381279,2,0,-0.1494381279,0.988771081,2
160338350064400,2,1,1,200,1,0,0,0,0,0.988771081,0.1494381279,1,0,-0.1494381279,0.988771081,2
160338350096600,1,1,1,200,1,0,0,0,0,0.988771081,0.1494381279,2,0,-0.1494381279,0.988771081,2
160338365580700,2,1,1,200,1,0,0,0,0,0.988771081,0.1494381279,1,0,-0.1494381279,0.988771081,2
160338365608100,1,1,1,200,1,0,0,0,0,0.988771081,0.1494381279,2,0,-0.1494381279,0.988771081,2
160338381285800,2,1,1,200,1,0,0,0,0,0.988771081,0.1494381279,1,0,-0.1494381279,0.988771081,2
160338381402000,1,1,1,200,1,0,0,0,0,0.988771081,0.1494381279,2,0,-0.1494381279,0.988771081,2
160338396841900,2,1,1,200,1,0,0,0,0,0.988771081,0.1494381279,1,0,-0.1494381279,0.988771081,2
160338396956300,1,1,1,200,1,0,0,0,0,0.988771081,0.1494381279,2,0,-0.1494381279,0.988771081,2
160338412804000,2,1,1,200,1,0,0,0,0,0.988771081,0.1494381279,1,0,-0.1494381279,0.988771081,2
160338412836300,1,1,1,200,1,0,0,0,0,0.988771081,0.1494381279,2,0,-0.1494381279,0.988771081,2
160338428436600,2,1,1,200,1,0,0,0,0,0.988771081,0.1494381279,1,0,-0.1494381279,0.988771081,2
160338428497300,1,1,1,200,1,0,0,0,0,0.988771081,0.1494381279,2,0,-0.1494381279,0.988771081,2
160338443749900,2,1,1,200,1,0,0,0,0,0.988771081,0.1494381279,1,0,-0.1494381279,0.988771081,2
160338443792500,1,1,1,200,1,0,0,0,0,0.988771081,0.1494381279,2,0,-0.1494381279,0.988771081,2
160338459425600,2,1,1,200,1,0,0,0,0,0.988771081,0.1494381279,1,0,-0.1494381279,0.988771081,2
160338459464200,1,1,1,200,1,0,0,0,0,0.988771081,0.1494381279,2,0,-0.1494381279,0.988771081,2
160338474675000,2,1,1,200,1,0,0,0,0,0.988771081,0.1494381279,1,0,-0.1494381279,0.988771081,2
160338474727100,1,1,1,200,1,0,0,0,0,0.988771081,0.1494381279,2,0,-0.1494381279,0.988771081,2
160338490296700,2,1,1,200,1,0,0,0,0,0.988771081,0.1494381279,1,0,-0.1494381279,0.988771081,2
160338490338100,1,1,1,200,1,0,0,0,0,0.988771081,0.1494381279,2,0,-0.1494381279,0.988771081,2
160338506487600,2,1,1,200,1,0,0,0,0,0.988771081,0.1494381279,1,0,-0.1494381279,0.988771081,2
160338506527800,1,1,1,200,1,0,0,0,0,0.988771081,0.1494381279,2,0,-0.1494381279,0.988771081,2
160338522311500,2,1,1,200,1,0,0,0,0,0.988771081,0.1494381279,1,0,-0.1494381279,0.988771081,2
160338522391500,1,1,1,200,1,0,0,0,0,0.988771081,0.1494381279,2,0,-0.1494381279,0.988771081,2
160338537885500,2,1,1,200,1,0,0,0,0,0.988771081,0.1494381279,1,0,-0.1494381279,0.988771081,2
160338537928300,1,1,1,200,1,0,0,0,0,0.988771081,0.1494381279,2,0,-0.1494381279,0.988771081,2
160338554000500,2,1,1,200,1,0,0,0,0,0.988771081,0.1494381279,1,0,-0.1494381279,0.988771081,2
160338554095800,1,1,1,200,1,0,0,0,0,0.988771081,0.1494381279,2,0,-0.1494381279,0.988771081,2
160338569398200,2,1,1,200,1,0,0,0,0,0.988771081,0.1494381279,1,0,-0.1494381279,0.988771081,2
160338569422100,1,1,1,200,1,0,0,0,0,0.988771081,0.1494381279,2,0,-0.1494381279,0.988771081,2
160338585028500,2,1,1,200,1,0,0,0,0,0.988771081,0.1494381279,1,0,-0.1494381279,0.988771081,2
160338585060900,1,1,1,200,1,0,0,0,0,0.988771081,0.1494381279,2,0,-0.1494381279,0.988771081,2
160338600627200,2,1,1,200,1,0,0,0,0,0.988771081,0.1494381279,1,0,-0.1494381279,0.988771081,2
160338600704300,1,1,1,200,1,0,0,0,0,0.988771081,0.1494381279,2,0,-0.1494381279,0.988771081,2
160338616718200,2,1,1,200,1,0,0,0,0,0.988771081,0.1494381279,1,0,-0.1494381279,0.988771081,2
160338616750200,1,1,1,200,1,0,0,0,0,0.988771081,0.1494381279,2,0,-0.1494381279,0.988771081,2
160338632615800,2,1,1,200,1,0,0,0,0,0.988771081,0.1494381279,1,0,-0.1494381279,0.988771081,2
160338632771000,1,1,1,200,1,0,0,0,0,0.988771081,0.1494381279,2,0,-0.1494381279,0.988771081,2
160338648186400,2,1,1,200,1,0,0,0,0,0.988771081,0.1494381279,1,0,-0.1494381279,0.988771081,2
160338648268400,1,1,1,200,1,0,0,0,0,0.988771081,0.1494381279,2,0,-0.1494381279,0.988771081,2
160338663726800,2,1,1,200,1,0,0,0,0,0.988771081,0.1494381279,1,0,-0.1494381279,0.988771081,2
160338663825100,1,1,1,200,1,0,0,0,0,0.988771081,0.1494381279,2,0,-0.1494381279,0.988771081,2
160338679263900,2,1,1,200,1,0,0,0,0,0.988771081,0.1494381279,1,0,-0.1494381279,0.988771081,2
160338679367600,1,1,1,200,1,0,0,0,0,0.988771081,0.1494381279,2,0,-0.1494381279,0.988771081,2
160338694847400,2,1,1,200,1,0,0,0,0,0.988771081,0.1494381279,1,0,-0.1494381279,0.988771081,2
160338694938600,1,1,1,200,1,0,0,0,0,0.988771081,0.1494381279,2,0,-0.1494381279,0.988771081,2
160338710165200,2,1,1,200,1,0,0,0,0,0.988771081,0.1494381279,1,0,-0.1494381279,0.988771081,2
160338710211100,1,1,1,200,1,0,0,0,0,0.988771081,0.1494381279,2,0,-0.1494381279,0.988771081,2
160338726143500,2,1,1,200,1,0,0,0,0,0.988771081,0.1494381279,1,0,-0.1494381279,0.988771081,2
160338726188700,1,1,1,200,1,0,0,0,0,0.988771081,0.1494381279,2,0,-0.1494381279,0.988771081,2
160338741651300,2,1,1,200,1,0,0,0,0,0.988771081,0.1494381279,1,0,-0.1494381279,0.988771081,2
160338741678700,1,1,1,200,1,0,0,0,0,0.988771081,0.1494381279,2,0,-0.1494381279,0.988771081,2
160338756830800,2,1,1,200,1,0,0,0,0,0.988771081,0.1494381279,1,0,-0.1494381279,0.988771081,2
160338756857500,1,1,1,200,1,0,0,0,0,0.988771081,0.1494381279,2,0,-0.1494381279,0.988771081,2
160338772451900,2,1,1,200,1,0,0,0,0,0.988771081,0.1494381279,1,0,-0.1494381279,0.988771081,2
160338772489400,1,1,1,200,1,0,0,0,0,0.988771081,0.1494381279,2,0,-0.1494381279,0.988771081,2
160338787937600,2,1,1,200,1,0,0,0,0,0.988771081,0.1494381279,1,0,-0.1494381279,0.988771081,2
160338787974100,1,1,1,200,1,0,0,0,0,0.988771081,0.1494381279,2,0,-0.1494381279,0.988771081,2
160338803064300,2,1,1,200,1,0,0,0,0,0.988771081,0.1494381279,1,0,-0.1494381279,0.988771081,2
160338803090000,1,1,1,200,1,0,0,0,0,0.988771081,0.1494381279,2,0,-0.1494381279,0.988771081,2
160338818571200,2,1,1,200,1,0,0,0,0,0.988771081,0.1494381279,1,0,-0.1494381279,0.988771081,2
160338818596500,1,1,1,200,1,0,0,0,0,0.988771081,0.1494381279,2,0,-0.1494381279,0.988771081,2
160338834496800,2,1,1,200,1,0,0,0,0,0.988771081,0.1494381279,1,0,-0.1494381279,0.988771081,2
160338834565700,1,1,1,200,1,0,0,0,0,0.988771081,0.1494381279,2,0,-0.1494381279,0.988771081,2
160338850016600,2,1,1,200,1,0,0,0,0,0.988771081,0.1494381279,1,0,-0.1494381279,0.988771081,2
160338850058900,1,1,1,200,1,0,0,0,0,0.988771081,0.1494381279,2,0,-0.1494381279,0.988771081,2
160338865541900,2,1,1,200,1,0,0,0,0,0.988771081,0.1494381279,1,0,-0.1494381279,0.988771081,2
160338865588700,1,1,1,200,1,0,0,0,0,0.988771081,0.1494381279,2,0,-0.1494381279,0.988771081,2
160338881176800,2,1,1,200,1,0,0,0,0,0.988771081,0.1494381279,1,0,-0.1494381279,0.988771081,2
160338881212600,1,1,1,200,1,0,0,0,0,0.988771081,0.1494381279,2,0,-0.1494381279,0.988771081,2
160338896704900,2,1,1,200,1,0,0,0,0,0.988771081,0.1494381279,1,0,-0.1494381279,0.988771081,2
160338896751100,1,1,1,200,1,0,0,0,0,0.988771081,0.1494381279,2,0,-0.1494381279,0.988771081,2
160338912310400,2,1,1,200,1,0,0,0,0,0.988771081,0.1494381279,1,0,-0.1494381279,0.988771081,2
160338912375900,1,1,1,200,1,0,0,0,0,0.988771081,0.1494381279,2,0,-0.1494381279,0.988771081,2
160338927831600,2,1,1,200,1,0,0,0,0,0.988771081,0.1494381279,1,0,-0.1494381279,0.988771081,2
160338927880300,1,1,1,200,1,0,0,0,0,0.988771081,0.1494381279,2,0,-0.1494381279,0.988771081,2
160338943533100,2,1,1,200,1,0,0,0,0,0.988771081,0.1494381279,1,0,-0.1494381279,0.988771081,2
160338943631300,1,1,1,200,1,0,0,0,0,0.988771081,0.1494381279,2,0,-0.1494381279,0.988771081,2
160338959129800,2,1,1,200,1,0,0,0,0,0.988771081,0.1494381279,1,0,-0.1494381279,0.988771081,2
160338959167700,1,1,1,200,1,0,0,0,0,0.988771081,0.1494381279,2,0,-0.1494381279,0.988771081,2
160338974705100,2,1,1,200,1,0,0,0,0,0.988771081,0.1494381279,1,0,-0.1494381279,0.988771081,2
160338974739400,1,1,1,200,1,0,0,0,0,0.988771081,0.1494381279,2,0,-0.1494381279,0.988771081,2
160338990309500,2,1,1,200,1,0,0,0,0,0.988771081,0.1494381279,1,0,-0.1494381279,0.988771081,2
160338990429000,1,1,1,200,1,0,0,0,0,0.988771081,0.1494381279,2,0,-0.1494381279,0.988771081,2
160339006406200,2,1,1,200,1,0,0,0,0,0.988771081,0.1494381279,1,0,-0.1494381279,0.988771081,2
160339006519400,1,1,1,200,1,0,0,0,0,0.988771081,0.1494381279,2,0,-0.1494381279,0.988771081,2
160339021683600,2,1,1,200,1,0,0,0,0,0.988771081,0.1494381279,1,0,-0.1494381279,0.988771081,2
160339021716300,1,1,1,200,1,0,0,0,0,0.988771081,0.1494381279,2,0,-0.1494381279,0.988771081,2
160339037416400,2,1,1,200,1,0,0,0,0,0.988771081,0.1494381279,1,0,-0.1494381279,0.988771081,2
160339037458000,1,1,1,200,1,0,0,0,0,0.988771081,0.1494381279,2,0,-0.1494381279,0.988771081,2
160339052682700,2,1,1,200,1,0,0,0,0,0.988771081,0.1494381279,1,0,-0.1494381279,0.988771081,2
160339052714100,1,1,1,200,1,0,0,0,0,0.988771081,0.1494381279,2,0,-0.1494381279,0.988771081,2
160339067785600,2,1,1,200,1,0,0,0,0,0.988771081,0.1494381279,1,0,-0.1494381279,0.988771081,2
160339067890200,1,1,1,200,1,0,0,0,0,0.988771081,0.1494381279,2,0,-0.1494381279,0.988771081,2
160339083402000,2,1,1,200,0.988771081,0,0.1494381279,0,0,1,0,1,-0.1494381279,0,0.988771081,2
160339083435900,1,1,1,200,0.988771081,0,0.1494381279,0,0,1,0,2,-0.1494381279,0,0.988771081,2
160339098967100,2,1,1,200,0.988771081,0,0.1494381279,0,0,1,0,1,-0.1494381279,0,0.988771081,2
160339099100900,1,1,1,200,0.988771081,0,0.1494381279,0,0,1,0,2,-0.1494381279,0,0.988771081,2
160339114489500,2,1,1,200,0.988771081,0,0.1494381279,0,0,1,0,1,-0.1494381279,0,0.988771081,2
160339114609100,1,1,1,200,0.988771081,0,0.1494381279,0,0,1,0,2,-0.1494381279,0,0.988771081,2
160339130078600,2,1,1,200,0.988771081,0,0.1494381279,0,0,1,0,1,-0.1494381279,0,0.988771081,2
160339130116600,1,1,1,200,0.988771081,0,0.1494381279,0,0,1,0,2,-0.1494381279,0,0.988771081,2
160339146082800,2,1,1,200,0.988771081,0,0.1494381279,0,0,1,0,1,-0.1494381279,0,0.988771081,2
160339146173700,1,1,1,200,0.988771081,0,0.1494381279,0,0,1,0,2,-0.1494381279,0,0.988771081,2
160339161747700,2,1,1,200,0.988771081,0,0.1494381279,0,0,1,0,1,-0.1494381279,0,0.988771081,2
160339161794500,1,1,1,200,0.988771081,0,0.1494381279,0,0,1,0,2,-0.1494381279,0,0.988771081,2
160339177405500,2,1,1,200,0.988771081,0,0.1494381279,0,0,1,0,1,-0.1494381279,0,0.988771081,2
160339177463400,1,1,1,200,0.988771081,0,0.1494381279,0,0,1,0,2,-0.1494381279,0,0.988771081,2
160339192515100,2,1,1,200,0.988771081,0,0.1494381279,0,0,1,0,1,-0.1494381279,0,0.988771081,2
160339192560500,1,1,1,200,0.988771081,0,0.1494381279,0,0,1,0,2,-0.1494381279,0,0.988771081,2
160339207838800,2,1,1,200,0.988771081,0,0.1494381279,0,0,1,0,1,-0.1494381279,0,0.988771081,2
160339207874200,1,1,1,200,0.988771081,0,0.1494381279,0,0,1,0,2,-0.1494381279,0,0.988771081,2
160339223275800,2,1,1,200,0.988771081,0,0.1494381279,0,0,1,0,1,-0.1494381279,0,0.988771081,2
160339223356400,1,1,1,200,0.988771081,0,0.1494381279,0,0,1,0,2,-0.1494381279,0,0.988771081,2
160339238986200,2,1,1,200,0.988771081,0,0.1494381279,0,0,1,0,1,-0.1494381279,0,0.988771081,2
160339239029400,1,1,1,200,0.988771081,0,0.1494381279,0,0,1,0,2,-0.1494381279,0,0.988771081,2
160339254323900,2,1,1,200,0.988771081,0,0.1494381279,0,0,1,0,1,-0.1494381279,0,0.988771081,2
160339254366000,1,1,1,200,0.988771081,0,0.1494381279,0,0,1,0,2,-0.1494381279,0,0.988771081,2
160339269420000,2,1,1,200,0.988771081,0,0.1494381279,0,0,1,0,1,-0.1494381279,0,0.988771081,2
160339269451900,1,1,1,200,0.988771081,0,0.1494381279,0,0,1,0,2,-0.1494381279,0,0.988771081,2
160339285279300,2,1,1,200,0.988771081,0,0.1494381279,0,0,1,0,1,-0.1494381279,0,0.988771081,2
160339285335900,1,1,1,200,0.988771081,0,0.1494381279,0,0,1,0,2,-0.1494381279,0,0.988771081,2
160339300458300,2,1,1,200,0.988771081,0,0.1494381279,0,0,1,0,1,-0.1494381279,0,0.988771081,2
160339300487200,1,1,1,200,0.988771081,0,0.1494381279,0,0,1,0,2,-0.1494381279,0,0.988771081,2
160339316628900,2,1,1,200,0.988771081,0,0.1494381279,0,0,1,0,1,-0.1494381279,0,0.988771081,2
160339316772800,1,1,1,200,0.988771081,0,0.1494381279,0,0,1,0,2,-0.1494381279,0,0.988771081,2
160339331763500,2,1,1,200,0.988771081,0,0.1494381279,0,0,1,0,1,-0.1494381279,0,0.988771081,2
160339331796400,1,1,1,200,0.988771081,0,0.1494381279,0,0,1,0,2,-0.1494381279,0,0.988771081,2
160339347722300,2,1,1,200,0.988771081,0,0.1494381279,0,0,1,0,1,-0.1494381279,0,0.988771081,2
160339347760800,1,1,1,200,0.988771081,0,0.1494381279,0,0,1,0,2,-0.1494381279,0,0.988771081,2
160339363090000,2,1,1,200,0.988771081,0,0.1494381279,0,0,1,0,1,-0.1494381279,0,0.988771081,2
160339363171700,1,1,1,200,0.988771081,0,0.1494381279,0,0,1,0,2,-0.1494381279,0,0.988771081,2
160339378676500,2,1,1,200,0.988771081,0,0.1494381279,0,0,1,0,1,-0.1494381279,0,0.988771081,2
160339378704900,1,1,1,200,0.988771081,0,0.1494381279,0,0,1,0,2,-0.1494381279,0,0.988771081,2
160339394068900,2,1,1,200,0.988771081,0,0.1494381279,0,0,1,0,1,-0.1494381279,0,0.988771081,2
160339394118500,1,1,1,200,0.988771081,0,0.1494381279,0,0,1,0,2,-0.1494381279,0,0.988771081,2
160339409839300,2,1,1,200,0.988771081,0,0.1494381279,0,0,1,0,1,-0.1494381279,0,0.988771081,2
160339409893500,1,1,1,200,0.988771081,0,0.1494381279,0,0,1,0,2,-0.1494381279,0,0.988771081,2
160339425134900,2,1,1,200,0.988771081,0,0.1494381279,0,0,1,0,1,-0.1494381279,0,0.988771081,2
160339425173300,1,1,1,200,0.988771081,0,0.1494381279,0,0,1,0,2,-0.1494381279,0,0.988771081,2
160339440650700,2,1,1,200,0.988771081,0,0.1494381279,0,0,1,0,1,-0.1494381279,0,0.988771081,2
160339440679100,1,1,1,200,0.988771081,0,0.1494381279,0,0,1,0,2,-0.1494381279,0,0.988771081,2
160339456269700,2,1,1,200,0.988771081,0,0.1494381279,0,0,1,0,1,-0.1494381279,0,0.988771081,2
160339456310600,1,1,1,200,0.988771081,0,0.1494381279,0,0,1,0,2,-0.1494381279,0,0.988771081,2
160339471523700,2,1,1,200,0.988771081,0,0.1494381279,0,0,1,0,1,-0.1494381279,0,0.988771081,2
160339471554700,1,1,1,200,0.988771081,0,0.1494381279,0,0,1,0,2,-0.1494381279,0,0.988771081,2
160339487048000,2,1,1,200,0.988771081,0,0.1494381279,0,0,1,0,1,-0.1494381279,0,0.988771081,2
160339487107400,1,1,1,200,0.988771081,0,0.1494381279,0,0,1,0,2,-0.1494381279,0,0.988771081,2
160339502824100,2,1,1,200,0.988771081,0,0.1494381279,0,0,1,0,1,-0.1494381279,0,0.988771081,2
160339502868400,1,1,1,200,0.988771081,0,0.1494381279,0,0,1,0,2,-0.1494381279,0,0.988771081,2
160339518037900,2,1,1,200,0.988771081,0,0.1494381279,0,0,1,0,1,-0.1494381279,0,0.988771081,2
160339518067600,1,1,1,200,0.988771081,0,0.1494381279,0,0,1,0,2,-0.1494381279,0,0.988771081,2
160339533585300,2,1,1,200,0.988771081,0,0.1494381279,0,0,1,0,1,-0.1494381279,0,0.988771081,2
160339533624500,1,1,1,200,0.988771081,0,0.1494381279,0,0,1,0,2,-0.1494381279,0,0.988771081,2
160339549756600,2,1,1,200,0.988771081,0,0.1494381279,0,0,1,0,1,-0.1494381279,0,0.988771081,2
160339549797800,1,1,1,200,0.988771081,0,0.1494381279,0,0,1,0,2,-0.1494381279,0,0.988771081,2
160339564924800,2,1,1,200,0.988771081,0,0.1494381279,0,0,1,0,1,-0.1494381279,0,0.988771081,2
160339564977600,1,1,1,200,0.988771081,0,0.1494381279,0,0,1,0,2,-0.1494381279,0,0.988771081,2
160339580478700,2,1,1,200,0.988771081,0,0.1494381279,0,0,1,0,1,-0.1494381279,0,0.988771081,2
160339580577400,1,1,1,200,0.988771081,0,0.1494381279,0,0,1,0,2,-0.1494381279,0,0.988771081,2
160339596633400,2,1,1,200,0.988771081,0,0.1494381279,0,0,1,0,1,-0.1494381279,0,0.988771081,2
160339596664000,1,1,1,200,0.988771081,0,0.1494381279,0,0,1,0,2,-0.1494381279,0,0.988771081,2
160339612704200,2,1,1,200,0.988771081,0,0.1494381279,0,0,1,0,1,-0.1494381279,0,0.988771081,2
160339612746900,1,1,1,200,0.988771081,0,0.1494381279,0,0,1,0,2,-0.1494381279,0,0.988771081,2
160339628091600,2,1,1,200,0.988771081,0,0.1494381279,0,0,1,0,1,-0.1494381279,0,0.988771081,2
160339628142000,1,1,1,200,0.988771081,0,0.1494381279,0,0,1,0,2,-0.1494381279,0,0.988771081,2
160339643756100,2,1,1,200,0.988771081,0,0.1494381279,0,0,1,0,1,-0.1494381279,0,0.988771081,2
160339643839500,1,1,1,200,0.988771081,0,0.1494381279,0,0,1,0,2,-0.1494381279,0,0.988771081,2
160339659339200,2,1,1,200,0.988771081,0,0.1494381279,0,0,1,0,1,-0.1494381279,0,0.988771081,2
160339659405300,1,1,1,200,0.988771081,0,0.1494381279,0,0,1,0,2,-0.1494381279,0,0.988771081,2
160339674944800,2,1,1,200,0.988771081,0,0.1494381279,0,0,1,0,1,-0.1494381279,0,0.988771081,2
160339674986800,1,1,1,200,0.988771081,0,0.1494381279,0,0,1,0,2,-0.1494381279,0,0.988771081,2
160339690425300,2,1,1,200,0.988771081,0,0.1494381279,0,0,1,0,1,-0.1494381279,0,0.988771081,2
160339690454900,1,1,1,200,0.988771081,0,0.1494381279,0,0,1,0,2,-0.1494381279,0,0.988771081,2
160339706299300,2,1,1,200,0.988771081,0,0.1494381279,0,0,1,0,1,-0.1494381279,0,0.988771081,2
160339706334600,1,1,1,200,0.988771081,0,0.1494381279,0,0,1,0,2,-0.1494381279,0,0.988771081,2
160339721521900,2,1,1,200,0.988771081,0,0.1494381279,0,0,1,0,1,-0.1494381279,0,0.988771081,2
160339721560400,1,1,1,200,0.988771081,0,0.1494381279,0,0,1,0,2,-0.1494381279,0,0.988771081,2
160339737004900,2,1,1,200,0.988771081,0,0.1494381279,0,0,1,0,1,-0.1494381279,0,0.988771081,2
160339737036100,1,1,1,200,0.988771081,0,0.1494381279,0,0,1,0,2,-0.1494381279,0,0.988771081,2
160339752667400,2,1,1,200,0.988771081,0,0.1494381279,0,0,1,0,1,-0.1494381279,0,0.988771081,2
160339752693900,1,1,1,200,0.988771081,0,0.1494381279,0,0,1,0,2,-0.1494381279,0,0.988771081,2
160339767865900,2,1,1,200,0.988771081,0,0.1494381279,0,0,1,0,1,-0.1494381279,0,0.988771081,2
160339767923400,1,1,1,200,0.988771081,0,0.1494381279,0,0,1,0,2,-0.1494381279,0,0.988771081,2
160339784018700,2,1,1,200,0.988771081,0,0.1494381279,0,0,1,0,1,-0.1494381279,0,0.988771081,2
160339784084300,1,1,1,200,0.988771081,0,0.1494381279,0,0,1,0,2,-0.1494381279,0,0.988771081,2
160339799500300,2,1,1,200,0.988771081,0,0.1494381279,0,0,1,0,1,-0.1494381279,0,0.988771081,2
160339799531500,1,1,1,200,0.988771081,0,0.1494381279,0,0,1,0,2,-0.1494381279,0,0.988771081,2
160339815213600,2,1,1,200,0.988771081,0,0.1494381279,0,0,1,0,1,-0.1494381279,0,0.988771081,2
160339815254100,1,1,1,200,0.988771081,0,0.1494381279,0,0,1,0,2,-0.1494381279,0,0.988771081,2
160339830657700,2,1,1,200,0.988771081,0,0.1494381279,0,0,1,0,1,-0.1494381279,0,0.988771081,2
160339830780000,1,1,1,200,0.988771081,0,0.1494381279,0,0,1,0,2,-0.1494381279,0,0.988771081,2
160339846430300,2,1,1,200,0.988771081,0,0.1494381279,0,0,1,0,1,-0.1494381279,0,0.988771081,2
160339846485700,1,1,1,200,0.988771081,0,0.1494381279,0,0,1,0,2,-0.1494381279,0,0.988771081,2
160339861428300,2,1,1,200,0.988771081,0,0.1494381279,0,0,1,0,1,-0.1494381279,0,0.988771081,2
160339861556200,1,1,1,200,0.988771081,0,0.1494381279,0,0,1,0,2,-0.1494381279,0,0.988771081,2
160339877112700,2,1,1,200,0.988771081,0,0.1494381279,0,0,1,0,1,-0.1494381279,0,0.988771081,2
160339877157600,1,1,1,200,0.988771081,0,0.1494381279,0,0,1,0,2,-0.1494381279,0,0.988771081,2
160339892730200,2,1,1,200,0.988771081,0,0.1494381279,0,0,1,0,1,-0.1494381279,0,0.988771081,2
160339892773700,1,1,1,200,0.988771081,0,0.1494381279,0,0,1,0,2,-0.1494381279,0,0.988771081,2
160339907747300,2,1,1,200,0.988771081,0,0.1494381279,0,0,1,0,1,-0.1494381279,0,0.988771081,2
160339907845600,1,1,1,200,0.988771081,0,0.1494381279,0,0,1,0,2,-0.1494381279,0,0.988771081,2
160339923902400,2,1,1,200,0.988771081,0,0.1494381279,0,0,1,0,1,-0.1494381279,0,0.988771081,2
160339923934400,1,1,1,200,0.988771081,0,0.1494381279,0,0,1,0,2,-0.1494381279,0,0.988771081,2
160339939501800,2,1,1,200,0.988771081,0,0.1494381279,0,0,1,0,1,-0.1494381279,0,0.988771081,2
160339939534100,1,1,1,200,0.988771081,0,0.1494381279,0,0,1,0,2,-0.1494381279,0,0.988771081,2
160339955004800,2,1,1,200,0.988771081,0,0.1494381279,0,0,1,0,1,-0.1494381279,0,0.988771081,2
160339955078300,1,1,1,200,0.988771081,0,0.1494381279,0,0,1,0,2,-0.1494381279,0,0.988771081,2
160339970594700,2,1,1,200,0.988771081,0,0.1494381279,0,0,1,0,1,-0.1494381279,0,0.988771081,2
160339970641900,1,1,1,200,0.988771081,0,0.1494381279,0,0,1,0,2,-0.1494381279,0,0.988771081,2
160339986639900,2,1,1,200,0.988771081,0,0.1494381279,0,0,1,0,1,-0.1494381279,0,0.988771081,2
160339986704100,1,1,1,200,0.988771081,0,0.1494381279,0,0,1,0,2,-0.1494381279,0,0.988771081,2
160340002716800,2,1,1,200,0.988771081,0,0.1494381279,0,0,1,0,1,-0.1494381279,0,0.988771081,2
160340002811700,1,1,1,200,0.988771081,0,0.1494381279,0,0,1,0,2,-0.1494381279,0,0.988771081,2
160340017828600,2,1,1,200,0.988771081,0,0.1494381279,0,0,1,0,1,-0.1494381279,0,0.988771081,2
160340017859600,1,1,1,200,0.988771081,0,0.1494381279,0,0,1,0,2,-0.1494381279,0,0.988771081,2
160340033328500,2,1,1,200,0.988771081,0,0.1494381279,0,0,1,0,1,-0.1494381279,0,0.988771081,2
160340033358100,1,1,1,200,0.988771081,0,0.1494381279,0,0,1,0,2,-0.1494381279,0,0.988771081,2
160340048917000,2,1,1,200,0.988771081,0,0.1494381279,0,0,1,0,1,-0.1494381279,0,0.988771081,2
160340048952200,1,1,1,200,0.988771081,0,0.1494381279,0,0,1,0,2,-0.1494381279,0,0.988771081,2
160340064562400,2,1,1,200,0.988771081,0,0.1494381279,0,0,1,0,1,-0.1494381279,0,0.988771081,2
160340064604700,1,1,1,200,0.988771081,0,0.1494381279,0,0,1,0,2,-0.1494381279,0,0.988771081,2
160340080594100,2,1,1,200,0.988771081,0,-0.1494381279,0,0,1,0,1,0.1494381279,0,0.988771081,2
160340080631100,1,1,1,200,0.988771081,0,-0.1494381279,0,0,1,0,2,0.1494381279,0,0.988771081,2
160340096144400,2,1,1,200,0.988771081,0,-0.1494381279,0,0,1,0,1,0.1494381279,0,0.988771081,2
160340096185200,1,1,1,200,0.988771081,0,-0.1494381279,0,0,1,0,2,0.1494381279,0,0.988771081,2
160340111558400,2,1,1,200,0.988771081,0,-0.1494381279,0,0,1,0,1,0.1494381279,0,0.988771081,2
160340111668200,1,1,1,200,0.988771081,0,-0.1494381279,0,0,1,0,2,0.1494381279,0,0.988771081,2
160340127058400,2,1,1,200,0.988771081,0,-0.1494381279,0,0,1,0,1,0.1494381279,0,0.988771081,2
160340127152700,1,1,1,200,0.988771081,0,-0.1494381279,0,0,1,0,2,0.1494381279,0,0.988771081,2
160340142812300,2,1,1,200,0.988771081,0,-0.1494381279,0,0,1,0,1,0.1494381279,0,0.988771081,2
160340142868000,1,1,1,200,0.988771081,0,-0.1494381279,0,0,1,0,2,0.1494381279,0,0.988771081,2
160340158215400,2,1,1,200,0.988771081,0,-0.1494381279,0,0,1,0,1,0.1494381279,0,0.988771081,2
160340158261200,1,1,1,200,0.988771081,0,-0.1494381279,0,0,1,0,2,0.1494381279,0,0.988771081,2
160340173779200,2,1,1,200,0.988771081,0,-0.1494381279,0,0,1,0,1,0.1494381279,0,0.988771081,2
160340173854500,1,1,1,200,0.988771081,0,-0.1494381279,0,0,1,0,2,0.1494381279,0,0.988771081,2
160340188934900,2,1,1,200,0.988771081,0,-0.1494381279,0,0,1,0,1,0.1494381279,0,0.988771081,2
160340189080100,1,1,1,200,0.988771081,0,-0.1494381279,0,0,1,0,2,0.1494381279,0,0.988771081,2
160340204506300,2,1,1,200,0.988771081,0,-0.1494381279,0,0,1,0,1,0.1494381279,0,0.988771081,2
160340204537400,1,1,1,200,0.988771081,0,-0.1494381279,0,0,1,0,2,0.1494381279,0,0.988771081,2
160340219920700,2,1,1,200,0.988771081,0,-0.1494381279,0,0,1,0,1,0.1494381279,0,0.988771081,2
160340219964300,1,1,1,200,0.988771081,0,-0.1494381279,0,0,1,0,2,0.1494381279,0,0.988771081,2
160340235627800,2,1,1,200,0.988771081,0,-0.1494381279,0,0,1,0,1,0.1494381279,0,0.988771081,2
160340235668900,1,1,1,200,0.988771081,0,-0.1494381279,0,0,1,0,2,0.1494381279,0,0.988771081,2
160340250835500,2,1,1,200,0.988771081,0,-0.1494381279,0,0,1,0,1,0.1494381279,0,0.988771081,2
160340250878900,1,1,1,200,0.988771081,0,-0.1494381279,0,0,1,0,2,0.1494381279,0,0.988771081,2
160340266427100,2,1,1,200,0.988771081,0,-0.1494381279,0,0,1,0,1,0.1494381279,0,0.988771081,2
160340266459400,1,1,1,200,0.988771081,0,-0.1494381279,0,0,1,0,2,0.1494381279,0,0.988771081,2
160340281941100,2,1,1,200,0.988771081,0,-0.1494381279,0,0,1,0,1,0.1494381279,0,0.988771081,2
160340282018700,1,1,1,200,0.988771081,0,-0.1494381279,0,0,1,0,2,0.1494381279,0,0.988771081,2
160340297615700,2,1,1,200,0.988771081,0,-0.1494381279,0,0,1,0,1,0.1494381279,0,0.988771081,2
160340297652000,1,1,1,200,0.988771081,0,-0.1494381279,0,0,1,0,2,0.1494381279,0,0.988771081,2
160340312764700,2,1,1,200,0.988771081,0,-0.1494381279,0,0,1,0,1,0.1494381279,0,0.988771081,2
160340312799100,1,1,1,200,0.988771081,0,-0.1494381279,0,0,1,0,2,0.1494381279,0,0.988771081,2
160340328466000,2,1,1,200,0.988771081,0,-0.1494381279,0,0,1,0,1,0.1494381279,0,0.988771081,2
160340328502300,1,1,1,200,0.988771081,0,-0.1494381279,0,0,1,0,2,0.1494381279,0,0.988771081,2
160340344009300,2,1,1,200,0.988771081,0,-0.1494381279,0,0,1,0,1,0.1494381279,0,0.988771081,2
160340344074000,1,1,1,200,0.988771081,0,-0.1494381279,0,0,1,0,2,0.1494381279,0,0.988771081,2
160340359527100,2,1,1,200,0.988771081,0,-0.1494381279,0,0,1,0,1,0.1494381279,0,0.988771081,2
160340359568000,1,1,1,200,0.988771081,0,-0.1494381279,0,0,1,0,2,0.1494381279,0,0.988771081,2
160340375166400,2,1,1,200,0.988771081,0,-0.1494381279,0,0,1,0,1,0.1494381279,0,0.988771081,2
160340375209100,1,1,1,200,0.988771081,0,-0.1494381279,0,0,1,0,2,0.1494381279,0,0.988771081,2
160340390365500,2,1,1,200,0.988771081,0,-0.1494381279,0,0,1,0,1,0.1494381279,0,0.988771081,2
160340390431600,1,1,1,200,0.988771081,0,-0.1494381279,0,0,1,0,2,0.1494381279,0,0.988771081,2
160340406451100,2,1,1,200,0.988771081,0,-0.1494381279,0,0,1,0,1,0.1494381279,0,0.988771081,2
160340406605200,1,1,1,200,0.988771081,0,-0.1494381279,0,0,1,0,2,0.1494381279,0,0.988771081,2
160340421613500,2,1,1,200,0.988771081,0,-0.1494381279,0,0,1,0,1,0.1494381279,0,0.988771081,2
160340421662300,1,1,1,200,0.988771081,0,-0.1494381279,0,0,1,0,2,0.1494381279,0,0.988771081,2
160340437098600,2,1,1,200,0.988771081,0,-0.1494381279,0,0,1,0,1,0.1494381279,0,0.988771081,2
160340437138800,1,1,1,200,0.988771081,0,-0.1494381279,0,0,1,0,2,0.1494381279,0,0.988771081,2
160340452530500,2,1,1,200,0.988771081,0,-0.1494381279,0,0,1,0,1,0.1494381279,0,0.988771081,2
160340452669000,1,1,1,200,0.988771081,0,-0.1494381279,0,0,1,0,2,0.1494381279,0,0.988771081,2
160340468091800,2,1,1,200,0.988771081,0,-0.1494381279,0,0,1,0,1,0.1494381279,0,0.988771081,2
160340468193700,1,1,1,200,0.988771081,0,-0.1494381279,0,0,1,0,2,0.1494381279,0,0.988771081,2
160340483744200,2,1,1,200,0.988771081,0,-0.1494381279,0,0,1,0,1,0.1494381279,0,0.988771081,2
160340483783600,1,1,1,200,0.988771081,0,-0.1494381279,0,0,1,0,2,0.1494381279,0,0.988771081,2
160340499151900,2,1,1,200,0.988771081,0,-0.1494381279,0,0,1,0,1,0.1494381279,0,0.988771081,2
160340499239600,1,1,1,200,0.988771081,0,-0.1494381279,0,0,1,0,2,0.1494381279,0,0.988771081,2
160340514831100,2,1,1,200,0.988771081,0,-0.1494381279,0,0,1,0,1,0.1494381279,0,0.988771081,2
160340514870800,1,1,1,200,0.988771081,0,-0.1494381279,0,0,1,0,2,0.1494381279,0,0.988771081,2
160340530387200,2,1,1,200,0.988771081,0,-0.1494381279,0,0,1,0,1,0.1494381279,0,0.988771081,2
160340530435200,1,1,1,200,0.988771081,0,-0.1494381279,0,0,1,0,2,0.1494381279,0,0.988771081,2
160340546498900,2,1,1,200,0.988771081,0,-0.1494381279,0,0,1,0,1,0.1494381279,0,0.988771081,2
160340546536900,1,1,1,200,0.988771081,0,-0.1494381279,0,0,1,0,2,0.1494381279,0,0.988771081,2
160340561885700,2,1,1,200,0.988771081,0,-0.1494381279,0,0,1,0,1,0.1494381279,0,0.988771081,2
160340561914400,1,1,1,200,0.988771081,0,-0.1494381279,0,0,1,0,2,0.1494381279,0,0.988771081,2
160340577540100,2,1,1,200,0.988771081,0,-0.1494381279,0,0,1,0,1,0.1494381279,0,0.988771081,2
160340577581700,1,1,1,200,0.988771081,0,-0.1494381279,0,0,1,0,2,0.1494381279,0,0.988771081,2
160340593184400,2,1,1,200,0.988771081,0,-0.1494381279,0,0,1,0,1,0.1494381279,0,0.988771081,2
160340593232500,1,1,1,200,0.988771081,0,-0.1494381279,0,0,1,0,2,0.1494381279,0,0.988771081,2
160340608646800,2,1,1,200,0.988771081,0,-0.1494381279,0,0,1,0,1,0.1494381279,0,0.988771081,2
160340608704800,1,1,1,200,0.988771081,0,-0.1494381279,0,0,1,0,2,0.1494381279,0,0.988771081,2
160340623739000,2,1,1,200,0.988771081,0,-0.1494381279,0,0,1,0,1,0.1494381279,0,0.988771081,2
160340623767700,1,1,1,200,0.988771081,0,-0.1494381279,0,0,1,0,2,0.1494381279,0,0.988771081,2
160340639034200,2,1,1,200,0.988771081,0,-0.1494381279,0,0,1,0,1,0.1494381279,0,0.988771081,2
160340639094300,1,1,1,200,0.988771081,0,-0.1494381279,0,0,1,0,2,0.1494381279,0,0.988771081,2
160340654639700,2,1,1,200,0.988771081,0,-0.1494381279,0,0,1,0,1,0.1494381279,0,0.988771081,2
160340654678600,1,1,1,200,0.988771081,0,-0.1494381279,0,0,1,0,2,0.1494381279,0,0.988771081,2
160340670187900,2,1,1,200,0.988771081,0,-0.1494381279,0,0,1,0,1,0.1494381279,0,0.988771081,2
160340670227700,1,1,1,200,0.988771081,0,-0.1494381279,0,0,1,0,2,0.1494381279,0,0.988771081,2
160340686237700,2,1,1,200,0.988771081,0,-0.1494381279,0,0,1,0,1,0.1494381279,0,0.988771081,2
160340686269900,1,1,1,200,0.988771081,0,-0.1494381279,0,0,1,0,2,0.1494381279,0,0.988771081,2
160340701554600,2,1,1,200,0.988771081,0,-0.1494381279,0,0,1,0,1,0.1494381279,0,0.988771081,2
160340701622800,1,1,1,200,0.988771081,0,-0.1494381279,0,0,1,0,2,0.1494381279,0,0.988771081,2
160340716710100,2,1,1,200,0.988771081,0,-0.1494381279,0,0,1,0,1,0.1494381279,0,0.988771081,2
160340716814200,1,1,1,200,0.988771081,0,-0.1494381279,0,0,1,0,2,0.1494381279,0,0.988771081,2
160340732817900,2,1,1,200,0.988771081,0,-0.1494381279,0,0,1,0,1,0.1494381279,0,0.988771081,2
160340732960000,1,1,1,200,0.988771081,0,-0.1494381279,0,0,1,0,2,0.1494381279,0,0.988771081,2
160340748020500,2,1,1,200,0.988771081,0,-0.1494381279,0,0,1,0,1,0.1494381279,0,0.988771081,2
160340748062100,1,1,1,200,0.988771081,0,-0.1494381279,0,0,1,0,2,0.1494381279,0,0.988771081,2
160340763452700,2,1,1,200,0.988771081,0,-0.1494381279,0,0,1,0,1,0.1494381279,0,0.988771081,2
160340763523300,1,1,1,200,0.988771081,0,-0.1494381279,0,0,1,0,2,0.1494381279,0,0.988771081,2
160340778970800,2,1,1,200,0.988771081,0,-0.1494381279,0,0,1,0,1,0.1494381279,0,0.988771081,2
160340779013600,1,1,1,200,0.988771081,0,-0.1494381279,0,0,1,0,2,0.1494381279,0,0.988771081,2
160340794546200,2,1,1,200,0.988771081,0,-0.1494381279,0,0,1,0,1,0.1494381279,0,0.988771081,2
160340794576000,1,1,1,200,0.988771081,0,-0.1494381279,0,0,1,0,2,0.1494381279,0,0.988771081,2
160340809919500,2,1,1,200,0.988771081,0,-0.1494381279,0,0,1,0,1,0.1494381279,0,0.988771081,2
160340809966400,1,1,1,200,0.988771081,0,-0.1494381279,0,0,1,0,2,0.1494381279,0,0.988771081,2
160340825191700,2,1,1,200,0.988771081,0,-0.1494381279,0,0,1,0,1,0.1494381279,0,0.988771081,2
160340825221700,1,1,1,200,0.988771081,0,-0.1494381279,0,0,1,0,2,0.1494381279,0,0.988771081,2
160340840784500,2,1,1,200,0.988771081,0,-0.1494381279,0,0,1,0,1,0.1494381279,0,0.988771081,2
160340840816400,1,1,1,200,0.988771081,0,-0.1494381279,0,0,1,0,2,0.1494381279,0,0.988771081,2
160340856261400,2,1,1,200,0.988771081,0,-0.1494381279,0,0,1,0,1,0.1494381279,0,0.988771081,2
160340856290000,1,1,1,200,0.988771081,0,-0.1494381279,0,0,1,0,2,0.1494381279,0,0.988771081,2
160340872506600,2,1,1,200,0.988771081,0,-0.1494381279,0,0,1,0,1,0.1494381279,0,0.988771081,2
160340872548800,1,1,1,200,0.988771081,0,-0.1494381279,0,0,1,0,2,0.1494381279,0,0.988771081,2
160340887875800,2,1,1,200,0.988771081,0,-0.1494381279,0,0,1,0,1,0.1494381279,0,0.988771081,2
160340887904300,1,1,1,200,0.988771081,0,-0.1494381279,0,0,1,0,2,0.1494381279,0,0.988771081,2
160340903597900,2,1,1,200,0.988771081,0,-0.1494381279,0,0,1,0,1,0.1494381279,0,0.988771081,2
160340903641700,1,1,1,200,0.988771081,0,-0.1494381279,0,0,1,0,2,0.1494381279,0,0.988771081,2
160340919176800,2,1,1,200,0.988771081,0,-0.1494381279,0,0,1,0,1,0.1494381279,0,0.988771081,2
160340919229200,1,1,1,200,0.988771081,0,-0.1494381279,0,0,1,0,2,0.1494381279,0,0.988771081,2
160340934303900,2,1,1,200,0.988771081,0,-0.1494381279,0,0,1,0,1,0.1494381279,0,0.988771081,2
160340934418100,1,1,1,200,0.988771081,0,-0.1494381279,0,0,1,0,2,0.1494381279,0,0.988771081,2
160340949828700,2,1,1,200,0.988771081,0,-0.1494381279,0,0,1,0,1,0.1494381279,0,0.988771081,2
160340949856300,1,1,1,200,0.988771081,0,-0.1494381279,0,0,1,0,2,0.1494381279,0,0.988771081,2
160340965566300,2,1,1,200,0.988771081,0,-0.1494381279,0,0,1,0,1,0.1494381279,0,0.988771081,2
160340965642100,1,1,1,200,0.988771081,0,-0.1494381279,0,0,1,0,2,0.1494381279,0,0.988771081,2
160340980864400,2,1,1,200,0.988771081,0,-0.1494381279,0,0,1,0,1,0.1494381279,0,0.988771081,2
160340980907100,1,1,1,200,0.988771081,0,-0.1494381279,0,0,1,0,2,0.1494381279,0,0.988771081,2
160340996341200,2,1,1,200,0.988771081,0,-0.1494381279,0,0,1,0,1,0.1494381279,0,0.988771081,2
160340996468400,1,1,1,200,0.988771081,0,-0.1494381279,0,0,1,0,2,0.1494381279,0,0.988771081,2
160341011982300,2,1,1,200,0.988771081,0,-0.1494381279,0,0,1,0,1,0.1494381279,0,0.988771081,2
160341012099300,1,1,1,200,0.988771081,0,-0.1494381279,0,0,1,0,2,0.1494381279,0,0.988771081,2
160341027316900,2,1,1,200,0.988771081,0,-0.1494381279,0,0,1,0,1,0.1494381279,0,0.988771081,2
160341027357800,1,1,1,200,0.988771081,0,-0.1494381279,0,0,1,0,2,0.1494381279,0,0.988771081,2
160341042854400,2,1,1,200,0.988771081,0,-0.1494381279,0,0,1,0,1,0.1494381279,0,0.988771081,2
160341042906700,1,1,1,200,0.988771081,0,-0.1494381279,0,0,1,0,2,0.1494381279,0,0.988771081,2
160341058313300,2,1,1,200,0.988771081,0,-0.1494381279,0,0,1,0,1,0.1494381279,0,0.988771081,2
160341058354000,1,1,1,200,0.988771081,0,-0.1494381279,0,0,1,0,2,0.1494381279,0,0.988771081,2
160341073795200,2,1,1,200,0.988771081,0,-0.1494381279,0,0,1,0,1,0.1494381279,0,0.988771081,2
160341073824200,1,1,1,200,0.988771081,0,-0.1494381279,0,0,1,0,2,0.1494381279,0,0.988771081,2
160341089045500,2,1,1,200,0.988771081,0,-0.1494381279,0,0,1,0,1,0.1494381279,0,0.988771081,2
160341089170300,1,1,1,200,0.988771081,0,-0.1494381279,0,0,1,0,2,0.1494381279,0,0.988771081,2
160341104473400,2,1,1,200,0.988771081,-0.1494381279,0,0,0.1494381279,0.988771081,0,1,0,0,1,2
160341104505700,1,1,1,200,0.988771081,-0.1494381279,0,0,0.1494381279,0.988771081,0,2,0,0,1,2
160341120039800,2,1,1,200,0.988771081,-0.1494381279,0,0,0.1494381279,0.988771081,0,1,0,0,1,2
160341120080700,1,1,1,200,0.988771081,-0.1494381279,0,0,0.1494381279,0.988771081,0,2,0,0,1,2
160341135615500,2,1,1,200,0.988771081,-0.1494381279,0,0,0.1494381279,0.988771081,0,1,0,0,1,2
160341135666500,1,1,1,200,0.988771081,-0.1494381279,0,0,0.1494381279,0.988771081,0,2,0,0,1,2
160341151023900,2,1,1,200,0.988771081,-0.1494381279,0,0,0.1494381279,0.988771081,0,1,0,0,1,2
160341151069200,1,1,1,200,0.988771081,-0.1494381279,0,0,0.1494381279,0.988771081,0,2,0,0,1,2
160341166194900,2,1,1,200,0.988771081,-0.1494381279,0,0,0.1494381279,0.988771081,0,1,0,0,1,2
160341166274000,1,1,1,200,0.988771081,-0.1494381279,0,0,0.1494381279,0.988771081,0,2,0,0,1,2
160341182246800,2,1,1,200,0.988771081,-0.1494381279,0,0,0.1494381279,0.988771081,0,1,0,0,1,2
160341182290300,1,1,1,200,0.988771081,-0.1494381279,0,0,0.1494381279,0.988771081,0,2,0,0,1,2
160341197917800,2,1,1,200,0.988771081,-0.1494381279,0,0,0.1494381279,0.988771081,0,1,0,0,1,2
160341197956700,1,1,1,200,0.988771081,-0.1494381279,0,0,0.1494381279,0.988771081,0,2,0,0,1,2
160341213413100,2,1,1,200,0.988771081,-0.1494381279,0,0,0.1494381279,0.988771081,0,1,0,0,1,2
160341213462400,1,1,1,200,0.988771081,-0.1494381279,0,0,0.1494381279,0.988771081,0,2,0,0,1,2
160341229042900,2,1,1,200,0.988771081,-0.1494381279,0,0,0.1494381279,0.988771081,0,1,0,0,1,2
160341229073800,1,1,1,200,0.988771081,-0.1494381279,0,0,0.1494381279,0.988771081,0,2,0,0,1,2
160341244606000,2,1,1,200,0.988771081,-0.1494381279,0,0,0.1494381279,0.988771081,0,1,0,0,1,2
160341244654700,1,1,1,200,0.988771081,-0.1494381279,0,0,0.1494381279,0.988771081,0,2,0,0,1,2
160341260243900,2,1,1,200,0.988771081,-0.1494381279,0,0,0.1494381279,0.988771081,0,1,0,0,1,2
160341260283400,1,1,1,200,0.988771081,-0.1494381279,0,0,0.1494381279,0.988771081,0,2,0,0,1,2
160341275619500,2,1,1,200,0.988771081,-0.1494381279,0,0,0.1494381279,0.988771081,0,1,0,0,1,2
160341275675100,1,1,1,200,0.988771081,-0.1494381279,0,0,0.1494381279,0.988771081,0,2,0,0,1,2
160341291749000,2,1,1,200,0.988771081,-0.1494381279,0,0,0.1494381279,0.988771081,0,1,0,0,1,2
160341291777800,1,1,1,200,0.988771081,-0.1494381279,0,0,0.1494381279,0.988771081,0,2,0,0,1,2
160341307061100,2,1,1,200,0.988771081,-0.1494381279,0,0,0.1494381279,0.988771081,0,1,0,0,1,2
160341307132600,1,1,1,200,0.988771081,-0.1494381279,0,0,0.1494381279,0.988771081,0,2,0,0,1,2
160341322669600,2,1,1,200,0.988771081,-0.1494381279,0,0,0.1494381279,0.988771081,0,1,0,0,1,2
160341322711100,1,1,1,200,0.988771081,-0.1494381279,0,0,0.1494381279,0.988771081,0,2,0,0,1,2
160341337957800,2,1,1,200,0.988771081,-0.1494381279,0,0,0.1494381279,0.988771081,0,1,0,0,1,2
160341337992700,1,1,1,200,0.988771081,-0.1494381279,0,0,0.1494381279,0.988771081,0,2,0,0,1,2
160341353433200,2,1,1,200,0.988771081,-0.1494381279,0,0,0.1494381279,0.988771081,0,1,0,0,1,2
160341353579500,1,1,1,200,0.988771081,-0.1494381279,0,0,0.1494381279,0.988771081,0,2,0,0,1,2
160341369061900,2,1,1,200,0.988771081,-0.1494381279,0,0,0.1494381279,0.988771081,0,1,0,0,1,2
160341369107000,1,1,1,200,0.988771081,-0.1494381279,0,0,0.1494381279,0.988771081,0,2,0,0,1,2
160341384710700,2,1,1,200,0.988771081,-0.1494381279,0,0,0.1494381279,0.988771081,0,1,0,0,1,2
160341384775900,1,1,1,200,0.988771081,-0.1494381279,0,0,0.1494381279,0.988771081,0,2,0,0,1,2
160341400287500,2,1,1,200,0.988771081,-0.1494381279,0,0,0.1494381279,0.988771081,0,1,0,0,1,2
160341400322500,1,1,1,200,0.988771081,-0.1494381279,0,0,0.1494381279,0.988771081,0,2,0,0,1,2
160341416341900,2,1,1,200,0.988771081,-0.1494381279,0,0,0.1494381279,0.988771081,0,1,0,0,1,2
160341416371500,1,1,1,200,0.988771081,-0.1494381279,0,0,0.1494381279,0.988771081,0,2,0,0,1,2
160341431773600,2,1,1,200,0.988771081,-0.1494381279,0,0,0.1494381279,0.988771081,0,1,0,0,1,2
160341431800100,1,1,1,200,0.988771081,-0.1494381279,0,0,0.1494381279,0.988771081,0,2,0,0,1,2
160341447360300,2,1,1,200,0.988771081,-0.1494381279,0,0,0.1494381279,0.988771081,0,1,0,0,1,2
160341447478300,1,1,1,200,0.988771081,-0.1494381279,0,0,0.1494381279,0.988771081,0,2,0,0,1,2
160341463020700,2,1,1,200,0.988771081,-0.1494381279,0,0,0.1494381279,0.988771081,0,1,0,0,1,2
160341463062700,1,1,1,200,0.988771081,-0.1494381279,0,0,0.1494381279,0.988771081,0,2,0,0,1,2
160341478460200,2,1,1,200,0.988771081,-0.1494381279,0,0,0.1494381279,0.988771081,0,1,0,0,1,2
160341478510500,1,1,1,200,0.988771081,-0.1494381279,0,0,0.1494381279,0.988771081,0,2,0,0,1,2
160341493936000,2,1,1,200,0.988771081,-0.1494381279,0,0,0.1494381279,0.988771081,0,1,0,0,1,2
160341493988300,1,1,1,200,0.988771081,-0.1494381279,0,0,0.1494381279,0.988771081,0,2,0,0,1,2
160341509526400,2,1,1,200,0.988771081,-0.1494381279,0,0,0.1494381279,0.988771081,0,1,0,0,1,2
160341509591100,1,1,1,200,0.988771081,-0.1494381279,0,0,0.1494381279,0.988771081,0,2,0,0,1,2
160341524731000,2,1,1,200,0.988771081,-0.1494381279,0,0,0.1494381279,0.988771081,0,1,0,0,1,2
160341524786800,1,1,1,200,0.988771081,-0.1494381279,0,0,0.1494381279,0.988771081,0,2,0,0,1,2
160341539945900,2,1,1,200,0.988771081,-0.1494381279,0,0,0.1494381279,0.988771081,0,1,0,0,1,2
160341540043700,1,1,1,200,0.988771081,-0.1494381279,0,0,0.1494381279,0.988771081,0,2,0,0,1,2
160341555457700,2,1,1,200,0.988771081,-0.1494381279,0,0,0.1494381279,0.988771081,0,1,0,0,1,2
160341555536300,1,1,1,200,0.988771081,-0.1494381279,0,0,0.1494381279,0.988771081,0,2,0,0,1,2
160341570679000,2,1,1,200,0.988771081,-0.1494381279,0,0,0.1494381279,0.988771081,0,1,0,0,1,2
160341570719200,1,1,1,200,0.988771081,-0.1494381279,0,0,0.1494381279,0.988771081,0,2,0,0,1,2
160341586319300,2,1,1,200,0.988771081,-0.1494381279,0,0,0.1494381279,0.988771081,0,1,0,0,1,2
160341586360800,1,1,1,200,0.988771081,-0.1494381279,0,0,0.1494381279,0.988771081,0,2,0,0,1,2
160341601990500,2,1,1,200,0.988771081,-0.1494381279,0,0,0.1494381279,0.988771081,0,1,0,0,1,2
160341602034800,1,1,1,200,0.988771081,-0.1494381279,0,0,0.1494381279,0.988771081,0,2,0,0,1,2
160341617090600,2,1,1,200,0.988771081,-0.1494381279,0,0,0.1494381279,0.988771081,0,1,0,0,1,2
160341617117900,1,1,1,200,0.988771081,-0.1494381279,0,0,0.1494381279,0.988771081,0,2,0,0,1,2
160341632811300,2,1,1,200,0.988771081,-0.1494381279,0,0,0.1494381279,0.988771081,0,1,0,0,1,2
160341632866500,1,1,1,200,0.988771081,-0.1494381279,0,0,0.1494381279,0.988771081,0,2,0,0,1,2
160341648008100,2,1,1,200,0.988771081,-0.1494381279,0,0,0.1494381279,0.988771081,0,1,0,0,1,2
160341648170500,1,1,1,200,0.988771081,-0.1494381279,0,0,0.1494381279,0.988771081,0,2,0,0,1,2
160341663662200,2,1,1,200,0.988771081,-0.1494381279,0,0,0.1494381279,0.988771081,0,1,0,0,1,2
160341663703300,1,1,1,200,0.988771081,-0.1494381279,0,0,0.1494381279,0.988771081,0,2,0,0,1,2
160341679555900,2,1,1,200,0.988771081,-0.1494381279,0,0,0.1494381279,0.988771081,0,1,0,0,1,2
160341679589100,1,1,1,200,0.988771081,-0.1494381279,0,0,0.1494381279,0.988771081,0,2,0,0,1,2
160341694911800,2,1,1,200,0.988771081,-0.1494381279,0,0,0.1494381279,0.988771081,0,1,0,0,1,2
160341695002400,1,1,1,200,0.988771081,-0.1494381279,0,0,0.1494381279,0.988771081,0,2,0,0,1,2
160341710375900,2,1,1,200,0.988771081,-0.1494381279,0,0,0.1494381279,0.988771081,0,1,0,0,1,2
160341710479100,1,1,1,200,0.988771081,-0.1494381279,0,0,0.1494381279,0.988771081,0,2,0,0,1,2
160341726546900,2,1,1,200,0.988771081,-0.1494381279,0,0,0.1494381279,0.988771081,0,1,0,0,1,2
160341726587600,1,1,1,200,0.988771081,-0.1494381279,0,0,0.1494381279,0.988771081,0,2,0,0,1,2
160341742755200,2,1,1,200,0.988771081,-0.1494381279,0,0,0.1494381279,0.988771081,0,1,0,0,1,2
160341742790000,1,1,1,200,0.988771081,-0.1494381279,0,0,0.1494381279,0.988771081,0,2,0,0,1,2
160341758159900,2,1,1,200,0.988771081,-0.1494381279,0,0,0.1494381279,0.988771081,0,1,0,0,1,2
160341758192400,1,1,1,200,0.988771081,-0.1494381279,0,0,0.1494381279,0.988771081,0,2,0,0,1,2
160341773587700,2,1,1,200,0.988771081,-0.1494381279,0,0,0.1494381279,0.988771081,0,1,0,0,1,2
160341773624200,1,1,1,200,0.988771081,-0.1494381279,0,0,0.1494381279,0.988771081,0,2,0,0,1,2
160341789229000,2,1,1,200,0.988771081,-0.1494381279,0,0,0.1494381279,0.988771081,0,1,0,0,1,2
160341789281100,1,1,1,200,0.988771081,-0.1494381279,0,0,0.1494381279,0.988771081,0,2,0,0,1,2
160341804499600,2,1,1,200,0.988771081,-0.1494381279,0,0,0.1494381279,0.988771081,0,1,0,0,1,2
160341804540500,1,1,1,200,0.988771081,-0.1494381279,0,0,0.1494381279,0.988771081,0,2,0,0,1,2
160341820098200,2,1,1,200,0.988771081,-0.1494381279,0,0,0.1494381279,0.988771081,0,1,0,0,1,2
160341820130400,1,1,1,200,0.988771081,-0.1494381279,0,0,0.1494381279,0.988771081,0,2,0,0,1,2
160341835600600,2,1,1,200,0.988771081,-0.1494381279,0,0,0.1494381279,0.988771081,0,1,0,0,1,2
160341835630200,1,1,1,200,0.988771081,-0.1494381279,0,0,0.1494381279,0.988771081,0,2,0,0,1,2
160341851253800,2,1,1,200,0.988771081,-0.1494381279,0,0,0.1494381279,0.988771081,0,1,0,0,1,2
160341851283400,1,1,1,200,0.988771081,-0.1494381279,0,0,0.1494381279,0.988771081,0,2,0,0,1,2
160341866759900,2,1,1,200,0.988771081,-0.1494381279,0,0,0.1494381279,0.988771081,0,1,0,0,1,2
160341866797300,1,1,1,200,0.988771081,-0.1494381279,0,0,0.1494381279,0.988771081,0,2,0,0,1,2
160341882434400,2,1,1,200,0.988771081,-0.1494381279,0,0,0.1494381279,0.988771081,0,1,0,0,1,2
160341882462700,1,1,1,200,0.988771081,-0.1494381279,0,0,0.1494381279,0.988771081,0,2,0,0,1,2
160341897555800,2,1,1,200,0.988771081,-0.1494381279,0,0,0.1494381279,0.988771081,0,1,0,0,1,2
160341897687300,1,1,1,200,0.988771081,-0.1494381279,0,0,0.1494381279,0.988771081,0,2,0,0,1,2
160341913214800,2,1,1,200,0.988771081,-0.1494381279,0,0,0.1494381279,0.988771081,0,1,0,0,1,2
160341913265000,1,1,1,200,0.988771081,-0.1494381279,0,0,0.1494381279,0.988771081,0,2,0,0,1,2
160341928879200,2,1,1,200,0.988771081,-0.1494381279,0,0,0.1494381279,0.988771081,0,1,0,0,1,2
160341928928300,1,1,1,200,0.988771081,-0.1494381279,0,0,0.1494381279,0.988771081,0,2,0,0,1,2
160341944427500,2,1,1,200,0.988771081,-0.1494381279,0,0,0.1494381279,0.988771081,0,1,0,0,1,2
160341944482900,1,1,1,200,0.988771081,-0.1494381279,0,0,0.1494381279,0.988771081,0,2,0,0,1,2
160341959943400,2,1,1,200,0.988771081,-0.1494381279,0,0,0.1494381279,0.988771081,0,1,0,0,1,2
160341959982500,1,1,1,200,0.988771081,-0.1494381279,0,0,0.1494381279,0.988771081,0,2,0,0,1,2
160341975423100,2,1,1,200,0.988771081,-0.1494381279,0,0,0.1494381279,0.988771081,0,1,0,0,1,2
160341975459000,1,1,1,200,0.988771081,-0.1494381279,0,0,0.1494381279,0.988771081,0,2,0,0,1,2
160341991006900,2,1,1,200,0.988771081,-0.1494381279,0,0,0.1494381279,0.988771081,0,1,0,0,1,2
160341991057600,1,1,1,200,0.988771081,-0.1494381279,0,0,0.1494381279,0.988771081,0,2,0,0,1,2
160342006628100,2,1,1,200,0.988771081,-0.1494381279,0,0,0.1494381279,0.988771081,0,1,0,0,1,2
160342006750100,1,1,1,200,0.988771081,-0.1494381279,0,0,0.1494381279,0.988771081,0,2,0,0,1,2
160342022623600,2,1,1,200,0.988771081,-0.1494381279,0,0,0.1494381279,0.988771081,0,1,0,0,1,2
160342022668300,1,1,1,200,0.988771081,-0.1494381279,0,0,0.1494381279,0.988771081,0,2,0,0,1,2
160342038185000,2,1,1,200,0.988771081,-0.1494381279,0,0,0.1494381279,0.988771081,0,1,0,0,1,2
160342038284400,1,1,1,200,0.988771081,-0.1494381279,0,0,0.1494381279,0.988771081,0,2,0,0,1,2
160342053860400,2,1,1,200,0.988771081,-0.1494381279,0,0,0.1494381279,0.988771081,0,1,0,0,1,2
160342053905200,1,1,1,200,0.988771081,-0.1494381279,0,0,0.1494381279,0.988771081,0,2,0,0,1,2
160342069416700,2,1,1,200,0.988771081,-0.1494381279,0,0,0.1494381279,0.988771081,0,1,0,0,1,2
160342069460800,1,1,1,200,0.988771081,-0.1494381279,0,0,0.1494381279,0.988771081,0,2,0,0,1,2
160342085008900,2,1,1,200,0.988771081,-0.1494381279,0,0,0.1494381279,0.988771081,0,1,0,0,1,2
160342085050900,1,1,1,200,0.988771081,-0.1494381279,0,0,0.1494381279,0.988771081,0,2,0,0,1,2
160342100466900,2,1,1,200,0.988771081,0.1494381279,0,0,-0.1494381279,0.988771081,0,1,0,0,1,2
160342100493000,1,1,1,200,0.988771081,0.1494381279,0,0,-0.1494381279,0.988771081,0,2,0,0,1,2
160342116240100,2,1,1,200,0.988771081,0.1494381279,0,0,-0.1494381279,0.988771081,0,1,0,0,1,2
160342116375700,1,1,1,200,0.988771081,0.1494381279,0,0,-0.1494381279,0.988771081,0,2,0,0,1,2
160342131565100,2,1,1,200,0.988771081,0.1494381279,0,0,-0.1494381279,0.988771081,0,1,0,0,1,2
160342131595300,1,1,1,200,0.988771081,0.1494381279,0,0,-0.1494381279,0.988771081,0,2,0,0,1,2
160342146772600,2,1,1,200,0.988771081,0.1494381279,0,0,-0.1494381279,0.988771081,0,1,0,0,1,2
160342146820500,1,1,1,200,0.988771081,0.1494381279,0,0,-0.1494381279,0.988771081,0,2,0,0,1,2
160342162987100,2,1,1,200,0.988771081,0.1494381279,0,0,-0.1494381279,0.988771081,0,1,0,0,1,2
160342163030500,1,1,1,200,0.988771081,0.1494381279,0,0,-0.1494381279,0.988771081,0,2,0,0,1,2
160342178513700,2,1,1,200,0.988771081,0.1494381279,0,0,-0.1494381279,0.988771081,0,1,0,0,1,2
160342178557300,1,1,1,200,0.988771081,0.1494381279,0,0,-0.1494381279,0.988771081,0,2,0,0,1,2
160342194019300,2,1,1,200,0.988771081,0.1494381279,0,0,-0.1494381279,0.988771081,0,1,0,0,1,2
160342194048200,1,1,1,200,0.988771081,0.1494381279,0,0,-0.1494381279,0.988771081,0,2,0,0,1,2
160342209650700,2,1,1,200,0.988771081,0.1494381279,0,0,-0.1494381279,0.988771081,0,1,0,0,1,2
160342209694600,1,1,1,200,0.988771081,0.1494381279,0,0,-0.1494381279,0.988771081,0,2,0,0,1,2
160342225109500,2,1,1,200,0.988771081,0.1494381279,0,0,-0.1494381279,0.988771081,0,1,0,0,1,2
160342225150200,1,1,1,200,0.988771081,0.1494381279,0,0,-0.1494381279,0.988771081,0,2,0,0,1,2
160342240283400,2,1,1,200,0.988771081,0.1494381279,0,0,-0.1494381279,0.988771081,0,1,0,0,1,2
160342240346100,1,1,1,200,0.988771081,0.1494381279,0,0,-0.1494381279,0.988771081,0,2,0,0,1,2
160342255651700,2,1,1,200,0.988771081,0.1494381279,0,0,-0.1494381279,0.988771081,0,1,0,0,1,2
160342255708600,1,1,1,200,0.988771081,0.1494381279,0,0,-0.1494381279,0.988771081,0,2,0,0,1,2
160342271182800,2,1,1,200,0.988771081,0.1494381279,0,0,-0.1494381279,0.988771081,0,1,0,0,1,2
160342271224100,1,1,1,200,0.988771081,0.1494381279,0,0,-0.1494381279,0.988771081,0,2,0,0,1,2
160342286846300,2,1,1,200,0.988771081,0.1494381279,0,0,-0.1494381279,0.988771081,0,1,0,0,1,2
160342286882000,1,1,1,200,0.988771081,0.1494381279,0,0,-0.1494381279,0.988771081,0,2,0,0,1,2
160342302686600,2,1,1,200,0.988771081,0.1494381279,0,0,-0.1494381279,0.988771081,0,1,0,0,1,2
160342302715100,1,1,1,200,0.988771081,0.1494381279,0,0,-0.1494381279,0.988771081,0,2,0,0,1,2
160342318600600,2,1,1,200,0.988771081,0.1494381279,0,0,-0.1494381279,0.988771081,0,1,0,0,1,2
160342318728400,1,1,1,200,0.988771081,0.1494381279,0,0,-0.1494381279,0.988771081,0,2,0,0,1,2
160342334028300,2,1,1,200,0.988771081,0.1494381279,0,0,-0.1494381279,0.988771081,0,1,0,0,1,2
160342334064000,1,1,1,200,0.988771081,0.1494381279,0,0,-0.1494381279,0.988771081,0,2,0,0,1,2
160342349607100,2,1,1,200,0.988771081,0.1494381279,0,0,-0.1494381279,0.988771081,0,1,0,0,1,2
160342349643100,1,1,1,200,0.988771081,0.1494381279,0,0,-0.1494381279,0.988771081,0,2,0,0,1,2
160342365050800,2,1,1,200,0.988771081,0.1494381279,0,0,-0.1494381279,0.988771081,0,1,0,0,1,2
160342365078100,1,1,1,200,0.988771081,0.1494381279,0,0,-0.1494381279,0.988771081,0,2,0,0,1,2
160342380772800,2,1,1,200,0.988771081,0.1494381279,0,0,-0.1494381279,0.988771081,0,1,0,0,1,2
160342380799100,1,1,1,200,0.988771081,0.1494381279,0,0,-0.1494381279,0.988771081,0,2,0,0,1,2
160342396378500,2,1,1,200,0.988771081,0.1494381279,0,0,-0.1494381279,0.988771081,0,1,0,0,1,2
160342396420200,1,1,1,200,0.988771081,0.1494381279,0,0,-0.1494381279,0.988771081,0,2,0,0,1,2
160342411774100,2,1,1,200,0.988771081,0.1494381279,0,0,-0.1494381279,0.988771081,0,1,0,0,1,2
160342411860400,1,1,1,200,0.988771081,0.1494381279,0,0,-0.1494381279,0.988771081,0,2,0,0,1,2
160342426992500,2,1,1,200,0.988771081,0.1494381279,0,0,-0.1494381279,0.988771081,0,1,0,0,1,2
160342427044300,1,1,1,200,0.988771081,0.1494381279,0,0,-0.1494381279,0.988771081,0,2,0,0,1,2
160342442606300,2,1,1,200,0.988771081,0.1494381279,0,0,-0.1494381279,0.988771081,0,1,0,0,1,2
160342442656500,1,1,1,200,0.988771081,0.1494381279,0,0,-0.1494381279,0.988771081,0,2,0,0,1,2
160342457934800,2,1,1,200,0.988771081,0.1494381279,0,0,-0.1494381279,0.988771081,0,1,0,0,1,2
160342457973600,1,1,1,200,0.988771081,0.1494381279,0,0,-0.1494381279,0.988771081,0,2,0,0,1,2
160342473440200,2,1,1,200,0.988771081,0.1494381279,0,0,-0.1494381279,0.988771081,0,1,0,0,1,2
160342473524500,1,1,1,200,0.988771081,0.1494381279,0,0,-0.1494381279,0.988771081,0,2,0,0,1,2
160342489169700,2,1,1,200,0.988771081,0.1494381279,0,0,-0.1494381279,0.988771081,0,1,0,0,1,2
160342489197500,1,1,1,200,0.988771081,0.1494381279,0,0,-0.1494381279,0.988771081,0,2,0,0,1,2
160342504482700,2,1,1,200,0.988771081,0.1494381279,0,0,-0.1494381279,0.988771081,0,1,0,0,1,2
160342504529100,1,1,1,200,0.988771081,0.1494381279,0,0,-0.1494381279,0.988771081,0,2,0,0,1,2
160342520052200,2,1,1,200,0.988771081,0.1494381279,0,0,-0.1494381279,0.988771081,0,1,0,0,1,2
160342520080200,1,1,1,200,0.988771081,0.1494381279,0,0,-0.1494381279,0.988771081,0,2,0,0,1,2
160342536373500,2,1,1,200,0.988771081,0.1494381279,0,0,-0.1494381279,0.988771081,0,1,0,0,1,2
160342536425500,1,1,1,200,0.988771081,0.1494381279,0,0,-0.1494381279,0.988771081,0,2,0,0,1,2
160342551843600,2,1,1,200,0.988771081,0.1494381279,0,0,-0.1494381279,0.988771081,0,1,0,0,1,2
160342551871600,1,1,1,200,0.988771081,0.1494381279,0,0,-0.1494381279,0.988771081,0,2,0,0,1,2
160342567041800,2,1,1,200,0.988771081,0.1494381279,0,0,-0.1494381279,0.988771081,0,1,0,0,1,2
160342567083100,1,1,1,200,0.988771081,0.1494381279,0,0,-0.1494381279,0.988771081,0,2,0,0,1,2
160342582567500,2,1,1,200,0.988771081,0.1494381279,0,0,-0.1494381279,0.988771081,0,1,0,0,1,2
160342582609600,1,1,1,200,0.988771081,0.1494381279,0,0,-0.1494381279,0.988771081,0,2,0,0,1,2
160342598147700,2,1,1,200,0.988771081,0.1494381279,0,0,-0.1494381279,0.988771081,0,1,0,0,1,2
160342598183100,1,1,1,200,0.988771081,0.1494381279,0,0,-0.1494381279,0.988771081,0,2,0,0,1,2
160342613716800,2,1,1,200,0.988771081,0.1494381279,0,0,-0.1494381279,0.988771081,0,1,0,0,1,2
160342613761900,1,1,1,200,0.988771081,0.1494381279,0,0,-0.1494381279,0.988771081,0,2,0,0,1,2
160342629287600,2,1,1,200,0.988771081,0.1494381279,0,0,-0.1494381279,0.988771081,0,1,0,0,1,2
160342629344600,1,1,1,200,0.988771081,0.1494381279,0,0,-0.1494381279,0.988771081,0,2,0,0,1,2
160342644663300,2,1,1,200,0.988771081,0.1494381279,0,0,-0.1494381279,0.988771081,0,1,0,0,1,2
160342644768600,1,1,1,200,0.988771081,0.1494381279,0,0,-0.1494381279,0.988771081,0,2,0,0,1,2
160342660329200,2,1,1,200,0.988771081,0.1494381279,0,0,-0.1494381279,0.988771081,0,1,0,0,1,2
160342660372700,1,1,1,200,0.988771081,0.1494381279,0,0,-0.1494381279,0.988771081,0,2,0,0,1,2
160342675465600,2,1,1,200,0.988771081,0.1494381279,0,0,-0.1494381279,0.988771081,0,1,0,0,1,2
160342675511900,1,1,1,200,0.988771081,0.1494381279,0,0,-0.1494381279,0.988771081,0,2,0,0,1,2
160342691059000,2,1,1,200,0.988771081,0.1494381279,0,0,-0.1494381279,0.988771081,0,1,0,0,1,2
160342691152400,1,1,1,200,0.988771081,0.1494381279,0,0,-0.1494381279,0.988771081,0,2,0,0,1,2
160342706730600,2,1,1,200,0.988771081,0.1494381279,0,0,-0.1494381279,0.988771081,0,1,0,0,1,2
160342706775100,1,1,1,200,0.988771081,0.1494381279,0,0,-0.1494381279,0.988771081,0,2,0,0,1,2
160342722845200,2,1,1,200,0.988771081,0.1494381279,0,0,-0.1494381279,0.988771081,0,1,0,0,1,2
160342722874300,1,1,1,200,0.988771081,0.1494381279,0,0,-0.1494381279,0.988771081,0,2,0,0,1,2
160342738159300,2,1,1,200,0.988771081,0.1494381279,0,0,-0.1494381279,0.988771081,0,1,0,0,1,2
160342738193800,1,1,1,200,0.988771081,0.1494381279,0,0,-0.1494381279,0.988771081,0,2,0,0,1,2
160342753661200,2,1,1,200,0.988771081,0.1494381279,0,0,-0.1494381279,0.988771081,0,1,0,0,1,2
160342753689300,1,1,1,200,0.988771081,0.1494381279,0,0,-0.1494381279,0.988771081,0,2,0,0,1,2
160342769187700,2,1,1,200,0.988771081,0.1494381279,0,0,-0.1494381279,0.988771081,0,1,0,0,1,2
160342769216300,1,1,1,200,0.988771081,0.1494381279,0,0,-0.1494381279,0.988771081,0,2,0,0,1,2
160342784368600,2,1,1,200,0.988771081,0.1494381279,0,0,-0.1494381279,0.988771081,0,1,0,0,1,2
160342784395700,1,1,1,200,0.988771081,0.1494381279,0,0,-0.1494381279,0.988771081,0,2,0,0,1,2
160342799993200,2,1,1,200,0.988771081,0.1494381279,0,0,-0.1494381279,0.988771081,0,1,0,0,1,2
160342800023500,1,1,1,200,0.988771081,0.1494381279,0,0,-0.1494381279,0.988771081,0,2,0,0,1,2
160342815483800,2,1,1,200,0.988771081,0.1494381279,0,0,-0.1494381279,0.988771081,0,1,0,0,1,2
160342815513000,1,1,1,200,0.988771081,0.1494381279,0,0,-0.1494381279,0.988771081,0,2,0,0,1,2
160342831081900,2,1,1,200,0.988771081,0.1494381279,0,0,-0.1494381279,0.988771081,0,1,0,0,1,2
160342831124300,1,1,1,200,0.988771081,0.1494381279,0,0,-0.1494381279,0.988771081,0,2,0,0,1,2
160342846626500,2,1,1,200,0.988771081,0.1494381279,0,0,-0.1494381279,0.988771081,0,1,0,0,1,2
160342846656200,1,1,1,200,0.988771081,0.1494381279,0,0,-0.1494381279,0.988771081,0,2,0,0,1,2
160342862503200,2,1,1,200,0.988771081,0.1494381279,0,0,-0.1494381279,0.988771081,0,1,0,0,1,2
160342862533300,1,1,1,200,0.988771081,0.1494381279,0,0,-0.1494381279,0.988771081,0,2,0,0,1,2
160342878000200,2,1,1,200,0.988771081,0.1494381279,0,0,-0.1494381279,0.988771081,0,1,0,0,1,2
160342878032600,1,1,1,200,0.988771081,0.1494381279,0,0,-0.1494381279,0.988771081,0,2,0,0,1,2
160342893740900,2,1,1,200,0.988771081,0.1494381279,0,0,-0.1494381279,0.988771081,0,1,0,0,1,2
160342893788500,1,1,1,200,0.988771081,0.1494381279,0,0,-0.1494381279,0.988771081,0,2,0,0,1,2
160342909249900,2,1,1,200,0.988771081,0.1494381279,0,0,-0.1494381279,0.988771081,0,1,0,0,1,2
160342909290000,1,1,1,200,0.988771081,0.1494381279,0,0,-0.1494381279,0.988771081,0,2,0,0,1,2
160342924310000,2,1,1,200,0.988771081,0.1494381279,0,0,-0.1494381279,0.988771081,0,1,0,0,1,2
160342924339500,1,1,1,200,0.988771081,0.1494381279,0,0,-0.1494381279,0.988771081,0,2,0,0,1,2
160342939813900,2,1,1,200,0.988771081,0.1494381279,0,0,-0.1494381279,0.988771081,0,1,0,0,1,2
160342940022000,1,1,1,200,0.988771081,0.1494381279,0,0,-0.1494381279,0.988771081,0,2,0,0,1,2
160342955554400,2,1,1,200,0.988771081,0.1494381279,0,0,-0.1494381279,0.988771081,0,1,0,0,1,2
160342955598500,1,1,1,200,0.988771081,0.1494381279,0,0,-0.1494381279,0.988771081,0,2,0,0,1,2
160342971056500,2,1,1,200,0.988771081,0.1494381279,0,0,-0.1494381279,0.988771081,0,1,0,0,1,2
160342971096800,1,1,1,200,0.988771081,0.1494381279,0,0,-0.1494381279,0.988771081,0,2,0,0,1,2
160342986594100,2,1,1,200,0.988771081,0.1494381279,0,0,-0.1494381279,0.988771081,0,1,0,0,1,2
160342986626700,1,1,1,200,0.988771081,0.1494381279,0,0,-0.1494381279,0.988771081,0,2,0,0,1,2
160343001811200,2,1,1,200,0.988771081,0.1494381279,0,0,-0.1494381279,0.988771081,0,1,0,0,1,2
160343002012400,1,1,1,200,0.988771081,0.1494381279,0,0,-0.1494381279,0.988771081,0,2,0,0,1,2
160343017331800,2,1,1,200,0.988771081,0.1494381279,0,0,-0.1494381279,0.988771081,0,1,0,0,1,2
160343017378100,1,1,1,200,0.988771081,0.1494381279,0,0,-0.1494381279,0.988771081,0,2,0,0,1,2
160343032609500,2,1,1,200,0.988771081,0.1494381279,0,0,-0.1494381279,0.988771081,0,1,0,0,1,2
160343032674900,1,1,1,200,0.988771081,0.1494381279,0,0,-0.1494381279,0.988771081,0,2,0,0,1,2
160343048198100,2,1,1,200,0.988771081,0.1494381279,0,0,-0.1494381279,0.988771081,0,1,0,0,1,2
160343048309300,1,1,1,200,0.988771081,0.1494381279,0,0,-0.1494381279,0.988771081,0,2,0,0,1,2
160343063769200,2,1,1,200,0.988771081,0.1494381279,0,0,-0.1494381279,0.988771081,0,1,0,0,1,2
160343063841300,1,1,1,200,0.988771081,0.1494381279,0,0,-0.1494381279,0.988771081,0,2,0,0,1,2
160343078964600,2,1,1,200,0.988771081,0.1494381279,0,0,-0.1494381279,0.988771081,0,1,0,0,1,2
160343079008400,1,1,1,200,0.988771081,0.1494381279,0,0,-0.1494381279,0.988771081,0,2,0,0,1,2
160343094901400,2,1,1,200,0.988771081,0.1494381279,0,0,-0.1494381279,0.988771081,0,1,0,0,1,2
160343094954600,1,1,1,200,0.988771081,0.1494381279,0,0,-0.1494381279,0.988771081,0,2,0,0,1,2
160343110215100,2,1,1,200,0.988771081,0.1494381279,0,0,-0.1494381279,0.988771081,0,1,0,0,1,2
160343110324400,1,1,1,200,0.988771081,0.1494381279,0,0,-0.1494381279,0.988771081,0,2,0,0,1,2
160343125419100,2,1,1,200,0.988771081,0.1494381279,0,0,-0.1494381279,0.988771081,0,1,0,0,1,2
160343125478600,1,1,1,200,0.988771081,0.1494381279,0,0,-0.1494381279,0.988771081,0,2,0,0,1,2
160343141034500,2,1,1,200,0.988771081,0.1494381279,0,0,-0.1494381279,0.988771081,0,1,0,0,1,2
160343141076900,1,1,1,200,0.988771081,0.1494381279,0,0,-0.1494381279,0.988771081,0,2,0,0,1,2
160343156693400,2,1,1,200,0.988771081,0.1494381279,0,0,-0.1494381279,0.988771081,0,1,0,0,1,2
160343156734700,1,1,1,200,0.988771081,0.1494381279,0,0,-0.1494381279,0.988771081,0,2,0,0,1,2
160343172583000,2,1,1,200,0.988771081,0.1494381279,0,0,-0.1494381279,0.988771081,0,1,0,0,1,2
160343172631100,1,1,1,200,0.988771081,0.1494381279,0,0,-0.1494381279,0.988771081,0,2,0,0,1,2
160343187930600,2,1,1,200,0.988771081,0.1494381279,0,0,-0.1494381279,0.988771081,0,1,0,0,1,2
160343188032500,1,1,1,200,0.988771081,0.1494381279,0,0,-0.1494381279,0.988771081,0,2,0,0,1,2
160343203672500,2,1,1,200,0.988771081,0.1494381279,0,0,-0.1494381279,0.988771081,0,1,0,0,1,2
160343203716900,1,1,1,200,0.988771081,0.1494381279,0,0,-0.1494381279,0.988771081,0,2,0,0,1,2
160343219172000,2,1,1,200,0.988771081,0.1494381279,0,0,-0.1494381279,0.988771081,0,1,0,0,1,2
160343219213900,1,1,1,200,0.988771081,0.1494381279,0,0,-0.1494381279,0.988771081,0,2,0,0,1,2
160343234524700,2,1,1,200,0.988771081,0.1494381279,0,0,-0.1494381279,0.988771081,0,1,0,0,1,2
160343234569000,1,1,1,200,0.988771081,0.1494381279,0,0,-0.1494381279,0.988771081,0,2,0,0,1,2
160343250420700,2,1,1,200,0.988771081,0.1494381279,0,0,-0.1494381279,0.988771081,0,1,0,0,1,2
160343250451100,1,1,1,200,0.988771081,0.1494381279,0,0,-0.1494381279,0.988771081,0,2,0,0,1,2
160343266534200,2,1,1,200,0.988771081,0.1494381279,0,0,-0.1494381279,0.988771081,0,1,0,0,1,2
160343266579100,1,1,1,200,0.988771081,0.1494381279,0,0,-0.1494381279,0.988771081,0,2,0,0,1,2
160343282553500,2,1,1,200,0.988771081,0.1494381279,0,0,-0.1494381279,0.988771081,0,1,0,0,1,2
160343282584600,1,1,1,200,0.988771081,0.1494381279,0,0,-0.1494381279,0.988771081,0,2,0,0,1,2
160343297909100,2,1,1,200,0.988771081,0.1494381279,0,0,-0.1494381279,0.988771081,0,1,0,0,1,2
160343298029000,1,1,1,200,0.988771081,0.1494381279,0,0,-0.1494381279,0.988771081,0,2,0,0,1,2
160343313404300,2,1,1,200,0.988771081,0.1494381279,0,0,-0.1494381279,0.988771081,0,1,0,0,1,2
160343313459100,1,1,1,200,0.988771081,0.1494381279,0,0,-0.1494381279,0.988771081,0,2,0,0,1,2
160343329060700,2,1,1,200,0.988771081,0.1494381279,0,0,-0.1494381279,0.988771081,0,1,0,0,1,2
160343329108900,1,1,1,200,0.988771081,0.1494381279,0,0,-0.1494381279,0.988771081,0,2,0,0,1,2
160343344292400,2,1,1,200,0.988771081,0.1494381279,0,0,-0.1494381279,0.988771081,0,1,0,0,1,2
160343344338700,1,1,1,200,0.988771081,0.1494381279,0,0,-0.1494381279,0.988771081,0,2,0,0,1,2
160343359879200,2,1,1,200,0.988771081,0.1494381279,0,0,-0.1494381279,0.988771081,0,1,0,0,1,2
160343359927600,1,1,1,200,0.988771081,0.1494381279,0,0,-0.1494381279,0.988771081,0,2,0,0,1,2
160343375272300,2,1,1,200,0.988771081,0.1494381279,0,0,-0.1494381279,0.988771081,0,1,0,0,1,2
160343375381500,1,1,1,200,0.988771081,0.1494381279,0,0,-0.1494381279,0.988771081,0,2,0,0,1,2
160343390952000,2,1,1,200,0.988771081,0.1494381279,0,0,-0.1494381279,0.988771081,0,1,0,0,1,2
160343390994800,1,1,1,200,0.988771081,0.1494381279,0,0,-0.1494381279,0.988771081,0,2,0,0,1,2
160343406600000,2,1,1,200,0.988771081,0.1494381279,0,0,-0.1494381279,0.988771081,0,1,0,0,1,2
160343406722100,1,1,1,200,0.988771081,0.1494381279,0,0,-0.1494381279,0.988771081,0,2,0,0,1,2
160343422675000,2,1,1,200,0.988771081,0.1494381279,0,0,-0.1494381279,0.988771081,0,1,0,0,1,2
160343422708000,1,1,1,200,0.988771081,0.1494381279,0,0,-0.1494381279,0.988771081,0,2,0,0,1,2
160343438009500,2,1,1,200,0.988771081,0.1494381279,0,0,-0.1494381279,0.988771081,0,1,0,0,1,2
160343438040800,1,1,1,200,0.988771081,0.1494381279,0,0,-0.1494381279,0.988771081,0,2,0,0,1,2
160343453524000,2,1,1,200,0.988771081,0.1494381279,0,0,-0.1494381279,0.988771081,0,1,0,0,1,2
160343453682600,1,1,1,200,0.988771081,0.1494381279,0,0,-0.1494381279,0.988771081,0,2,0,0,1,2
160343468899500,2,1,1,200,0.988771081,0.1494381279,0,0,-0.1494381279,0.988771081,0,1,0,0,1,2
160343468952700,1,1,1,200,0.988771081,0.1494381279,0,0,-0.1494381279,0.988771081,0,2,0,0,1,2
160343484373600,2,1,1,200,0.988771081,0.1494381279,0,0,-0.1494381279,0.988771081,0,1,0,0,1,2
160343484448700,1,1,1,200,0.988771081,0.1494381279,0,0,-0.1494381279,0.988771081,0,2,0,0,1,2
160343499540100,2,1,1,200,0.988771081,0.1494381279,0,0,-0.1494381279,0.988771081,0,1,0,0,1,2
160343499574300,1,1,1,200,0.988771081,0.1494381279,0,0,-0.1494381279,0.988771081,0,2,0,0,1,2
160343515098000,2,1,1,200,0.988771081,0.1494381279,0,0,-0.1494381279,0.988771081,0,1,0,0,1,2
160343515138500,1,1,1,200,0.988771081,0.1494381279,0,0,-0.1494381279,0.988771081,0,2,0,0,1,2
160343530639400,2,1,1,200,0.988771081,0.1494381279,0,0,-0.1494381279,0.988771081,0,1,0,0,1,2
160343530678600,1,1,1,200,0.988771081,0.1494381279,0,0,-0.1494381279,0.988771081,0,2,0,0,1,2
160343546240500,2,1,1,200,0.988771081,0.1494381279,0,0,-0.1494381279,0.988771081,0,1,0,0,1,2
160343546274900,1,1,1,200,0.988771081,0.1494381279,0,0,-0.1494381279,0.988771081,0,2,0,0,1,2
160343561796700,2,1,1,200,1,0,0,0,0,1,0,1,0,0,1,0
160343561888800,1,1,1,200,1,0,0,0,0,1,0,2,0,0,1,0
160343577268000,2,1,1,200,1,0,0,0,0,1,0,1,0,0,1,0
160343577315500,1,1,1,200,1,0,0,0,0,1,0,2,0,0,1,0
160343592927400,2,1,1,200,1,0,0,0,0,1,0,1,0,0,1,0
160343592976500,1,1,1,200,1,0,0,0,0,1,0,2,0,0,1,0
160343608316000,2,1,1,200,1,0,0,0,0,1,0,1,0,0,1,0
160343608508100,1,1,1,200,1,0,0,0,0,1,0,2,0,0,1,0
160343623454800,2,1,1,200,1,0,0,0,0,1,0,1,0,0,1,0
160343623483400,1,1,1,200,1,0,0,0,0,1,0,2,0,0,1,0
160343638794700,2,1,1,200,1,0,0,0,0,1,0,1,0,0,1,0
160343638841800,1,1,1,200,1,0,0,0,0,1,0,2,0,0,1,0
160343654375300,2,1,1,200,1,0,0,0,0,1,0,1,0,0,1,0
160343654418400,1,1,1,200,1,0,0,0,0,1,0,2,0,0,1,0
160343669931200,2,1,1,200,1,0,0,0,0,1,0,1,0,0,1,0
160343669958100,1,1,1,200,1,0,0,0,0,1,0,2,0,0,1,0
160343685501800,2,1,1,200,1,0,0,0,0,1,0,1,0,0,1,0
160343685533400,1,1,1,200,1,0,0,0,0,1,0,2,0,0,1,0
160343701010000,2,1,1,200,1,0,0,0,0,1,0,1,0,0,1,0
160343701052700,1,1,1,200,1,0,0,0,0,1,0,2,0,0,1,0
160343716595000,2,1,1,200,1,0,0,0,0,1,0,1,0,0,1,0
160343716621500,1,1,1,200,1,0,0,0,0,1,0,2,0,0,1,0
160343731758400,2,1,1,200,1,0,0,0,0,1,0,1,0,0,1,0
160343731786700,1,1,1,200,1,0,0,0,0,1,0,2,0,0,1,0
160343747396100,2,1,1,200,1,0,0,0,0,1,0,1,0,0,1,0
160343747424100,1,1,1,200,1,0,0,0,0,1,0,2,0,0,1,0
160343763005900,2,1,1,200,1,0,0,0,0,1,0,1,0,0,1,0
160343763048500,1,1,1,200,1,0,0,0,0,1,0,2,0,0,1,0
160343778128600,2,1,1,200,1,0,0,0,0,1,0,1,0,0,1,0
160343778161100,1,1,1,200,1,0,0,0,0,1,0,2,0,0,1,0
160343793639800,2,1,1,200,1,0,0,0,0,1,0,1,0,0,1,0
160343793688800,1,1,1,200,1,0,0,0,0,1,0,2,0,0,1,0
160343809196100,2,1,1,200,1,0,0,0,0,1,0,1,0,0,1,0
160343809231100,1,1,1,200,1,0,0,0,0,1,0,2,0,0,1,0
160343824365600,2,1,1,200,1,0,0,0,0,1,0,1,0,0,1,0
160343824413100,1,1,1,200,1,0,0,0,0,1,0,2,0,0,1,0
160343839905900,2,1,1,200,1,0,0,0,0,1,0,1,0,0,1,0
160343839959500,1,1,1,200,1,0,0,0,0,1,0,2,0,0,1,0
160343855485800,2,1,1,200,1,0,0,0,0,1,0,1,0,0,1,0
160343855511400,1,1,1,200,1,0,0,0,0,1,0,2,0,0,1,0
160343871078000,2,1,1,200,1,0,0,0,0,1,0,1,0,0,1,0
160343871167500,1,1,1,200,1,0,0,0,0,1,0,2,0,0,1,0
160343886378300,2,1,1,200,1,0,0,0,0,1,0,1,0,0,1,0
160343886450200,1,1,1,200,1,0,0,0,0,1,0,2,0,0,1,0
160343902471800,2,1,1,200,1,0,0,0,0,1,0,1,0,0,1,0
160343902527100,1,1,1,200,1,0,0,0,0,1,0,2,0,0,1,0
160343918082900,2,1,1,200,1,0,0,0,0,1,0,1,0,0,1,0
160343918108100,1,1,1,200,1,0,0,0,0,1,0,2,0,0,1,0
160343933895700,2,1,1,200,1,0,0,0,0,1,0,1,0,0,1,0
160343933981100,1,1,1,200,1,0,0,0,0,1,0,2,0,0,1,0
160343948980600,2,1,1,200,1,0,0,0,0,1,0,1,0,0,1,0
160343949091500,1,1,1,200,1,0,0,0,0,1,0,2,0,0,1,0
160343964581800,2,1,1,200,1,0,0,0,0,1,0,1,0,0,1,0
160343964614800,1,1,1,200,1,0,0,0,0,1,0,2,0,0,1,0
160343980132700,2,1,1,200,1,0,0,0,0,1,0,1,0,0,1,0
160343980174600,1,1,1,200,1,0,0,0,0,1,0,2,0,0,1,0
160343996208100,2,1,1,200,1,0,0,0,0,1,0,1,0,0,1,0
160343996237200,1,1,1,200,1,0,0,0,0,1,0,2,0,0,1,0
160344012160400,2,1,1,200,1,0,0,0,0,1,0,1,0,0,1,0
160344012190800,1,1,1,200,1,0,0,0,0,1,0,2,0,0,1,0
160344027689100,2,1,1,200,1,0,0,0,0,1,0,1,0,0,1,0
160344027716900,1,1,1,200,1,0,0,0,0,1,0,2,0,0,1,0
160344043323300,2,1,1,200,1,0,0,0,0,1,0,1,0,0,1,0
160344043364300,1,1,1,200,1,0,0,0,0,1,0,2,0,0,1,0
160344059270000,2,1,1,200,1,0,0,0,0,1,0,1,0,0,1,0
160344059302100,1,1,1,200,1,0,0,0,0,1,0,2,0,0,1,0
160344074867200,2,1,1,200,1,0,0,0,0,1,0,1,0,0,1,0
160344074907700,1,1,1,200,1,0,0,0,0,1,0,2,0,0,1,0
160344089978100,2,1,1,200,1,0,0,0,0,1,0,1,0,0,1,0
160344090009000,1,1,1,200,1,0,0,0,0,1,0,2,0,0,1,0
160344105793300,2,1,1,200,1,0,0,0,0,1,0,1,0,0,1,0
160344105866600,1,1,1,200,1,0,0,0,0,1,0,2,0,0,1,0
160344121305900,2,1,1,200,1,0,0,0,0,1,0,1,0,0,1,0
160344121368500,1,1,1,200,1,0,0,0,0,1,0,2,0,0,1,0
160344137428600,2,1,1,200,1,0,0,0,0,1,0,1,0,0,1,0
160344137464700,1,1,1,200,1,0,0,0,0,1,0,2,0,0,1,0
160344152987000,2,1,1,200,1,0,0,0,0,1,0,1,0,0,1,0
160344153052100,1,1,1,200,1,0,0,0,0,1,0,2,0,0,1,0
160344168181300,2,1,1,200,1,0,0,0,0,1,0,1,0,0,1,0
160344168246500,1,1,1,200,1,0,0,0,0,1,0,2,0,0,1,0
160344183762800,2,1,1,200,1,0,0,0,0,1,0,1,0,0,1,0
160344183788700,1,1,1,200,1,0,0,0,0,1,0,2,0,0,1,0
160344199420200,2,1,1,200,1,0,0,0,0,1,0,1,0,0,1,0
160344199462300,1,1,1,200,1,0,0,0,0,1,0,2,0,0,1,0
160344214895200,2,1,1,200,1,0,0,0,0,1,0,1,0,0,1,0
160344214921400,1,1,1,200,1,0,0,0,0,1,0,2,0,0,1,0
160344230037600,2,1,1,200,1,0,0,0,0,1,0,1,0,0,1,0
160344230128500,1,1,1,200,1,0,0,0,0,1,0,2,0,0,1,0
160344245650200,2,1,1,200,1,0,0,0,0,1,0,1,0,0,1,0
160344245821300,1,1,1,200,1,0,0,0,0,1,0,2,0,0,1,0
160344260794800,2,1,1,200,1,0,0,0,0,1,0,1,0,0,1,0
160344260941200,1,1,1,200,1,0,0,0,0,1,0,2,0,0,1,0
160344276308100,2,1,1,200,1,0,0,0,0,1,0,1,0,0,1,0
160344276352800,1,1,1,200,1,0,0,0,0,1,0,2,0,0,1,0
160344291542500,2,1,1,200,1,0,0,0,0,1,0,1,0,0,1,0
160344291596600,1,1,1,200,1,0,0,0,0,1,0,2,0,0,1,0
160344307155300,2,1,1,200,1,0,0,0,0,1,0,1,0,0,1,0
160344307272900,1,1,1,200,1,0,0,0,0,1,0,2,0,0,1,0
160344322464500,2,1,1,200,1,0,0,0,0,1,0,1,0,0,1,0
160344322499800,1,1,1,200,1,0,0,0,0,1,0,2,0,0,1,0
160344338118000,2,1,1,200,1,0,0,0,0,1,0,1,0,0,1,0
160344338160500,1,1,1,200,1,0,0,0,0,1,0,2,0,0,1,0
160344353497200,2,1,1,200,1,0,0,0,0,1,0,1,0,0,1,0
160344353582700,1,1,1,200,1,0,0,0,0,1,0,2,0,0,1,0
160344368975600,2,1,1,200,1,0,0,0,0,1,0,1,0,0,1,0
160344369002800,1,1,1,200,1,0,0,0,0,1,0,2,0,0,1,0
160344384661900,2,1,1,200,1,0,0,0,0,1,0,1,0,0,1,0
160344384703200,1,1,1,200,1,0,0,0,0,1,0,2,0,0,1,0
160344400149400,2,1,1,200,1,0,0,0,0,1,0,1,0,0,1,0
160344400176800,1,1,1,200,1,0,0,0,0,1,0,2,0,0,1,0
160344416369000,2,1,1,200,1,0,0,0,0,1,0,1,0,0,1,0
160344416435000,1,1,1,200,1,0,0,0,0,1,0,2,0,0,1,0
160344431839400,2,1,1,200,1,0,0,0,0,1,0,1,0,0,1,0
160344431905900,1,1,1,200,1,0,0,0,0,1,0,2,0,0,1,0
160344447418500,2,1,1,200,1,0,0,0,0,1,0,1,0,0,1,0
160344447445200,1,1,1,200,1,0,0,0,0,1,0,2,0,0,1,0
160344462852700,2,1,1,200,1,0,0,0,0,1,0,1,0,0,1,0
160344462899800,1,1,1,200,1,0,0,0,0,1,0,2,0,0,1,0
160344478319800,2,1,1,200,1,0,0,0,0,1,0,1,0,0,1,0
160344478360000,1,1,1,200,1,0,0,0,0,1,0,2,0,0,1,0
160344493627200,2,1,1,200,1,0,0,0,0,1,0,1,0,0,1,0
160344493674100,1,1,1,200,1,0,0,0,0,1,0,2,0,0,1,0
160344508918600,2,1,1,200,1,0,0,0,0,1,0,1,0,0,1,0
160344508948700,1,1,1,200,1,0,0,0,0,1,0,2,0,0,1,0
160344524561000,2,1,1,200,1,0,0,0,0,1,0,1,0,0,1,0
160344524616400,1,1,1,200,1,0,0,0,0,1,0,2,0,0,1,0
160344540636300,2,1,1,200,1,0,0,0,0,1,0,1,0,0,1,0
160344540665000,1,1,1,200,1,0,0,0,0,1,0,2,0,0,1,0
160344556647600,2,1,1,200,1,0,0,0,0,1,0,1,0,0,1,0
160344556779400,1,1,1,200,1,0,0,0,0,1,0,2,0,0,1,0
160344572918600,2,1,1,200,1,0,0,0,0,1,0,1,0,0,1,0
160344572956200,1,1,1,200,1,0,0,0,0,1,0,2,0,0,1,0
160344588326000,2,1,1,200,1,0,0,0,0,1,0,1,0,0,1,0
160344588354500,1,1,1,200,1,0,0,0,0,1,0,2,0,0,1,0
160344603927500,2,1,1,200,1,0,0,0,0,1,0,1,0,0,1,0
160344603956700,1,1,1,200,1,0,0,0,0,1,0,2,0,0,1,0
160344619472500,2,1,1,200,1,0,0,0,0,1,0,1,0,0,1,0
160344619510400,1,1,1,200,1,0,0,0,0,1,0,2,0,0,1,0
160344634471800,2,1,1,200,1,0,0,0,0,1,0,1,0,0,1,0
160344634497100,1,1,1,200,1,0,0,0,0,1,0,2,0,0,1,0
160344650040000,2,1,1,200,1,0,0,0,0,1,0,1,0,0,1,0
160344650177000,1,1,1,200,1,0,0,0,0,1,0,2,0,0,1,0
160344666226400,2,1,1,200,1,0,0,0,0,1,0,1,0,0,1,0
160344666261100,1,1,1,200,1,0,0,0,0,1,0,2,0,0,1,0
160344681438800,2,1,1,200,1,0,0,0,0,1,0,1,0,0,1,0
160344681467200,1,1,1,200,1,0,0,0,0,1,0,2,0,0,1,0
160344697570200,2,1,1,200,1,0,0,0,0,1,0,1,0,0,1,0
160344697645800,1,1,1,200,1,0,0,0,0,1,0,2,0,0,1,0
160344713152900,2,1,1,200,1,0,0,0,0,1,0,1,0,0,1,0
160344713189500,1,1,1,200,1,0,0,0,0,1,0,2,0,0,1,0
160344728197500,2,1,1,200,1,0,0,0,0,1,0,1,0,0,1,0
160344728225700,1,1,1,200,1,0,0,0,0,1,0,2,0,0,1,0
160344743889500,2,1,1,200,1,0,0,0,0,1,0,1,0,0,1,0
160344743931000,1,1,1,200,1,0,0,0,0,1,0,2,0,0,1,0
160344759789500,2,1,1,200,1,0,0,0,0,1,0,1,0,0,1,0
160344759907000,1,1,1,200,1,0,0,0,0,1,0,2,0,0,1,0
160344775449200,2,1,1,200,1,0,0,0,0,1,0,1,0,0,1,0
160344775478200,1,1,1,200,1,0,0,0,0,1,0,2,0,0,1,0
160344790919300,2,1,1,200,1,0,0,0,0,1,0,1,0,0,1,0
160344790959000,1,1,1,200,1,0,0,0,0,1,0,2,0,0,1,0
160344806628200,2,1,1,200,1,0,0,0,0,1,0,1,0,0,1,0
160344806668600,1,1,1,200,1,0,0,0,0,1,0,2,0,0,1,0
160344822289400,2,1,1,200,1,0,0,0,0,1,0,1,0,0,1,0
160344822322900,1,1,1,200,1,0,0,0,0,1,0,2,0,0,1,0
160344837824300,2,1,1,200,1,0,0,0,0,1,0,1,0,0,1,0
160344837861400,1,1,1,200,1,0,0,0,0,1,0,2,0,0,1,0
160344853500000,2,1,1,200,1,0,0,0,0,1,0,1,0,0,1,0
160344853538300,1,1,1,200,1,0,0,0,0,1,0,2,0,0,1,0
160344869031400,2,1,1,200,1,0,0,0,0,1,0,1,0,0,1,0
160344869068400,1,1,1,200,1,0,0,0,0,1,0,2,0,0,1,0
160344884604500,2,1,1,200,1,0,0,0,0,1,0,1,0,0,1,0
160344884674200,1,1,1,200,1,0,0,0,0,1,0,2,0,0,1,0
160344900190100,2,1,1,200,1,0,0,0,0,1,0,1,0,0,1,0
160344900234600,1,1,1,200,1,0,0,0,0,1,0,2,0,0,1,0
160344915680300,2,1,1,200,1,0,0,0,0,1,0,1,0,0,1,0
160344915709300,1,1,1,200,1,0,0,0,0,1,0,2,0,0,1,0
160344931326300,2,1,1,200,1,0,0,0,0,1,0,1,0,0,1,0
160344931360100,1,1,1,200,1,0,0,0,0,1,0,2,0,0,1,0
160344946744000,2,1,1,200,1,0,0,0,0,1,0,1,0,0,1,0
160344946856800,1,1,1,200,1,0,0,0,0,1,0,2,0,0,1,0
160344962862400,2,1,1,200,1,0,0,0,0,1,0,1,0,0,1,0
160344962932000,1,1,1,200,1,0,0,0,0,1,0,2,0,0,1,0
160344978401800,2,1,1,200,1,0,0,0,0,1,0,1,0,0,1,0
160344978430300,1,1,1,200,1,0,0,0,0,1,0,2,0,0,1,0
160344993821000,2,1,1,200,1,0,0,0,0,1,0,1,0,0,1,0
160344993858500,1,1,1,200,1,0,0,0,0,1,0,2,0,0,1,0
160345009294800,2,1,1,200,1,0,0,0,0,1,0,1,0,0,1,0
160345009410400,1,1,1,200,1,0,0,0,0,1,0,2,0,0,1,0
160345025291100,2,1,1,200,1,0,0,0,0,1,0,1,0,0,1,0
160345025336300,1,1,1,200,1,0,0,0,0,1,0,2,0,0,1,0
160345040820100,2,1,1,200,1,0,0,0,0,1,0,1,0,0,1,0
160345040897600,1,1,1,200,1,0,0,0,0,1,0,2,0,0,1,0
160345056407600,2,1,1,200,1,0,0,0,0,1,0,1,0,0,1,0
160345056445800,1,1,1,200,1,0,0,0,0,1,0,2,0,0,1,0
160345072545200,2,1,1,200,1,0,0,0,0,1,0,1,0,0,1,0
160345072573400,1,1,1,200,1,0,0,0,0,1,0,2,0,0,1,0
160345087982600,2,1,1,200,1,0,0,0,0,1,0,1,0,0,1,0
160345088056300,1,1,1,200,1,0,0,0,0,1,0,2,0,0,1,0
160345103261800,2,1,1,200,1,0,0,0,0,1,0,1,0,0,1,0
160345103289200,1,1,1,200,1,0,0,0,0,1,0,2,0,0,1,0
160345118694200,2,1,1,200,1,0,0,0,0,1,0,1,0,0,1,0
160345118739000,1,1,1,200,1,0,0,0,0,1,0,2,0,0,1,0
160345134382400,2,1,1,200,1,0,0,0,0,1,0,1,0,0,1,0
160345134422700,1,1,1,200,1,0,0,0,0,1,0,2,0,0,1,0
160345149845500,2,1,1,200,1,0,0,0,0,1,0,1,0,0,1,0
160345149874300,1,1,1,200,1,0,0,0,0,1,0,2,0,0,1,0
160345165327400,2,1,1,200,1,0,0,0,0,1,0,1,0,0,1,0
160345165353800,1,1,1,200,1,0,0,0,0,1,0,2,0,0,1,0
160345180783800,2,1,1,200,1,0,0,0,0,1,0,1,0,0,1,0
160345180838800,1,1,1,200,1,0,0,0,0,1,0,2,0,0,1,0
160345196329600,2,1,1,200,1,0,0,0,0,1,0,1,0,0,1,0
160345196383700,1,1,1,200,1,0,0,0,0,1,0,2,0,0,1,0
160345211851900,2,1,1,200,1,0,0,0,0,1,0,1,0,0,1,0
160345211899000,1,1,1,200,1,0,0,0,0,1,0,2,0,0,1,0
160345227234200,2,1,1,200,1,0,0,0,0,1,0,1,0,0,1,0
160345227270500,1,1,1,200,1,0,0,0,0,1,0,2,0,0,1,0
160345242610500,2,1,1,200,1,0,0,0,0,1,0,1,0,0,1,0
160345242652800,1,1,1,200,1,0,0,0,0,1,0,2,0,0,1,0
160345257920500,2,1,1,200,1,0,0,0,0,1,0,1,0,0,1,0
160345257958300,1,1,1,200,1,0,0,0,0,1,0,2,0,0,1,0
160345273443100,2,1,1,200,1,0,0,0,0,1,0,1,0,0,1,0
160345273503300,1,1,1,200,1,0,0,0,0,1,0,2,0,0,1,0
160345289199900,2,1,1,200,1,0,0,0,0,1,0,1,0,0,1,0
160345289240400,1,1,1,200,1,0,0,0,0,1,0,2,0,0,1,0
160345304660000,2,1,1,200,1,0,0,0,0,1,0,1,0,0,1,0
160345304706400,1,1,1,200,1,0,0,0,0,1,0,2,0,0,1,0
160345320226400,2,1,1,200,1,0,0,0,0,1,0,1,0,0,1,0
160345320258700,1,1,1,200,1,0,0,0,0,1,0,2,0,0,1,0
160345336173100,2,1,1,200,1,0,0,0,0,1,0,1,0,0,1,0
160345336323300,1,1,1,200,1,0,0,0,0,1,0,2,0,0,1,0
160345351481400,2,1,1,200,1,0,0,0,0,1,0,1,0,0,1,0
160345351538900,1,1,1,200,1,0,0,0,0,1,0,2,0,0,1,0
160345366993900,2,1,1,200,1,0,0,0,0,1,0,1,0,0,1,0
160345367135400,1,1,1,200,1,0,0,0,0,1,0,2,0,0,1,0
160345382691500,2,1,1,200,1,0,0,0,0,1,0,1,0,0,1,0
160345382730200,1,1,1,200,1,0,0,0,0,1,0,2,0,0,1,0
160345398238800,2,1,1,200,1,0,0,0,0,1,0,1,0,0,1,0
160345398284300,1,1,1,200,1,0,0,0,0,1,0,2,0,0,1,0
160345413825400,2,1,1,200,1,0,0,0,0,1,0,1,0,0,1,0
160345413886600,1,1,1,200,1,0,0,0,0,1,0,2,0,0,1,0
160345429402000,2,1,1,200,1,0,0,0,0,1,0,1,0,0,1,0
160345429440100,1,1,1,200,1,0,0,0,0,1,0,2,0,0,1,0
160345444964200,2,1,1,200,1,0,0,0,0,1,0,1,0,0,1,0
160345445015700,1,1,1,200,1,0,0,0,0,1,0,2,0,0,1,0
160345460471500,2,1,1,200,1,0,0,0,0,1,0,1,0,0,1,0
160345460515600,1,1,1,200,1,0,0,0,0,1,0,2,0,0,1,0
160345476288000,2,1,1,200,1,0,0,0,0,1,0,1,0,0,1,0
160345476335700,1,1,1,200,1,0,0,0,0,1,0,2,0,0,1,0
160345491791000,2,1,1,200,1,0,0,0,0,1,0,1,0,0,1,0
160345491834300,1,1,1,200,1,0,0,0,0,1,0,2,0,0,1,0
160345507332000,2,1,1,200,1,0,0,0,0,1,0,1,0,0,1,0
160345507376500,1,1,1,200,1,0,0,0,0,1,0,2,0,0,1,0
160345522864100,2,1,1,200,1,0,0,0,0,1,0,1,0,0,1,0
160345522934500,1,1,1,200,1,0,0,0,0,1,0,2,0,0,1,0
160345538444700,2,1,1,200,1,0,0,0,0,1,0,1,0,0,1,0
160345538481400,1,1,1,200,1,0,0,0,0,1,0,2,0,0,1,0
160345553926800,2,1,1,200,1,0,0,0,0,1,0,1,0,0,1,0
160345553974700,1,1,1,200,1,0,0,0,0,1,0,2,0,0,1,0
160345569577900,2,1,1,200,1,0,0,0,0,1,0,1,0,0,1,0
160345569620800,1,1,1,200,1,0,0,0,0,1,0,2,0,0,1,0
160345585047500,2,1,1,200,1,0,0,0,0,1,0,1,0,0,1,0
160345585080200,1,1,1,200,1,0,0,0,0,1,0,2,0,0,1,0
160345600595600,2,1,1,200,1,0,0,0,0,1,0,1,0,0,1,0
160345600623300,1,1,1,200,1,0,0,0,0,1,0,2,0,0,1,0
160345616161500,2,1,1,200,1,0,0,0,0,1,0,1,0,0,1,0
160345616265500,1,1,1,200,1,0,0,0,0,1,0,2,0,0,1,0
160345631607000,2,1,1,200,1,0,0,0,0,1,0,1,0,0,1,0
160345631656300,1,1,1,200,1,0,0,0,0,1,0,2,0,0,1,0
160345647189600,2,1,1,200,1,0,0,0,0,1,0,1,0,0,1,0
160345647295600,1,1,1,200,1,0,0,0,0,1,0,2,0,0,1,0
160345662743800,2,1,1,200,1,0,0,0,0,1,0,1,0,0,1,0
160345662770300,1,1,1,200,1,0,0,0,0,1,0,2,0,0,1,0
160345678234600,2,1,1,200,1,0,0,0,0,1,0,1,0,0,1,0
160345678285600,1,1,1,200,1,0,0,0,0,1,0,2,0,0,1,0
160345693740400,2,1,1,200,1,0,0,0,0,1,0,1,0,0,1,0
160345693780800,1,1,1,200,1,0,0,0,0,1,0,2,0,0,1,0
160345709124400,2,1,1,200,1,0,0,0,0,1,0,1,0,0,1,0
160345709171100,1,1,1,200,1,0,0,0,0,1,0,2,0,0,1,0
160345724660700,2,1,1,200,1,0,0,0,0,1,0,1,0,0,1,0
160345724729800,1,1,1,200,1,0,0,0,0,1,0,2,0,0,1,0
160345740092700,2,1,1,200,1,0,0,0,0,1,0,1,0,0,1,0
160345740146000,1,1,1,200,1,0,0,0,0,1,0,2,0,0,1,0
160345756223400,2,1,1,200,1,0,0,0,0,1,0,1,0,0,1,0
160345756392700,1,1,1,200,1,0,0,0,0,1,0,2,0,0,1,0
160345771734500,2,1,1,200,1,0,0,0,0,1,0,1,0,0,1,0
160345771783000,1,1,1,200,1,0,0,0,0,1,0,2,0,0,1,0
160345787494900,2,1,1,200,1,0,0,0,0,1,0,1,0,0,1,0
160345787537200,1,1,1,200,1,0,0,0,0,1,0,2,0,0,1,0
160345802655800,2,1,1,200,1,0,0,0,0,1,0,1,0,0,1,0
160345802684100,1,1,1,200,1,0,0,0,0,1,0,2,0,0,1,0
160345818164200,2,1,1,200,1,0,0,0,0,1,0,1,0,0,1,0
160345818192200,1,1,1,200,1,0,0,0,0,1,0,2,0,0,1,0
160345833721700,2,1,1,200,1,0,0,0,0,1,0,1,0,0,1,0
160345833748700,1,1,1,200,1,0,0,0,0,1,0,2,0,0,1,0
160345849416200,2,1,1,200,1,0,0,0,0,1,0,1,0,0,1,0
160345849459400,1,1,1,200,1,0,0,0,0,1,0,2,0,0,1,0
160345865027500,2,1,1,200,1,0,0,0,0,1,0,1,0,0,1,0
160345865069000,1,1,1,200,1,0,0,0,0,1,0,2,0,0,1,0
160345880514100,2,1,1,200,1,0,0,0,0,1,0,1,0,0,1,0
160345880548500,1,1,1,200,1,0,0,0,0,1,0,2,0,0,1,0
160345896565200,2,1,1,200,1,0,0,0,0,1,0,1,0,0,1,0
160345896593900,1,1,1,200,1,0,0,0,0,1,0,2,0,0,1,0
160345911731700,2,1,1,200,1,0,0,0,0,1,0,1,0,0,1,0
160345911759700,1,1,1,200,1,0,0,0,0,1,0,2,0,0,1,0
160345927363000,2,1,1,200,1,0,0,0,0,1,0,1,0,0,1,0
160345927404900,1,1,1,200,1,0,0,0,0,1,0,2,0,0,1,0
160345943007500,2,1,1,200,1,0,0,0,0,1,0,1,0,0,1,0
160345943057000,1,1,1,200,1,0,0,0,0,1,0,2,0,0,1,0
160345958131200,2,1,1,200,1,0,0,0,0,1,0,1,0,0,1,0
160345958196200,1,1,1,200,1,0,0,0,0,1,0,2,0,0,1,0
160345973684200,2,1,1,200,1,0,0,0,0,1,0,1,0,0,1,0
160345973711300,1,1,1,200,1,0,0,0,0,1,0,2,0,0,1,0
160345989353500,2,1,1,200,1,0,0,0,0,1,0,1,0,0,1,0
160345989396900,1,1,1,200,1,0,0,0,0,1,0,2,0,0,1,0
160346004871700,2,1,1,200,1,0,0,0,0,1,0,1,0,0,1,0
160346004908300,1,1,1,200,1,0,0,0,0,1,0,2,0,0,1,0
160346020279700,2,1,1,200,1,0,0,0,0,1,0,1,0,0,1,0
160346020327100,1,1,1,200,1,0,0,0,0,1,0,2,0,0,1,0
160346036368000,2,1,1,200,1,0,0,0,0,1,0,1,0,0,1,0
160346036400300,1,1,1,200,1,0,0,0,0,1,0,2,0,0,1,0
160346052529400,2,1,1,200,1,0,0,0,0,1,0,1,0,0,1,0
160346052558500,1,1,1,200,1,0,0,0,0,1,0,2,0,0,1,0
160346068145100,2,1,1,200,1,0,0,0,0,1,0,1,0,0,1,0
160346068183800,1,1,1,200,1,0,0,0,0,1,0,2,0,0,1,0
160346083649100,2,1,1,200,1,0,0,0,0,1,0,1,0,0,1,0
160346083735900,1,1,1,200,1,0,0,0,0,1,0,2,0,0,1,0
160346099133500,2,1,1,200,1,0,0,0,0,1,0,1,0,0,1,0
160346099161400,1,1,1,200,1,0,0,0,0,1,0,2,0,0,1,0
160346114694700,2,1,1,200,1,0,0,0,0,1,0,1,0,0,1,0
160346114849900,1,1,1,200,1,0,0,0,0,1,0,2,0,0,1,0
160346130122000,2,1,1,200,1,0,0,0,0,1,0,1,0,0,1,0
160346130152600,1,1,1,200,1,0,0,0,0,1,0,2,0,0,1,0
160346146337600,2,1,1,200,1,0,0,0,0,1,0,1,0,0,1,0
160346146374600,1,1,1,200,1,0,0,0,0,1,0,2,0,0,1,0
160346161849100,2,1,1,200,1,0,0,0,0,1,0,1,0,0,1,0
160346161940600,1,1,1,200,1,0,0,0,0,1,0,2,0,0,1,0
160346177028800,2,1,1,200,1,0,0,0,0,1,0,1,0,0,1,0
160346177070700,1,1,1,200,1,0,0,0,0,1,0,2,0,0,1,0
160346192694500,2,1,1,200,1,0,0,0,0,1,0,1,0,0,1,0
160346192731600,1,1,1,200,1,0,0,0,0,1,0,2,0,0,1,0
160346207866300,2,1,1,200,1,0,0,0,0,1,0,1,0,0,1,0
160346207906300,1,1,1,200,1,0,0,0,0,1,0,2,0,0,1,0
160346223120300,2,1,1,200,1,0,0,0,0,1,0,1,0,0,1,0
160346223184600,1,1,1,200,1,0,0,0,0,1,0,2,0,0,1,0
160346238759600,2,1,1,200,1,0,0,0,0,1,0,1,0,0,1,0
160346238798900,1,1,1,200,1,0,0,0,0,1,0,2,0,0,1,0
160346254060200,2,1,1,200,1,0,0,0,0,1,0,1,0,0,1,0
160346254101100,1,1,1,200,1,0,0,0,0,1,0,2,0,0,1,0
160346269578400,2,1,1,200,1,0,0,0,0,1,0,1,0,0,1,0
160346269630100,1,1,1,200,1,0,0,0,0,1,0,2,0,0,1,0
160346285121400,2,1,1,200,1,0,0,0,0,1,0,1,0,0,1,0
160346285162400,1,1,1,200,1,0,0,0,0,1,0,2,0,0,1,0
160346300518700,2,1,1,200,1,0,0,0,0,1,0,1,0,0,1,0
160346300549800,1,1,1,200,1,0,0,0,0,1,0,2,0,0,1,0
160346316745800,2,1,1,200,1,0,0,0,0,1,0,1,0,0,1,0
160346316785900,1,1,1,200,1,0,0,0,0,1,0,2,0,0,1,0
160346332133500,2,1,1,200,1,0,0,0,0,1,0,1,0,0,1,0
160346332174600,1,1,1,200,1,0,0,0,0,1,0,2,0,0,1,0
160346347640300,2,1,1,200,1,0,0,0,0,1,0,1,0,0,1,0
160346347790300,1,1,1,200,1,0,0,0,0,1,0,2,0,0,1,0
160346363182500,2,1,1,200,1,0,0,0,0,1,0,1,0,0,1,0
160346363232200,1,1,1,200,1,0,0,0,0,1,0,2,0,0,1,0
160346378824000,2,1,1,200,1,0,0,0,0,1,0,1,0,0,1,0
160346378881800,1,1,1,200,1,0,0,0,0,1,0,2,0,0,1,0
160346394411800,2,1,1,200,1,0,0,0,0,1,0,1,0,0,1,0
160346394450200,1,1,1,200,1,0,0,0,0,1,0,2,0,0,1,0
160346410188500,2,1,1,200,1,0,0,0,0,1,0,1,0,0,1,0
160346410230000,1,1,1,200,1,0,0,0,0,1,0,2,0,0,1,0
160346425542700,2,1,1,200,1,0,0,0,0,1,0,1,0,0,1,0
160346425614100,1,1,1,200,1,0,0,0,0,1,0,2,0,0,1,0
160346440846000,2,1,1,200,1,0,0,0,0,1,0,1,0,0,1,0
160346440884800,1,1,1,200,1,0,0,0,0,1,0,2,0,0,1,0
160346456444500,2,1,1,200,1,0,0,0,0,1,0,1,0,0,1,0
160346456484100,1,1,1,200,1,0,0,0,0,1,0,2,0,0,1,0
160346471522400,2,1,1,200,1,0,0,0,0,1,0,1,0,0,1,0
160346471552500,1,1,1,200,1,0,0,0,0,1,0,2,0,0,1,0
160346487054300,2,1,1,200,1,0,0,0,0,1,0,1,0,0,1,0
160346487095500,1,1,1,200,1,0,0,0,0,1,0,2,0,0,1,0
160346502666500,2,1,1,200,1,0,0,0,0,1,0,1,0,0,1,0
160346502694700,1,1,1,200,1,0,0,0,0,1,0,2,0,0,1,0
160346518106100,2,1,1,200,1,0,0,0,0,1,0,1,0,0,1,0
160346518135500,1,1,1,200,1,0,0,0,0,1,0,2,0,0,1,0
160346533747700,2,1,1,200,1,0,0,0,0,1,0,1,0,0,1,0
160346533781200,1,1,1,200,1,0,0,0,0,1,0,2,0,0,1,0
160346549127800,2,1,1,200,1,0,0,0,0,1,0,1,0,0,1,0
160346549196600,1,1,1,200,1,0,0,0,0,1,0,2,0,0,1,0
160346564671000,2,1,1,200,1,0,0,0,0,1,0,1,0,0,1,0
160346564702700,1,1,1,200,1,0,0,0,0,1,0,2,0,0,1,0
160346580058700,2,1,1,200,1,0,0,0,0,1,0,1,0,0,1,0
160346580094800,1,1,1,200,1,0,0,0,0,1,0,2,0,0,1,0
160346596110400,2,1,1,200,1,0,0,0,0,1,0,1,0,0,1,0
160346596150600,1,1,1,200,1,0,0,0,0,1,0,2,0,0,1,0
160346611647000,2,1,1,200,1,0,0,0,0,1,0,1,0,0,1,0
160346611687300,1,1,1,200,1,0,0,0,0,1,0,2,0,0,1,0
160346627303600,2,1,1,200,1,0,0,0,0,1,0,1,0,0,1,0
160346627344100,1,1,1,200,1,0,0,0,0,1,0,2,0,0,1,0
160346642926800,2,1,1,200,1,0,0,0,0,1,0,1,0,0,1,0
160346642972900,1,1,1,200,1,0,0,0,0,1,0,2,0,0,1,0
160346658318600,2,1,1,200,1,0,0,0,0,1,0,1,0,0,1,0
160346658432000,1,1,1,200,1,0,0,0,0,1,0,2,0,0,1,0
160346673779400,2,1,1,200,1,0,0,0,0,1,0,1,0,0,1,0
160346673888800,1,1,1,200,1,0,0,0,0,1,0,2,0,0,1,0
160346689363300,2,1,1,200,1,0,0,0,0,1,0,1,0,0,1,0
160346689402300,1,1,1,200,1,0,0,0,0,1,0,2,0,0,1,0
160346704868800,2,1,1,200,1,0,0,0,0,1,0,1,0,0,1,0
160346704968900,1,1,1,200,1,0,0,0,0,1,0,2,0,0,1,0
160346720371600,2,1,1,200,1,0,0,0,0,1,0,1,0,0,1,0
160346720478200,1,1,1,200,1,0,0,0,0,1,0,2,0,0,1,0
160346736495800,2,1,1,200,1,0,0,0,0,1,0,1,0,0,1,0
160346736524400,1,1,1,200,1,0,0,0,0,1,0,2,0,0,1,0
160346751834100,2,1,1,200,1,0,0,0,0,1,0,1,0,0,1,0
160346751871600,1,1,1,200,1,0,0,0,0,1,0,2,0,0,1,0
160346767046900,2,1,1,200,1,0,0,0,0,1,0,1,0,0,1,0
160346767152500,1,1,1,200,1,0,0,0,0,1,0,2,0,0,1,0
160346782789500,2,1,1,200,1,0,0,0,0,1,0,1,0,0,1,0
160346782828400,1,1,1,200,1,0,0,0,0,1,0,2,0,0,1,0
160346798196700,2,1,1,200,1,0,0,0,0,1,0,1,0,0,1,0
160346798264800,1,1,1,200,1,0,0,0,0,1,0,2,0,0,1,0
160346813727700,2,1,1,200,1,0,0,0,0,1,0,1,0,0,1,0
160346813837900,1,1,1,200,1,0,0,0,0,1,0,2,0,0,1,0
160346829302000,2,1,1,200,1,0,0,0,0,1,0,1,0,0,1,0
160346829351800,1,1,1,200,1,0,0,0,0,1,0,2,0,0,1,0
160346844493000,2,1,1,200,1,0,0,0,0,1,0,1,0,0,1,0
160346844522500,1,1,1,200,1,0,0,0,0,1,0,2,0,0,1,0
160346859849200,2,1,1,200,1,0,0,0,0,1,0,1,0,0,1,0
160346859986800,1,1,1,200,1,0,0,0,0,1,0,2,0,0,1,0
160346875416700,2,1,1,200,1,0,0,0,0,1,0,1,0,0,1,0
160346875502300,1,1,1,200,1,0,0,0,0,1,0,2,0,0,1,0
160346890953000,2,1,1,200,1,0,0,0,0,1,0,1,0,0,1,0
160346891062700,1,1,1,200,1,0,0,0,0,1,0,2,0,0,1,0
160346906444100,2,1,1,200,1,0,0,0,0,1,0,1,0,0,1,0
160346906483600,1,1,1,200,1,0,0,0,0,1,0,2,0,0,1,0
160346921873000,2,1,1,200,1,0,0,0,0,1,0,1,0,0,1,0
160346921902200,1,1,1,200,1,0,0,0,0,1,0,2,0,0,1,0
160346937492600,2,1,1,200,1,0,0,0,0,1,0,1,0,0,1,0
160346937536000,1,1,1,200,1,0,0,0,0,1,0,2,0,0,1,0
160346953151100,2,1,1,200,1,0,0,0,0,1,0,1,0,0,1,0
160346953195500,1,1,1,200,1,0,0,0,0,1,0,2,0,0,1,0
160346968664100,2,1,1,200,1,0,0,0,0,1,0,1,0,0,1,0
160346968711500,1,1,1,200,1,0,0,0,0,1,0,2,0,0,1,0
160346984181200,2,1,1,200,1,0,0,0,0,1,0,1,0,0,1,0
160346984214700,1,1,1,200,1,0,0,0,0,1,0,2,0,0,1,0
160346999763700,2,1,1,200,1,0,0,0,0,1,0,1,0,0,1,0
160346999809800,1,1,1,200,1,0,0,0,0,1,0,2,0,0,1,0
160347015275600,2,1,1,200,1,0,0,0,0,1,0,1,0,0,1,0
160347015305000,1,1,1,200,1,0,0,0,0,1,0,2,0,0,1,0
160347030899600,2,1,1,200,1,0,0,0,0,1,0,1,0,0,1,0
160347030936400,1,1,1,200,1,0,0,0,0,1,0,2,0,0,1,0
160347046372400,2,1,1,200,1,0,0,0,0,1,0,1,0,0,1,0
160347046468800,1,1,1,200,1,0,0,0,0,1,0,2,0,0,1,0
160347061556600,2,1,1,200,1,0,0,0,0,1,0,1,0,0,1,0
160347061586800,1,1,1,200,1,0,0,0,0,1,0,2,0,0,1,0
160347077214500,2,1,1,200,1,0,0,0,0,1,0,1,0,0,1,0
160347077258600,1,1,1,200,1,0,0,0,0,1,0,2,0,0,1,0
160347092773500,2,1,1,200,1,0,0,0,0,1,0,1,0,0,1,0
160347092891100,1,1,1,200,1,0,0,0,0,1,0,2,0,0,1,0
160347108388600,2,1,1,200,1,0,0,0,0,1,0,1,0,0,1,0
160347108432500,1,1,1,200,1,0,0,0,0,1,0,2,0,0,1,0
160347123974300,2,1,1,200,1,0,0,0,0,1,0,1,0,0,1,0
160347124003700,1,1,1,200,1,0,0,0,0,1,0,2,0,0,1,0
160347139559900,2,1,1,200,1,0,0,0,0,1,0,1,0,0,1,0
160347139604100,1,1,1,200,1,0,0,0,0,1,0,2,0,0,1,0
160347154964200,2,1,1,200,1,0,0,0,0,1,0,1,0,0,1,0
160347154994900,1,1,1,200,1,0,0,0,0,1,0,2,0,0,1,0
160347170337000,2,1,1,200,1,0,0,0,0,1,0,1,0,0,1,0
160347170380000,1,1,1,200,1,0,0,0,0,1,0,2,0,0,1,0
160347186482800,2,1,1,200,1,0,0,0,0,1,0,1,0,0,1,0
160347186526900,1,1,1,200,1,0,0,0,0,1,0,2,0,0,1,0
160347202592900,2,1,1,200,1,0,0,0,0,1,0,1,0,0,1,0
160347202640300,1,1,1,200,1,0,0,0,0,1,0,2,0,0,1,0
160347218147200,2,1,1,200,1,0,0,0,0,1,0,1,0,0,1,0
160347218211900,1,1,1,200,1,0,0,0,0,1,0,2,0,0,1,0
160347233727700,2,1,1,200,1,0,0,0,0,1,0,1,0,0,1,0
160347233809800,1,1,1,200,1,0,0,0,0,1,0,2,0,0,1,0
160347248988200,2,1,1,200,1,0,0,0,0,1,0,1,0,0,1,0
160347249016900,1,1,1,200,1,0,0,0,0,1,0,2,0,0,1,0
160347264547700,2,1,1,200,1,0,0,0,0,1,0,1,0,0,1,0
160347264579800,1,1,1,200,1,0,0,0,0,1,0,2,0,0,1,0
160347280100300,2,1,1,200,1,0,0,0,0,1,0,1,0,0,1,0
160347280131600,1,1,1,200,1,0,0,0,0,1,0,2,0,0,1,0
160347295609600,2,1,1,200,1,0,0,0,0,1,0,1,0,0,1,0
160347295654900,1,1,1,200,1,0,0,0,0,1,0,2,0,0,1,0
160347311147500,2,1,1,200,1,0,0,0,0,1,0,1,0,0,1,0
160347311192600,1,1,1,200,1,0,0,0,0,1,0,2,0,0,1,0
160347326706700,2,1,1,200,1,0,0,0,0,1,0,1,0,0,1,0
160347326749400,1,1,1,200,1,0,0,0,0,1,0,2,0,0,1,0
160347342606900,2,1,1,200,1,0,0,0,0,1,0,1,0,0,1,0
160347342649100,1,1,1,200,1,0,0,0,0,1,0,2,0,0,1,0
160347358212000,2,1,1,200,1,0,0,0,0,1,0,1,0,0,1,0
160347358277600,1,1,1,200,1,0,0,0,0,1,0,2,0,0,1,0
160347373597700,2,1,1,200,1,0,0,0,0,1,0,1,0,0,1,0
160347373625900,1,1,1,200,1,0,0,0,0,1,0,2,0,0,1,0
160347389190800,2,1,1,200,1,0,0,0,0,1,0,1,0,0,1,0
160347389222600,1,1,1,200,1,0,0,0,0,1,0,2,0,0,1,0
160347404435200,2,1,1,200,1,0,0,0,0,1,0,1,0,0,1,0
160347404471700,1,1,1,200,1,0,0,0,0,1,0,2,0,0,1,0
160347419820400,2,1,1,200,1,0,0,0,0,1,0,1,0,0,1,0
160347419960000,1,1,1,200,1,0,0,0,0,1,0,2,0,0,1,0
160347435357000,2,1,1,200,1,0,0,0,0,1,0,1,0,0,1,0
160347435445700,1,1,1,200,1,0,0,0,0,1,0,2,0,0,1,0
160347450524000,2,1,1,200,1,0,0,0,0,1,0,1,0,0,1,0
160347450554100,1,1,1,200,1,0,0,0,0,1,0,2,0,0,1,0
160347466609200,2,1,1,200,1,0,0,0,0,1,0,1,0,0,1,0
160347466656300,1,1,1,200,1,0,0,0,0,1,0,2,0,0,1,0
160347482672800,2,1,1,200,1,0,0,0,0,1,0,1,0,0,1,0
160347482829800,1,1,1,200,1,0,0,0,0,1,0,2,0,0,1,0
160347497914300,2,1,1,200,1,0,0,0,0,1,0,1,0,0,1,0
160347498025400,1,1,1,200,1,0,0,0,0,1,0,2,0,0,1,0
160347513492400,2,1,1,200,1,0,0,0,0,1,0,1,0,0,1,0
160347513522300,1,1,1,200,1,0,0,0,0,1,0,2,0,0,1,0
160347529126700,2,1,1,200,1,0,0,0,0,1,0,1,0,0,1,0
160347529194600,1,1,1,200,1,0,0,0,0,1,0,2,0,0,1,0
160347544453900,2,1,1,200,1,0,0,0,0,1,0,1,0,0,1,0
160347544499900,1,1,1,200,1,0,0,0,0,1,0,2,0,0,1,0
160347559768700,2,1,1,200,1,0,0,0,0,1,0,1,0,0,1,0
160347559824800,1,1,1,200,1,0,0,0,0,1,0,2,0,0,1,0
160347575291600,2,1,1,200,1,0,0,0,0,1,0,1,0,0,1,0
160347575391900,1,1,1,200,1,0,0,0,0,1,0,2,0,0,1,0
160347590810100,2,1,1,200,1,0,0,0,0,1,0,1,0,0,1,0
160347590858900,1,1,1,200,1,0,0,0,0,1,0,2,0,0,1,0
160347606574700,2,1,1,200,1,0,0,0,0,1,0,1,0,0,1,0
160347606619100,1,1,1,200,1,0,0,0,0,1,0,2,0,0,1,0
160347622552500,2,1,1,200,1,0,0,0,0,1,0,1,0,0,1,0
160347622593200,1,1,1,200,1,0,0,0,0,1,0,2,0,0,1,0
160347637994500,2,1,1,200,1,0,0,0,0,1,0,1,0,0,1,0
160347638038000,1,1,1,200,1,0,0,0,0,1,0,2,0,0,1,0
160347653807900,2,1,1,200,1,0,0,0,0,1,0,1,0,0,1,0
160347653844700,1,1,1,200,1,0,0,0,0,1,0,2,0,0,1,0
160347669267600,2,1,1,200,1,0,0,0,0,1,0,1,0,0,1,0
160347669303400,1,1,1,200,1,0,0,0,0,1,0,2,0,0,1,0
160347684822800,2,1,1,200,1,0,0,0,0,1,0,1,0,0,1,0
160347684853600,1,1,1,200,1,0,0,0,0,1,0,2,0,0,1,0
160347700030300,2,1,1,200,1,0,0,0,0,1,0,1,0,0,1,0
160347700067600,1,1,1,200,1,0,0,0,0,1,0,2,0,0,1,0
160347715552100,2,1,1,200,1,0,0,0,0,1,0,1,0,0,1,0
160347715590100,1,1,1,200,1,0,0,0,0,1,0,2,0,0,1,0
160347731073700,2,1,1,200,1,0,0,0,0,1,0,1,0,0,1,0
160347731116900,1,1,1,200,1,0,0,0,0,1,0,2,0,0,1,0
160347746624300,2,1,1,200,1,0,0,0,0,1,0,1,0,0,1,0
160347746659600,1,1,1,200,1,0,0,0,0,1,0,2,0,0,1,0
160347762500900,2,1,1,200,1,0,0,0,0,1,0,1,0,0,1,0
160347762603000,1,1,1,200,1,0,0,0,0,1,0,2,0,0,1,0
160347777785700,2,1,1,200,1,0,0,0,0,1,0,1,0,0,1,0
160347777834700,1,1,1,200,1,0,0,0,0,1,0,2,0,0,1,0
160347793165600,2,1,1,200,1,0,0,0,0,1,0,1,0,0,1,0
160347793276200,1,1,1,200,1,0,0,0,0,1,0,2,0,0,1,0
160347808433000,2,1,1,200,1,0,0,0,0,1,0,1,0,0,1,0
160347808466000,1,1,1,200,1,0,0,0,0,1,0,2,0,0,1,0
160347824009000,2,1,1,200,1,0,0,0,0,1,0,1,0,0,1,0
160347824096500,1,1,1,200,1,0,0,0,0,1,0,2,0,0,1,0
160347839528000,2,1,1,200,1,0,0,0,0,1,0,1,0,0,1,0
160347839568100,1,1,1,200,1,0,0,0,0,1,0,2,0,0,1,0
160347854959400,2,1,1,200,1,0,0,0,0,1,0,1,0,0,1,0
160347854994300,1,1,1,200,1,0,0,0,0,1,0,2,0,0,1,0
160347870675000,2,1,1,200,1,0,0,0,0,1,0,1,0,0,1,0
160347870717200,1,1,1,200,1,0,0,0,0,1,0,2,0,0,1,0
160347886775700,2,1,1,200,1,0,0,0,0,1,0,1,0,0,1,0
160347886815500,1,1,1,200,1,0,0,0,0,1,0,2,0,0,1,0
160347902652700,2,1,1,200,1,0,0,0,0,1,0,1,0,0,1,0
160347902699300,1,1,1,200,1,0,0,0,0,1,0,2,0,0,1,0
160347917735700,2,1,1,200,1,0,0,0,0,1,0,1,0,0,1,0
160347917779100,1,1,1,200,1,0,0,0,0,1,0,2,0,0,1,0
160347932987700,2,1,1,200,1,0,0,0,0,1,0,1,0,0,1,0
160347933030700,1,1,1,200,1,0,0,0,0,1,0,2,0,0,1,0
160347948431800,2,1,1,200,1,0,0,0,0,1,0,1,0,0,1,0
160347948550800,1,1,1,200,1,0,0,0,0,1,0,2,0,0,1,0
160347963756900,2,1,1,200,1,0,0,0,0,1,0,1,0,0,1,0
160347963786700,1,1,1,200,1,0,0,0,0,1,0,2,0,0,1,0
160347979171200,2,1,1,200,1,0,0,0,0,1,0,1,0,0,1,0
160347979223000,1,1,1,200,1,0,0,0,0,1,0,2,0,0,1,0
160347994785700,2,1,1,200,1,0,0,0,0,1,0,1,0,0,1,0
160347994833600,1,1,1,200,1,0,0,0,0,1,0,2,0,0,1,0
160348010503400,2,1,1,200,1,0,0,0,0,1,0,1,0,0,1,0
160348010618000,1,1,1,200,1,0,0,0,0,1,0,2,0,0,1,0
160348026441500,2,1,1,200,1,0,0,0,0,1,0,1,0,0,1,0
160348026490300,1,1,1,200,1,0,0,0,0,1,0,2,0,0,1,0
160348042540600,2,1,1,200,1,0,0,0,0,1,0,1,0,0,1,0
160348042585900,1,1,1,200,1,0,0,0,0,1,0,2,0,0,1,0
160348057924200,2,1,1,200,1,0,0,0,0,1,0,1,0,0,1,0
160348057955700,1,1,1,200,1,0,0,0,0,1,0,2,0,0,1,0
160348073352900,2,1,1,200,1,0,0,0,0,1,0,1,0,0,1,0
160348073405000,1,1,1,200,1,0,0,0,0,1,0,2,0,0,1,0
160348088998900,2,1,1,200,1,0,0,0,0,1,0,1,0,0,1,0
160348089032200,1,1,1,200,1,0,0,0,0,1,0,2,0,0,1,0
160348104712400,2,1,1,200,1,0,0,0,0,1,0,1,0,0,1,0
160348104742700,1,1,1,200,1,0,0,0,0,1,0,2,0,0,1,0
160348120431600,2,1,1,200,1,0,0,0,0,1,0,1,0,0,1,0
160348120473500,1,1,1,200,1,0,0,0,0,1,0,2,0,0,1,0
160348135523700,2,1,1,200,1,0,0,0,0,1,0,1,0,0,1,0
160348135566100,1,1,1,200,1,0,0,0,0,1,0,2,0,0,1,0
160348150929200,2,1,1,200,1,0,0,0,0,1,0,1,0,0,1,0
160348151062200,1,1,1,200,1,0,0,0,0,1,0,2,0,0,1,0
160348166488300,2,1,1,200,1,0,0,0,0,1,0,1,0,0,1,0
160348166515500,1,1,1,200,1,0,0,0,0,1,0,2,0,0,1,0
160348181872700,2,1,1,200,1,0,0,0,0,1,0,1,0,0,1,0
160348181914000,1,1,1,200,1,0,0,0,0,1,0,2,0,0,1,0
160348197187400,2,1,1,200,1,0,0,0,0,1,0,1,0,0,1,0
160348197225400,1,1,1,200,1,0,0,0,0,1,0,2,0,0,1,0
160348212429800,2,1,1,200,1,0,0,0,0,1,0,1,0,0,1,0
160348212528500,1,1,1,200,1,0,0,0,0,1,0,2,0,0,1,0
160348227625500,2,1,1,200,1,0,0,0,0,1,0,1,0,0,1,0
160348227669500,1,1,1,200,1,0,0,0,0,1,0,2,0,0,1,0
160348242989900,2,1,1,200,1,0,0,0,0,1,0,1,0,0,1,0
160348243058800,1,1,1,200,1,0,0,0,0,1,0,2,0,0,1,0
160348258666000,2,1,1,200,1,0,0,0,0,1,0,1,0,0,1,0
160348258705800,1,1,1,200,1,0,0,0,0,1,0,2,0,0,1,0
160348274115900,2,1,1,200,1,0,0,0,0,1,0,1,0,0,1,0
160348274175200,1,1,1,200,1,0,0,0,0,1,0,2,0,0,1,0
160348289705000,2,1,1,200,1,0,0,0,0,1,0,1,0,0,1,0
160348289747700,1,1,1,200,1,0,0,0,0,1,0,2,0,0,1,0
160348304912400,2,1,1,200,1,0,0,0,0,1,0,1,0,0,1,0
160348304942200,1,1,1,200,1,0,0,0,0,1,0,2,0,0,1,0
160348320232800,2,1,1,200,1,0,0,0,0,1,0,1,0,0,1,0
160348320269100,1,1,1,200,1,0,0,0,0,1,0,2,0,0,1,0
160348336356500,2,1,1,200,1,0,0,0,0,1,0,1,0,0,1,0
160348336390500,1,1,1,200,1,0,0,0,0,1,0,2,0,0,1,0
160348351768700,2,1,1,200,1,0,0,0,0,1,0,1,0,0,1,0
160348351808400,1,1,1,200,1,0,0,0,0,1,0,2,0,0,1,0
160348367211400,2,1,1,200,1,0,0,0,0,1,0,1,0,0,1,0
160348367250700,1,1,1,200,1,0,0,0,0,1,0,2,0,0,1,0
160348382796200,2,1,1,200,1,0,0,0,0,1,0,1,0,0,1,0
160348382844300,1,1,1,200,1,0,0,0,0,1,0,2,0,0,1,0
160348398207300,2,1,1,200,1,0,0,0,0,1,0,1,0,0,1,0
160348398250300,1,1,1,200,1,0,0,0,0,1,0,2,0,0,1,0
160348413440500,2,1,1,200,1,0,0,0,0,1,0,1,0,0,1,0
160348413483500,1,1,1,200,1,0,0,0,0,1,0,2,0,0,1,0
160348429026500,2,1,1,200,1,0,0,0,0,1,0,1,0,0,1,0
160348429067400,1,1,1,200,1,0,0,0,0,1,0,2,0,0,1,0
160348444289000,2,1,1,200,1,0,0,0,0,1,0,1,0,0,1,0
160348444336700,1,1,1,200,1,0,0,0,0,1,0,2,0,0,1,0
160348459531300,2,1,1,200,1,0,0,0,0,1,0,1,0,0,1,0
160348459564400,1,1,1,200,1,0,0,0,0,1,0,2,0,0,1,0
160348474863400,2,1,1,200,1,0,0,0,0,1,0,1,0,0,1,0
160348474997700,1,1,1,200,1,0,0,0,0,1,0,2,0,0,1,0
160348490517000,2,1,1,200,1,0,0,0,0,1,0,1,0,0,1,0
160348490557300,1,1,1,200,1,0,0,0,0,1,0,2,0,0,1,0
160348506644900,2,1,1,200,1,0,0,0,0,1,0,1,0,0,1,0
160348506673700,1,1,1,200,1,0,0,0,0,1,0,2,0,0,1,0
160348522591800,2,1,1,200,1,0,0,0,0,1,0,1,0,0,1,0
160348522663000,1,1,1,200,1,0,0,0,0,1,0,2,0,0,1,0
160348538062800,2,1,1,200,1,0,0,0,0,1,0,1,0,0,1,0
160348538093500,1,1,1,200,1,0,0,0,0,1,0,2,0,0,1,0
160348553706600,2,1,1,200,1,0,0,0,0,1,0,1,0,0,1,0
160348553751800,1,1,1,200,1,0,0,0,0,1,0,2,0,0,1,0
160348569065000,2,1,1,200,1,0,0,0,0,1,0,1,0,0,1,0
160348569097800,1,1,1,200,1,0,0,0,0,1,0,2,0,0,1,0
160348584547900,2,1,1,200,1,0,0,0,0,1,0,1,0,0,1,0
160348584577700,1,1,1,200,1,0,0,0,0,1,0,2,0,0,1,0
160348599872500,2,1,1,200,1,0,0,0,0,1,0,1,0,0,1,0
160348599909500,1,1,1,200,1,0,0,0,0,1,0,2,0,0,1,0
160348615419400,2,1,1,200,1,0,0,0,0,1,0,1,0,0,1,0
160348615464000,1,1,1,200,1,0,0,0,0,1,0,2,0,0,1,0
160348631533200,2,1,1,200,1,0,0,0,0,1,0,1,0,0,1,0
160348631574600,1,1,1,200,1,0,0,0,0,1,0,2,0,0,1,0
160348646915200,2,1,1,200,1,0,0,0,0,1,0,1,0,0,1,0
160348646955800,1,1,1,200,1,0,0,0,0,1,0,2,0,0,1,0
160348662543400,2,1,1,200,1,0,0,0,0,1,0,1,0,0,1,0
160348662630000,1,1,1,200,1,0,0,0,0,1,0,2,0,0,1,0
160348678156800,2,1,1,200,1,0,0,0,0,1,0,1,0,0,1,0
160348678203000,1,1,1,200,1,0,0,0,0,1,0,2,0,0,1,0
160348693718400,2,1,1,200,1,0,0,0,0,1,0,1,0,0,1,0
160348693768900,1,1,1,200,1,0,0,0,0,1,0,2,0,0,1,0
160348709275200,2,1,1,200,1,0,0,0,0,1,0,1,0,0,1,0
160348709348300,1,1,1,200,1,0,0,0,0,1,0,2,0,0,1,0
160348724601900,2,1,1,200,1,0,0,0,0,1,0,1,0,0,1,0
160348724676800,1,1,1,200,1,0,0,0,0,1,0,2,0,0,1,0
160348739721200,2,1,1,200,1,0,0,0,0,1,0,1,0,0,1,0
160348739751100,1,1,1,200,1,0,0,0,0,1,0,2,0,0,1,0
160348755268500,2,1,1,200,1,0,0,0,0,1,0,1,0,0,1,0
160348755313700,1,1,1,200,1,0,0,0,0,1,0,2,0,0,1,0
160348770672600,2,1,1,200,1,0,0,0,0,1,0,1,0,0,1,0
160348770718800,1,1,1,200,1,0,0,0,0,1,0,2,0,0,1,0
160348786129000,2,1,1,200,1,0,0,0,0,1,0,1,0,0,1,0
160348786311500,1,1,1,200,1,0,0,0,0,1,0,2,0,0,1,0
160348801562800,2,1,1,200,1,0,0,0,0,1,0,1,0,0,1,0
160348801589900,1,1,1,200,1,0,0,0,0,1,0,2,0,0,1,0
160348817057300,2,1,1,200,1,0,0,0,0,1,0,1,0,0,1,0
160348817086200,1,1,1,200,1,0,0,0,0,1,0,2,0,0,1,0
160348832691200,2,1,1,200,1,0,0,0,0,1,0,1,0,0,1,0
160348832730300,1,1,1,200,1,0,0,0,0,1,0,2,0,0,1,0
160348848128800,2,1,1,200,1,0,0,0,0,1,0,1,0,0,1,0
160348848157200,1,1,1,200,1,0,0,0,0,1,0,2,0,0,1,0
160348863771600,2,1,1,200,1,0,0,0,0,1,0,1,0,0,1,0
160348863810300,1,1,1,200,1,0,0,0,0,1,0,2,0,0,1,0
160348879888600,2,1,1,200,1,0,0,0,0,1,0,1,0,0,1,0
160348879943200,1,1,1,200,1,0,0,0,0,1,0,2,0,0,1,0
160348895015300,2,1,1,200,1,0,0,0,0,1,0,1,0,0,1,0
160348895054800,1,1,1,200,1,0,0,0,0,1,0,2,0,0,1,0
160348910592400,2,1,1,200,1,0,0,0,0,1,0,1,0,0,1,0
160348910635400,1,1,1,200,1,0,0,0,0,1,0,2,0,0,1,0
160348926725900,2,1,1,200,1,0,0,0,0,1,0,1,0,0,1,0
160348926764600,1,1,1,200,1,0,0,0,0,1,0,2,0,0,1,0
160348942775700,2,1,1,200,1,0,0,0,0,1,0,1,0,0,1,0
160348942814000,1,1,1,200,1,0,0,0,0,1,0,2,0,0,1,0
160348957919500,2,1,1,200,1,0,0,0,0,1,0,1,0,0,1,0
160348957978900,1,1,1,200,1,0,0,0,0,1,0,2,0,0,1,0
160348973171200,2,1,1,200,1,0,0,0,0,1,0,1,0,0,1,0
160348973215000,1,1,1,200,1,0,0,0,0,1,0,2,0,0,1,0
160348988859100,2,1,1,200,1,0,0,0,0,1,0,1,0,0,1,0
160348988892400,1,1,1,200,1,0,0,0,0,1,0,2,0,0,1,0
160349004335400,2,1,1,200,1,0,0,0,0,1,0,1,0,0,1,0
160349004372200,1,1,1,200,1,0,0,0,0,1,0,2,0,0,1,0
160349019972800,2,1,1,200,1,0,0,0,0,1,0,1,0,0,1,0
160349020015100,1,1,1,200,1,0,0,0,0,1,0,2,0,0,1,0
160349035431600,2,1,1,200,1,0,0,0,0,1,0,1,0,0,1,0
160349035493700,1,1,1,200,1,0,0,0,0,1,0,2,0,0,1,0
160349050773200,2,1,1,200,1,0,0,0,0,1,0,1,0,0,1,0
160349050815400,1,1,1,200,1,0,0,0,0,1,0,2,0,0,1,0
160349066585800,2,1,1,200,1,0,0,0,0,1,0,1,0,0,1,0
160349066704300,1,1,1,200,1,0,0,0,0,1,0,2,0,0,1,0
160349082785900,2,1,1,200,1,0,0,0,0,1,0,1,0,0,1,0
160349082821400,1,1,1,200,1,0,0,0,0,1,0,2,0,0,1,0
160349098214700,2,1,1,200,1,0,0,0,0,1,0,1,0,0,1,0
160349098241700,1,1,1,200,1,0,0,0,0,1,0,2,0,0,1,0
160349113957300,2,1,1,200,1,0,0,0,0,1,0,1,0,0,1,0
160349114016700,1,1,1,200,1,0,0,0,0,1,0,2,0,0,1,0
160349129535700,2,1,1,200,1,0,0,0,0,1,0,1,0,0,1,0
160349129576200,1,1,1,200,1,0,0,0,0,1,0,2,0,0,1,0
160349144706400,2,1,1,200,1,0,0,0,0,1,0,1,0,0,1,0
160349144748500,1,1,1,200,1,0,0,0,0,1,0,2,0,0,1,0
160349160380100,2,1,1,200,1,0,0,0,0,1,0,1,0,0,1,0
160349160420000,1,1,1,200,1,0,0,0,0,1,0,2,0,0,1,0
