sampleNs,origin,connected,valid,result,m00,m01,m02,x,m10,m11,m12,y,m20,m21,m22,z
160297575877500,2,1,1,200,1,0,0,0,0,1,0,1,0,0,1,0
160297576045500,1,1,1,200,1,0,0,0,0,1,0,2,0,0,1,0
160297587868300,2,1,1,200,1,0,0,0,0,1,0,1,0,0,1,0
160297587907500,1,1,1,200,1,0,0,0,0,1,0,2,0,0,1,0
160297603232400,2,1,1,200,1,0,0,0,0,1,0,1,0,0,1,0
160297603272000,1,1,1,200,1,0,0,0,0,1,0,2,0,0,1,0
160297618664400,2,1,1,200,1,0,0,0,0,1,0,1,0,0,1,0
160297618697300,1,1,1,200,1,0,0,0,0,1,0,2,0,0,1,0
160297634044600,2,1,1,200,1,0,0,0,0,1,0,1,0,0,1,0
160297634075600,1,1,1,200,1,0,0,0,0,1,0,2,0,0,1,0
160297649475200,2,1,1,200,1,0,0,0,0,1,0,1,0,0,1,0
160297649565700,1,1,1,200,1,0,0,0,0,1,0,2,0,0,1,0
160297664933300,2,1,1,200,1,0,0,0,0,1,0,1,0,0,1,0
160297664970800,1,1,1,200,1,0,0,0,0,1,0,2,0,0,1,0
160297680248000,2,1,1,200,1,0,0,0,0,1,0,1,0,0,1,0
160297680278800,1,1,1,200,1,0,0,0,0,1,0,2,0,0,1,0
160297695808400,2,1,1,200,1,0,0,0,0,1,0,1,0,0,1,0
160297695838400,1,1,1,200,1,0,0,0,0,1,0,2,0,0,1,0
160297711014600,2,1,1,200,1,0,0,0,0,1,0,1,0,0,1,0
160297711057400,1,1,1,200,1,0,0,0,0,1,0,2,0,0,1,0
160297726630400,2,1,1,200,1,0,0,0,0,1,0,1,0,0,1,0
160297726669900,1,1,1,200,1,0,0,0,0,1,0,2,0,0,1,0
160297742685900,2,1,1,200,1,0,0,0,0,1,0,1,0,0,1,0
160297742819600,1,1,1,200,1,0,0,0,0,1,0,2,0,0,1,0
160297757977700,2,1,1,200,1,0,0,0,0,1,0,1,0,0,1,0
160297758057200,1,1,1,200,1,0,0,0,0,1,0,2,0,0,1,0
160297773462100,2,1,1,200,1,0,0,0,0,1,0,1,0,0,1,0
160297773500800,1,1,1,200,1,0,0,0,0,1,0,2,0,0,1,0
160297788755600,2,1,1,200,1,0,0,0,0,1,0,1,0,0,1,0
160297788796500,1,1,1,200,1,0,0,0,0,1,0,2,0,0,1,0
160297804269700,2,1,1,200,1,0,0,0,0,1,0,1,0,0,1,0
160297804317900,1,1,1,200,1,0,0,0,0,1,0,2,0,0,1,0
160297819367500,2,1,1,200,1,0,0,0,0,1,0,1,0,0,1,0
160297819397300,1,1,1,200,1,0,0,0,0,1,0,2,0,0,1,0
160297835007600,2,1,1,200,1,0,0,0,0,1,0,1,0,0,1,0
160297835097100,1,1,1,200,1,0,0,0,0,1,0,2,0,0,1,0
160297850631400,2,1,1,200,1,0,0,0,0,1,0,1,0,0,1,0
160297850671100,1,1,1,200,1,0,0,0,0,1,0,2,0,0,1,0
160297866425100,2,1,1,200,1,0,0,0,0,1,0,1,0,0,1,0
160297866483300,1,1,1,200,1,0,0,0,0,1,0,2,0,0,1,0
160297881824800,2,1,1,200,1,0,0,0,0,1,0,1,0,0,1,0
160297881853000,1,1,1,200,1,0,0,0,0,1,0,2,0,0,1,0
160297896966500,2,1,1,200,1,0,0,0,0,1,0,1,0,0,1,0
160297896999800,1,1,1,200,1,0,0,0,0,1,0,2,0,0,1,0
160297912783400,2,1,1,200,1,0,0,0,0,1,0,1,0,0,1,0
160297912823200,1,1,1,200,1,0,0,0,0,1,0,2,0,0,1,0
160297928284900,2,1,1,200,1,0,0,0,0,1,0,1,0,0,1,0
160297928325100,1,1,1,200,1,0,0,0,0,1,0,2,0,0,1,0
160297944256100,2,1,1,200,1,0,0,0,0,1,0,1,0,0,1,0
160297944299100,1,1,1,200,1,0,0,0,0,1,0,2,0,0,1,0
160297959620700,2,1,1,200,1,0,0,0,0,1,0,1,0,0,1,0
160297959675200,1,1,1,200,1,0,0,0,0,1,0,2,0,0,1,0
160297974744000,2,1,1,200,1,0,0,0,0,1,0,1,0,0,1,0
160297974786000,1,1,1,200,1,0,0,0,0,1,0,2,0,0,1,0
160297990766600,2,1,1,200,1,0,0,0,0,1,0,1,0,0,1,0
160297990807300,1,1,1,200,1,0,0,0,0,1,0,2,0,0,1,0
160298006324100,2,1,1,200,1,0,0,0,0,1,0,1,0,0,1,0
160298006367700,1,1,1,200,1,0,0,0,0,1,0,2,0,0,1,0
160298021728600,2,1,1,200,1,0,0,0,0,1,0,1,0,0,1,0
160298021769400,1,1,1,200,1,0,0,0,0,1,0,2,0,0,1,0
160298037143400,2,1,1,200,1,0,0,0,0,1,0,1,0,0,1,0
160298037190300,1,1,1,200,1,0,0,0,0,1,0,2,0,0,1,0
160298052688900,2,1,1,200,1,0,0,0,0,1,0,1,0,0,1,0
160298052718700,1,1,1,200,1,0,0,0,0,1,0,2,0,0,1,0
160298068235200,2,1,1,200,1,0,0,0,0,1,0,1,0,0,1,0
160298068278200,1,1,1,200,1,0,0,0,0,1,0,2,0,0,1,0
160298083802000,2,1,1,200,1,0,0,0,0,1,0,1,0,0,1,0
160298083833300,1,1,1,200,1,0,0,0,0,1,0,2,0,0,1,0
160298099428200,2,1,1,200,1,0,0,0,0,1,0,1,0,0,1,0
160298099468300,1,1,1,200,1,0,0,0,0,1,0,2,0,0,1,0
160298114758800,2,1,1,200,1,0,0,0,0,1,0,1,0,0,1,0
160298114798900,1,1,1,200,1,0,0,0,0,1,0,2,0,0,1,0
160298130534200,2,1,1,200,1,0,0,0,0,1,0,1,0,0,1,0
160298130570100,1,1,1,200,1,0,0,0,0,1,0,2,0,0,1,0
160298145839600,2,1,1,200,1,0,0,0,0,1,0,1,0,0,1,0
160298145936800,1,1,1,200,1,0,0,0,0,1,0,2,0,0,1,0
160298161438800,2,1,1,200,1,0,0,0,0,1,0,1,0,0,1,0
160298161483300,1,1,1,200,1,0,0,0,0,1,0,2,0,0,1,0
160298176767800,2,1,1,200,1,0,0,0,0,1,0,1,0,0,1,0
160298176822800,1,1,1,200,1,0,0,0,0,1,0,2,0,0,1,0
160298192520800,2,1,1,200,1,0,0,0,0,1,0,1,0,0,1,0
160298192762800,1,1,1,200,1,0,0,0,0,1,0,2,0,0,1,0
160298208115900,2,1,1,200,1,0,0,0,0,1,0,1,0,0,1,0
160298208155100,1,1,1,200,1,0,0,0,0,1,0,2,0,0,1,0
160298223460100,2,1,1,200,1,0,0,0,0,1,0,1,0,0,1,0
160298223568100,1,1,1,200,1,0,0,0,0,1,0,2,0,0,1,0
160298239018300,2,1,1,200,1,0,0,0,0,1,0,1,0,0,1,0
160298239047600,1,1,1,200,1,0,0,0,0,1,0,2,0,0,1,0
160298254274300,2,1,1,200,1,0,0,0,0,1,0,1,0,0,1,0
160298254315300,1,1,1,200,1,0,0,0,0,1,0,2,0,0,1,0
160298269706500,2,1,1,200,1,0,0,0,0,1,0,1,0,0,1,0
160298269740700,1,1,1,200,1,0,0,0,0,1,0,2,0,0,1,0
160298285239400,2,1,1,200,1,0,0,0,0,1,0,1,0,0,1,0
160298285354900,1,1,1,200,1,0,0,0,0,1,0,2,0,0,1,0
160298300518500,2,1,1,200,1,0,0,0,0,1,0,1,0,0,1,0
160298300549900,1,1,1,200,1,0,0,0,0,1,0,2,0,0,1,0
160298316278400,2,1,1,200,0.9999828339,-0.005863531958,0,0,0.005863531958,0.9999828339,0,1,0,0,1,2
160298316316400,1,1,1,200,0.9999828339,-0.005863531958,0,0,0.005863531958,0.9999828339,0,2,0,0,1,2
160298331845800,2,1,1,200,0.9999828339,-0.005863531958,0,0,0.005863531958,0.9999828339,0,1,0,0,1,2
160298331884600,1,1,1,200,0.9999828339,-0.005863531958,0,0,0.005863531958,0.9999828339,0,2,0,0,1,2
160298347370900,2,1,1,200,0.999858439,-0.01682637818,0,0,0.01682637818,0.999858439,0,1,0,0,1,2
160298347398700,1,1,1,200,0.999858439,-0.01682637818,0,0,0.01682637818,0.999858439,0,2,0,0,1,2
160298362938300,2,1,1,200,0.9997503161,-0.02234644257,0,0,0.02234644257,0.9997503161,0,1,0,0,1,2
160298362985800,1,1,1,200,0.9997503161,-0.02234644257,0,0,0.02234644257,0.9997503161,0,2,0,0,1,2
160298378490000,2,1,1,200,0.9994434714,-0.03335864842,0,0,0.03335864842,0.9994434714,0,1,0,0,1,2
160298378536000,1,1,1,200,0.9994434714,-0.03335864842,0,0,0.03335864842,0.9994434714,0,2,0,0,1,2
160298393786200,2,1,1,200,0.9990113974,-0.04445421323,0,0,0.04445421323,0.9990113974,0,1,0,0,1,2
160298393827100,1,1,1,200,0.9990113974,-0.04445421323,0,0,0.04445421323,0.9990113974,0,2,0,0,1,2
160298409104100,2,1,1,200,0.9990113974,-0.04445421323,0,0,0.04445421323,0.9990113974,0,1,0,0,1,2
160298409133800,1,1,1,200,0.9990113974,-0.04445421323,0,0,0.04445421323,0.9990113974,0,2,0,0,1,2
160298424724300,2,1,1,200,0.9984539151,-0.05558571592,0,0,0.05558571592,0.9984539151,0,1,0,0,1,2
160298424758700,1,1,1,200,0.9984539151,-0.05558571592,0,0,0.05558571592,0.9984539151,0,2,0,0,1,2
160298440330000,2,1,1,200,0.9977833629,-0.06654605269,0,0,0.06654605269,0.9977833629,0,1,0,0,1,2
160298440374800,1,1,1,200,0.9977833629,-0.06654605269,0,0,0.06654605269,0.9977833629,0,2,0,0,1,2
160298456421100,2,1,1,200,0.9974024296,-0.07203060389,0,0,0.07203060389,0.9974024296,0,1,0,0,1,2
160298456461900,1,1,1,200,0.9974024296,-0.07203060389,0,0,0.07203060389,0.9974024296,0,2,0,0,1,2
160298471593900,2,1,1,200,0.9969910979,-0.07751622796,0,0,0.07751622796,0.9969910979,0,1,0,0,1,2
160298471627400,1,1,1,200,0.9969910979,-0.07751622796,0,0,0.07751622796,0.9969910979,0,2,0,0,1,2
160298487194500,2,1,1,200,0.9960849881,-0.08840060234,0,0,0.08840060234,0.9960849881,0,1,0,0,1,2
160298487243100,1,1,1,200,0.9960849881,-0.08840060234,0,0,0.08840060234,0.9960849881,0,2,0,0,1,2
160298502622500,2,1,1,200,0.9955919385,-0.09379091114,0,0,0.09379091114,0.9955919385,0,1,0,0,1,2
160298502650300,1,1,1,200,0.9955919385,-0.09379091114,0,0,0.09379091114,0.9955919385,0,2,0,0,1,2
160298518737200,2,1,1,200,0.9944933057,-0.1047999933,0,0,0.1047999933,0.9944933057,0,1,0,0,1,2
160298518774800,1,1,1,200,0.9944933057,-0.1047999933,0,0,0.1047999933,0.9944933057,0,2,0,0,1,2
160298534372000,2,1,1,200,0.9939115047,-0.1101811901,0,0,0.1101811901,0.9939115047,0,1,0,0,1,2
160298534406600,1,1,1,200,0.9939115047,-0.1101811901,0,0,0.1101811901,0.9939115047,0,2,0,0,1,2
160298549608000,2,1,1,200,0.9932921529,-0.1156319678,0,0,0.1156319678,0.9932921529,0,1,0,0,1,2
160298549645900,1,1,1,200,0.9932921529,-0.1156319678,0,0,0.1156319678,0.9932921529,0,2,0,0,1,2
160298565181300,2,1,1,200,0.9919995666,-0.1262410581,0,0,0.1262410581,0.9919995666,0,1,0,0,1,2
160298565222900,1,1,1,200,0.9919995666,-0.1262410581,0,0,0.1262410581,0.9919995666,0,2,0,0,1,2
160298580787100,2,1,1,200,0.9913138747,-0.1315173805,0,0,0.1315173805,0.9913138747,0,1,0,0,1,2
160298580923500,1,1,1,200,0.9913138747,-0.1315173805,0,0,0.1315173805,0.9913138747,0,2,0,0,1,2
160298596315000,2,1,1,200,0.9905953407,-0.1368243098,0,0,0.1368243098,0.9905953407,0,1,0,0,1,2
160298596436200,1,1,1,200,0.9905953407,-0.1368243098,0,0,0.1368243098,0.9905953407,0,2,0,0,1,2
160298611880100,2,1,1,200,0.9890915751,-0.1473019123,0,0,0.1473019123,0.9890915751,0,1,0,0,1,2
160298611928500,1,1,1,200,0.9890915751,-0.1473019123,0,0,0.1473019123,0.9890915751,0,2,0,0,1,2
160298627591100,2,1,1,200,0.988304019,-0.1524963379,0,0,0.1524963379,0.988304019,0,1,0,0,1,2
160298627652000,1,1,1,200,0.988304019,-0.1524963379,0,0,0.1524963379,0.988304019,0,2,0,0,1,2
160298642949700,2,1,1,200,0.9866243005,-0.1630108207,0,0,0.1630108207,0.9866243005,0,1,0,0,1,2
160298642989700,1,1,1,200,0.9866243005,-0.1630108207,0,0,0.1630108207,0.9866243005,0,2,0,0,1,2
160298658496800,2,1,1,200,0.9848771691,-0.1732541919,0,0,0.1732541919,0.9848771691,0,1,0,0,1,2
160298658546600,1,1,1,200,0.9848771691,-0.1732541919,0,0,0.1732541919,0.9848771691,0,2,0,0,1,2
160298673970400,2,1,1,200,0.9848771691,-0.1732541919,0,0,0.1732541919,0.9848771691,0,1,0,0,1,2
160298674009000,1,1,1,200,0.9848771691,-0.1732541919,0,0,0.1732541919,0.9848771691,0,2,0,0,1,2
160298689845200,2,1,1,200,0.9830218554,-0.1834884584,0,0,0.1834884584,0.9830218554,0,1,0,0,1,2
160298689905000,1,1,1,200,0.9830218554,-0.1834884584,0,0,0.1834884584,0.9830218554,0,2,0,0,1,2
160298705170900,2,1,1,200,0.981061995,-0.1936940402,0,0,0.1936940402,0.981061995,0,1,0,0,1,2
160298705208800,1,1,1,200,0.981061995,-0.1936940402,0,0,0.1936940402,0.981061995,0,2,0,0,1,2
160298720725000,2,1,1,200,0.981061995,-0.1936940402,0,0,0.1936940402,0.981061995,0,1,0,0,1,2
160298720776800,1,1,1,200,0.981061995,-0.1936940402,0,0,0.1936940402,0.981061995,0,2,0,0,1,2
160298736249100,2,1,1,200,0.9790506363,-0.2036169618,0,0,0.2036169618,0.9790506363,0,1,0,0,1,2
160298736277400,1,1,1,200,0.9790506363,-0.2036169618,0,0,0.2036169618,0.9790506363,0,2,0,0,1,2
160298751657900,2,1,1,200,0.9769604802,-0.2134202868,0,0,0.2134202868,0.9769604802,0,1,0,0,1,2
160298751811300,1,1,1,200,0.9769604802,-0.2134202868,0,0,0.2134202868,0.9769604802,0,2,0,0,1,2
160298767268200,2,1,1,200,0.9758560658,-0.2184144855,0,0,0.2184144855,0.9758560658,0,1,0,0,1,2
160298767312800,1,1,1,200,0.9758560658,-0.2184144855,0,0,0.2184144855,0.9758560658,0,2,0,0,1,2
160298782804000,2,1,1,200,0.9747692943,-0.223214671,0,0,0.223214671,0.9747692943,0,1,0,0,1,2
160298782845500,1,1,1,200,0.9747692943,-0.223214671,0,0,0.223214671,0.9747692943,0,2,0,0,1,2
160298798195700,2,1,1,200,0.9725375175,-0.2327462882,0,0,0.2327462882,0.9725375175,0,1,0,0,1,2
160298798241700,1,1,1,200,0.9725375175,-0.2327462882,0,0,0.2327462882,0.9725375175,0,2,0,0,1,2
160298813672000,2,1,1,200,0.9713526368,-0.2376427948,0,0,0.2376427948,0.9713526368,0,1,0,0,1,2
160298813712400,1,1,1,200,0.9713526368,-0.2376427948,0,0,0.2376427948,0.9713526368,0,2,0,0,1,2
160298829251800,2,1,1,200,0.9701990485,-0.2423093617,0,0,0.2423093617,0.9701990485,0,1,0,0,1,2
160298829319200,1,1,1,200,0.9701990485,-0.2423093617,0,0,0.2423093617,0.9701990485,0,2,0,0,1,2
160298844911300,2,1,1,200,0.9678308368,-0.2516017854,0,0,0.2516017854,0.9678308368,0,1,0,0,1,2
160298844956600,1,1,1,200,0.9678308368,-0.2516017854,0,0,0.2516017854,0.9678308368,0,2,0,0,1,2
160298860487000,2,1,1,200,0.9666305184,-0.2561745346,0,0,0.2561745346,0.9666305184,0,1,0,0,1,2
160298860530900,1,1,1,200,0.9666305184,-0.2561745346,0,0,0.2561745346,0.9666305184,0,2,0,0,1,2
160298876524300,2,1,1,200,0.964179337,-0.2652511597,0,0,0.2652511597,0.964179337,0,1,0,0,1,2
160298876575300,1,1,1,200,0.964179337,-0.2652511597,0,0,0.2652511597,0.964179337,0,2,0,0,1,2
160298892205000,2,1,1,200,0.9628952146,-0.269875586,0,0,0.269875586,0.9628952146,0,1,0,0,1,2
160298892263300,1,1,1,200,0.9628952146,-0.269875586,0,0,0.269875586,0.9628952146,0,2,0,0,1,2
160298907307200,2,1,1,200,0.9616268873,-0.2743605673,0,0,0.2743605673,0.9616268873,0,1,0,0,1,2
160298907344700,1,1,1,200,0.9616268873,-0.2743605673,0,0,0.2743605673,0.9616268873,0,2,0,0,1,2
160298922840900,2,1,1,200,0.9590750337,-0.2831519842,0,0,0.2831519842,0.9590750337,0,1,0,0,1,2
160298922884200,1,1,1,200,0.9590750337,-0.2831519842,0,0,0.2831519842,0.9590750337,0,2,0,0,1,2
160298938384400,2,1,1,200,0.9565205574,-0.2916649878,0,0,0.2916649878,0.9565205574,0,1,0,0,1,2
160298938424100,1,1,1,200,0.9565205574,-0.2916649878,0,0,0.2916649878,0.9565205574,0,2,0,0,1,2
160298953498400,2,1,1,200,0.9565205574,-0.2916649878,0,0,0.2916649878,0.9565205574,0,1,0,0,1,2
160298953539300,1,1,1,200,0.9565205574,-0.2916649878,0,0,0.2916649878,0.9565205574,0,2,0,0,1,2
160298969043300,2,1,1,200,0.9538778067,-0.3001951873,0,0,0.3001951873,0.9538778067,0,1,0,0,1,2
160298969076400,1,1,1,200,0.9538778067,-0.3001951873,0,0,0.3001951873,0.9538778067,0,2,0,0,1,2
160298984581300,2,1,1,200,0.9525572062,-0.3043595552,0,0,0.3043595552,0.9525572062,0,1,0,0,1,2
160298984619600,1,1,1,200,0.9525572062,-0.3043595552,0,0,0.3043595552,0.9525572062,0,2,0,0,1,2
160299000138300,2,1,1,200,0.9498490691,-0.3127087951,0,0,0.3127087951,0.9498490691,0,1,0,0,1,2
160299000230700,1,1,1,200,0.9498490691,-0.3127087951,0,0,0.3127087951,0.9498490691,0,2,0,0,1,2
160299015461300,2,1,1,200,0.9485151172,-0.3167318404,0,0,0.3167318404,0.9485151172,0,1,0,0,1,2
160299015489800,1,1,1,200,0.9485151172,-0.3167318404,0,0,0.3167318404,0.9485151172,0,2,0,0,1,2
160299031137600,2,1,1,200,0.9458463192,-0.3246146739,0,0,0.3246146739,0.9458463192,0,1,0,0,1,2
160299031172300,1,1,1,200,0.9458463192,-0.3246146739,0,0,0.3246146739,0.9458463192,0,2,0,0,1,2
160299046687800,2,1,1,200,0.9445003271,-0.3285105228,0,0,0.3285105228,0.9445003271,0,1,0,0,1,2
160299046750800,1,1,1,200,0.9445003271,-0.3285105228,0,0,0.3285105228,0.9445003271,0,2,0,0,1,2
160299062550500,2,1,1,200,0.9431459904,-0.3323787749,0,0,0.3323787749,0.9431459904,0,1,0,0,1,2
160299062629100,1,1,1,200,0.9431459904,-0.3323787749,0,0,0.3323787749,0.9431459904,0,2,0,0,1,2
160299077819600,2,1,1,200,0.9403936267,-0.3400878906,0,0,0.3400878906,0.9403936267,0,1,0,0,1,2
160299077861300,1,1,1,200,0.9403936267,-0.3400878906,0,0,0.3400878906,0.9403936267,0,2,0,0,1,2
160299093821400,2,1,1,200,0.9376939535,-0.3474622369,0,0,0.3474622369,0.9376939535,0,1,0,0,1,2
160299093857200,1,1,1,200,0.9376939535,-0.3474622369,0,0,0.3474622369,0.9376939535,0,2,0,0,1,2
160299109389600,2,1,1,200,0.9376939535,-0.3474622369,0,0,0.3474622369,0.9376939535,0,1,0,0,1,2
160299109443400,1,1,1,200,0.9376939535,-0.3474622369,0,0,0.3474622369,0.9376939535,0,2,0,0,1,2
160299124651900,2,1,1,200,0.9349948764,-0.3546611965,0,0,0.3546611965,0.9349948764,0,1,0,0,1,2
160299124688200,1,1,1,200,0.9349948764,-0.3546611965,0,0,0.3546611965,0.9349948764,0,2,0,0,1,2
160299139898500,2,1,1,200,0.9322813153,-0.3617341518,0,0,0.3617341518,0.9322813153,0,1,0,0,1,2
160299139928700,1,1,1,200,0.9322813153,-0.3617341518,0,0,0.3617341518,0.9322813153,0,2,0,0,1,2
160299155240400,2,1,1,200,0.9322813153,-0.3617341518,0,0,0.3617341518,0.9322813153,0,1,0,0,1,2
160299155281800,1,1,1,200,0.9322813153,-0.3617341518,0,0,0.3617341518,0.9322813153,0,2,0,0,1,2
160299170766600,2,1,1,200,0.9295393825,-0.3687229156,0,0,0.3687229156,0.9295393825,0,1,0,0,1,2
160299170794700,1,1,1,200,0.9295393825,-0.3687229156,0,0,0.3687229156,0.9295393825,0,2,0,0,1,2
160299186359400,2,1,1,200,0.9268826246,-0.37535128,0,0,0.37535128,0.9268826246,0,1,0,0,1,2
160299186406300,1,1,1,200,0.9268826246,-0.37535128,0,0,0.37535128,0.9268826246,0,2,0,0,1,2
160299201930800,2,1,1,200,0.9255620837,-0.3785958886,0,0,0.3785958886,0.9255620837,0,1,0,0,1,2
160299201975300,1,1,1,200,0.9255620837,-0.3785958886,0,0,0.3785958886,0.9255620837,0,2,0,0,1,2
160299217155100,2,1,1,200,0.9242314696,-0.3818326294,0,0,0.3818326294,0.9242314696,0,1,0,0,1,2
160299217239700,1,1,1,200,0.9242314696,-0.3818326294,0,0,0.3818326294,0.9242314696,0,2,0,0,1,2
160299232693500,2,1,1,200,0.9216114879,-0.3881137073,0,0,0.3881137073,0.9216114879,0,1,0,0,1,2
160299232870100,1,1,1,200,0.9216114879,-0.3881137073,0,0,0.3881137073,0.9216114879,0,2,0,0,1,2
160299248053100,2,1,1,200,0.9202941656,-0.3912270665,0,0,0.3912270665,0.9202941656,0,1,0,0,1,2
160299248204400,1,1,1,200,0.9202941656,-0.3912270665,0,0,0.3912270665,0.9202941656,0,2,0,0,1,2
160299263318200,2,1,1,200,0.9177405834,-0.3971804082,0,0,0.3971804082,0.9177405834,0,1,0,0,1,2
160299263358500,1,1,1,200,0.9177405834,-0.3971804082,0,0,0.3971804082,0.9177405834,0,2,0,0,1,2
160299278591400,2,1,1,200,0.9164622426,-0.4001212418,0,0,0.4001212418,0.9164622426,0,1,0,0,1,2
160299278643400,1,1,1,200,0.9164622426,-0.4001212418,0,0,0.4001212418,0.9164622426,0,2,0,0,1,2
160299294602900,2,1,1,200,0.9152396321,-0.4029099643,0,0,0.4029099643,0.9152396321,0,1,0,0,1,2
160299294657400,1,1,1,200,0.9152396321,-0.4029099643,0,0,0.4029099643,0.9152396321,0,2,0,0,1,2
160299309994000,2,1,1,200,0.9127783775,-0.408455193,0,0,0.408455193,0.9127783775,0,1,0,0,1,2
160299310073300,1,1,1,200,0.9127783775,-0.408455193,0,0,0.408455193,0.9127783775,0,2,0,0,1,2
160299325594000,2,1,1,200,0.9115445614,-0.4112013578,0,0,0.4112013578,0.9115445614,0,1,0,0,1,2
160299325634300,1,1,1,200,0.9115445614,-0.4112013578,0,0,0.4112013578,0.9115445614,0,2,0,0,1,2
160299341086700,2,1,1,200,0.9091655016,-0.4164349139,0,0,0.4164349139,0.9091655016,0,1,0,0,1,2
160299341131900,1,1,1,200,0.9091655016,-0.4164349139,0,0,0.4164349139,0.9091655016,0,2,0,0,1,2
160299356394000,2,1,1,200,0.9079434872,-0.4190926254,0,0,0.4190926254,0.9079434872,0,1,0,0,1,2
160299356426400,1,1,1,200,0.9079434872,-0.4190926254,0,0,0.4190926254,0.9079434872,0,2,0,0,1,2
160299371651300,2,1,1,200,0.9067917466,-0.4215789139,0,0,0.4215789139,0.9067917466,0,1,0,0,1,2
160299371682100,1,1,1,200,0.9067917466,-0.4215789139,0,0,0.4215789139,0.9067917466,0,2,0,0,1,2
160299387185200,2,1,1,200,0.904533565,-0.42640239,0,0,0.42640239,0.904533565,0,1,0,0,1,2
160299387328900,1,1,1,200,0.904533565,-0.42640239,0,0,0.42640239,0.904533565,0,2,0,0,1,2
160299402710400,2,1,1,200,0.9034261107,-0.4287438095,0,0,0.4287438095,0.9034261107,0,1,0,0,1,2
160299402803600,1,1,1,200,0.9034261107,-0.4287438095,0,0,0.4287438095,0.9034261107,0,2,0,0,1,2
160299418069000,2,1,1,200,0.902343452,-0.4310177565,0,0,0.4310177565,0.902343452,0,1,0,0,1,2
160299418131500,1,1,1,200,0.902343452,-0.4310177565,0,0,0.4310177565,0.902343452,0,2,0,0,1,2
160299433742500,2,1,1,200,0.9001970887,-0.4354827106,0,0,0.4354827106,0.9001970887,0,1,0,0,1,2
160299433791100,1,1,1,200,0.9001970887,-0.4354827106,0,0,0.4354827106,0.9001970887,0,2,0,0,1,2
160299449143300,2,1,1,200,0.8991653919,-0.4376090169,0,0,0.4376090169,0.8991653919,0,1,0,0,1,2
160299449236200,1,1,1,200,0.8991653919,-0.4376090169,0,0,0.4376090169,0.8991653919,0,2,0,0,1,2
160299464693500,2,1,1,200,0.8971145153,-0.4417981207,0,0,0.4417981207,0.8971145153,0,1,0,0,1,2
160299464723700,1,1,1,200,0.8971145153,-0.4417981207,0,0,0.4417981207,0.8971145153,0,2,0,0,1,2
160299480295000,2,1,1,200,0.8961499929,-0.4437512457,0,0,0.4437512457,0.8961499929,0,1,0,0,1,2
160299480381100,1,1,1,200,0.8961499929,-0.4437512457,0,0,0.4437512457,0.8961499929,0,2,0,0,1,2
160299495581200,2,1,1,200,0.8951879144,-0.4456889331,0,0,0.4456889331,0.8951879144,0,1,0,0,1,2
160299495626400,1,1,1,200,0.8951879144,-0.4456889331,0,0,0.4456889331,0.8951879144,0,2,0,0,1,2
160299511044200,2,1,1,200,0.8933308721,-0.4493995905,0,0,0.4493995905,0.8933308721,0,1,0,0,1,2
160299511088300,1,1,1,200,0.8933308721,-0.4493995905,0,0,0.4493995905,0.8933308721,0,2,0,0,1,2
160299526202400,2,1,1,200,0.8924456835,-0.4511548281,0,0,0.4511548281,0.8924456835,0,1,0,0,1,2
160299526238700,1,1,1,200,0.8924456835,-0.4511548281,0,0,0.4511548281,0.8924456835,0,2,0,0,1,2
160299541788900,2,1,1,200,0.8907330036,-0.4545269608,0,0,0.4545269608,0.8907330036,0,1,0,0,1,2
160299541849800,1,1,1,200,0.8907330036,-0.4545269608,0,0,0.4545269608,0.8907330036,0,2,0,0,1,2
160299557824700,2,1,1,200,0.889901638,-0.4561524987,0,0,0.4561524987,0.889901638,0,1,0,0,1,2
160299557868000,1,1,1,200,0.889901638,-0.4561524987,0,0,0.4561524987,0.889901638,0,2,0,0,1,2
160299573036900,2,1,1,200,0.8890787363,-0.4577543437,0,0,0.4577543437,0.8890787363,0,1,0,0,1,2
160299573076600,1,1,1,200,0.8890787363,-0.4577543437,0,0,0.4577543437,0.8890787363,0,2,0,0,1,2
160299588467500,2,1,1,200,0.8875692487,-0.4606743455,0,0,0.4606743455,0.8875692487,0,1,0,0,1,2
160299588621100,1,1,1,200,0.8875692487,-0.4606743455,0,0,0.4606743455,0.8875692487,0,2,0,0,1,2
160299604043800,2,1,1,200,0.8861536384,-0.463391602,0,0,0.463391602,0.8861536384,0,1,0,0,1,2
160299604083500,1,1,1,200,0.8861536384,-0.463391602,0,0,0.463391602,0.8861536384,0,2,0,0,1,2
160299619525900,2,1,1,200,0.8861536384,-0.463391602,0,0,0.463391602,0.8861536384,0,1,0,0,1,2
160299619572300,1,1,1,200,0.8861536384,-0.463391602,0,0,0.463391602,0.8861536384,0,2,0,0,1,2
160299635042300,2,1,1,200,0.8848382235,-0.4658983648,0,0,0.4658983648,0.8848382235,0,1,0,0,1,2
160299635124600,1,1,1,200,0.8848382235,-0.4658983648,0,0,0.4658983648,0.8848382235,0,2,0,0,1,2
160299650629900,2,1,1,200,0.8842081428,-0.4670930505,0,0,0.4670930505,0.8842081428,0,1,0,0,1,2
160299650661900,1,1,1,200,0.8842081428,-0.4670930505,0,0,0.4670930505,0.8842081428,0,2,0,0,1,2
160299666173900,2,1,1,200,0.8830313683,-0.4693139493,0,0,0.4693139493,0.8830313683,0,1,0,0,1,2
160299666220700,1,1,1,200,0.8830313683,-0.4693139493,0,0,0.4693139493,0.8830313683,0,2,0,0,1,2
160299681674000,2,1,1,200,0.881986618,-0.4712744951,0,0,0.4712744951,0.881986618,0,1,0,0,1,2
160299681711800,1,1,1,200,0.881986618,-0.4712744951,0,0,0.4712744951,0.881986618,0,2,0,0,1,2
160299697320200,2,1,1,200,0.881986618,-0.4712744951,0,0,0.4712744951,0.881986618,0,1,0,0,1,2
160299697351700,1,1,1,200,0.881986618,-0.4712744951,0,0,0.4712744951,0.881986618,0,2,0,0,1,2
160299712988300,2,1,1,200,0.8810428381,-0.4730365276,0,0,0.4730365276,0.8810428381,0,1,0,0,1,2
160299713034700,1,1,1,200,0.8810428381,-0.4730365276,0,0,0.4730365276,0.8810428381,0,2,0,0,1,2
160299728510100,2,1,1,200,0.8801923394,-0.4746171236,0,0,0.4746171236,0.8801923394,0,1,0,0,1,2
160299728554400,1,1,1,200,0.8801923394,-0.4746171236,0,0,0.4746171236,0.8801923394,0,2,0,0,1,2
160299743596300,2,1,1,200,0.8798188567,-0.4753091633,0,0,0.4753091633,0.8798188567,0,1,0,0,1,2
160299743682800,1,1,1,200,0.8798188567,-0.4753091633,0,0,0.4753091633,0.8798188567,0,2,0,0,1,2
160299758938300,2,1,1,200,0.8794796467,-0.4759365022,0,0,0.4759365022,0.8794796467,0,1,0,0,1,2
160299759013900,1,1,1,200,0.8794796467,-0.4759365022,0,0,0.4759365022,0.8794796467,0,2,0,0,1,2
160299774483800,2,1,1,200,0.8791638017,-0.4765196741,0,0,0.4765196741,0.8791638017,0,1,0,0,1,2
160299774519800,1,1,1,200,0.8791638017,-0.4765196741,0,0,0.4765196741,0.8791638017,0,2,0,0,1,2
160299790070400,2,1,1,200,0.8786048889,-0.4775494039,0,0,0.4775494039,0.8786048889,0,1,0,0,1,2
160299790106000,1,1,1,200,0.8786048889,-0.4775494039,0,0,0.4775494039,0.8786048889,0,2,0,0,1,2
160299805618600,2,1,1,200,0.8781748414,-0.4783397615,0,0,0.4783397615,0.8781748414,0,1,0,0,1,2
160299805703400,1,1,1,200,0.8781748414,-0.4783397615,0,0,0.4783397615,0.8781748414,0,2,0,0,1,2
160299821078300,2,1,1,200,0.8781748414,-0.4783397615,0,0,0.4783397615,0.8781748414,0,1,0,0,1,2
160299821121400,1,1,1,200,0.8781748414,-0.4783397615,0,0,0.4783397615,0.8781748414,0,2,0,0,1,2
160299836695500,2,1,1,200,0.8778634071,-0.4789111316,0,0,0.4789111316,0.8778634071,0,1,0,0,1,2
160299836736700,1,1,1,200,0.8778634071,-0.4789111316,0,0,0.4789111316,0.8778634071,0,2,0,0,1,2
160299851812300,2,1,1,200,0.877664268,-0.4792759717,0,0,0.4792759717,0.877664268,0,1,0,0,1,2
160299851845600,1,1,1,200,0.877664268,-0.4792759717,0,0,0.4792759717,0.877664268,0,2,0,0,1,2
160299867425100,2,1,1,200,0.8776097298,-0.4793758392,0,0,0.4793758392,0.8776097298,0,1,0,0,1,2
160299867470500,1,1,1,200,0.8776097298,-0.4793758392,0,0,0.4793758392,0.8776097298,0,2,0,0,1,2
160299882677000,2,1,1,200,0.8775844574,-0.4794220328,0,0,0.4794220328,0.8775844574,0,1,0,0,1,2
160299882705300,1,1,1,200,0.8775844574,-0.4794220328,0,0,0.4794220328,0.8775844574,0,2,0,0,1,2
160299898235700,2,1,1,200,0.8776224256,-0.4793525934,0,0,0.4793525934,0.8776224256,0,1,0,0,1,2
160299898366300,1,1,1,200,0.8776224256,-0.4793525934,0,0,0.4793525934,0.8776224256,0,2,0,0,1,2
160299913856100,2,1,1,200,0.8776851296,-0.4792377651,0,0,0.4792377651,0.8776851296,0,1,0,0,1,2
160299913902800,1,1,1,200,0.8776851296,-0.4792377651,0,0,0.4792377651,0.8776851296,0,2,0,0,1,2
160299929460200,2,1,1,200,0.8779042363,-0.4788362384,0,0,0.4788362384,0.8779042363,0,1,0,0,1,2
160299929511900,1,1,1,200,0.8779042363,-0.4788362384,0,0,0.4788362384,0.8779042363,0,2,0,0,1,2
160299945462000,2,1,1,200,0.8780549169,-0.4785599113,0,0,0.4785599113,0.8780549169,0,1,0,0,1,2
160299945517800,1,1,1,200,0.8780549169,-0.4785599113,0,0,0.4785599113,0.8780549169,0,2,0,0,1,2
160299960750400,2,1,1,200,0.8782394528,-0.4782211781,0,0,0.4782211781,0.8782394528,0,1,0,0,1,2
160299960836400,1,1,1,200,0.8782394528,-0.4782211781,0,0,0.4782211781,0.8782394528,0,2,0,0,1,2
160299976353400,2,1,1,200,0.8786878586,-0.4773967266,0,0,0.4773967266,0.8786878586,0,1,0,0,1,2
160299976403200,1,1,1,200,0.8786878586,-0.4773967266,0,0,0.4773967266,0.8786878586,0,2,0,0,1,2
160299991680500,2,1,1,200,0.8789540529,-0.4769064784,0,0,0.4769064784,0.8789540529,0,1,0,0,1,2
160299991722400,1,1,1,200,0.8789540529,-0.4769064784,0,0,0.4769064784,0.8789540529,0,2,0,0,1,2
160300007033900,2,1,1,200,0.8792490959,-0.4763623476,0,0,0.4763623476,0.8792490959,0,1,0,0,1,2
160300007157300,1,1,1,200,0.8792490959,-0.4763623476,0,0,0.4763623476,0.8792490959,0,2,0,0,1,2
160300022890800,2,1,1,200,0.8799309134,-0.4751016498,0,0,0.4751016498,0.8799309134,0,1,0,0,1,2
160300023061600,1,1,1,200,0.8799309134,-0.4751016498,0,0,0.4751016498,0.8799309134,0,2,0,0,1,2
160300038167500,2,1,1,200,0.8803313971,-0.4743591845,0,0,0.4743591845,0.8803313971,0,1,0,0,1,2
160300038202200,1,1,1,200,0.8803313971,-0.4743591845,0,0,0.4743591845,0.8803313971,0,2,0,0,1,2
160300053442700,2,1,1,200,0.8811736107,-0.4727928042,0,0,0.4727928042,0.8811736107,0,1,0,0,1,2
160300053530400,1,1,1,200,0.8811736107,-0.4727928042,0,0,0.4727928042,0.8811736107,0,2,0,0,1,2
160300069025000,2,1,1,200,0.8816452622,-0.4719127715,0,0,0.4719127715,0.8816452622,0,1,0,0,1,2
160300069054600,1,1,1,200,0.8816452622,-0.4719127715,0,0,0.4719127715,0.8816452622,0,2,0,0,1,2
160300084633000,2,1,1,200,0.8821370006,-0.4709928632,0,0,0.4709928632,0.8821370006,0,1,0,0,1,2
160300084662000,1,1,1,200,0.8821370006,-0.4709928632,0,0,0.4709928632,0.8821370006,0,2,0,0,1,2
160300099818000,2,1,1,200,0.8832125068,-0.4689730406,0,0,0.4689730406,0.8832125068,0,1,0,0,1,2
160300099959500,1,1,1,200,0.8832125068,-0.4689730406,0,0,0.4689730406,0.8832125068,0,2,0,0,1,2
160300115352800,2,1,1,200,0.8837861419,-0.4678910673,0,0,0.4678910673,0.8837861419,0,1,0,0,1,2
160300115426600,1,1,1,200,0.8837861419,-0.4678910673,0,0,0.4678910673,0.8837861419,0,2,0,0,1,2
160300130971000,2,1,1,200,0.885040462,-0.4655140936,0,0,0.4655140936,0.885040462,0,1,0,0,1,2
160300131017000,1,1,1,200,0.885040462,-0.4655140936,0,0,0.4655140936,0.885040462,0,2,0,0,1,2
160300146656900,2,1,1,200,0.8856924176,-0.4642725289,0,0,0.4642725289,0.8856924176,0,1,0,0,1,2
160300146707900,1,1,1,200,0.8856924176,-0.4642725289,0,0,0.4642725289,0.8856924176,0,2,0,0,1,2
160300162774200,2,1,1,200,0.8863920569,-0.4629353583,0,0,0.4629353583,0.8863920569,0,1,0,0,1,2
160300162821000,1,1,1,200,0.8863920569,-0.4629353583,0,0,0.4629353583,0.8863920569,0,2,0,0,1,2
160300178186900,2,1,1,200,0.8878169656,-0.4601967037,0,0,0.4601967037,0.8878169656,0,1,0,0,1,2
160300178230500,1,1,1,200,0.8878169656,-0.4601967037,0,0,0.4601967037,0.8878169656,0,2,0,0,1,2
160300193661700,2,1,1,200,0.8893392682,-0.4572479427,0,0,0.4572479427,0.8893392682,0,1,0,0,1,2
160300193699300,1,1,1,200,0.8893392682,-0.4572479427,0,0,0.4572479427,0.8893392682,0,2,0,0,1,2
160300209002900,2,1,1,200,0.8893392682,-0.4572479427,0,0,0.4572479427,0.8893392682,0,1,0,0,1,2
160300209043300,1,1,1,200,0.8893392682,-0.4572479427,0,0,0.4572479427,0.8893392682,0,2,0,0,1,2
160300224466800,2,1,1,200,0.8909800649,-0.4540424645,0,0,0.4540424645,0.8909800649,0,1,0,0,1,2
160300224494800,1,1,1,200,0.8909800649,-0.4540424645,0,0,0.4540424645,0.8909800649,0,2,0,0,1,2
160300240036600,2,1,1,200,0.892701745,-0.45064798,0,0,0.45064798,0.892701745,0,1,0,0,1,2
160300240148100,1,1,1,200,0.892701745,-0.45064798,0,0,0.45064798,0.892701745,0,2,0,0,1,2
160300255615500,2,1,1,200,0.8936376572,-0.4487891495,0,0,0.4487891495,0.8936376572,0,1,0,0,1,2
160300255693400,1,1,1,200,0.8936376572,-0.4487891495,0,0,0.4487891495,0.8936376572,0,2,0,0,1,2
160300271784900,2,1,1,200,0.894554317,-0.4469592273,0,0,0.4469592273,0.894554317,0,1,0,0,1,2
160300271833700,1,1,1,200,0.894554317,-0.4469592273,0,0,0.4469592273,0.894554317,0,2,0,0,1,2
160300286872800,2,1,1,200,0.8964666724,-0.4431111217,0,0,0.4431111217,0.8964666724,0,1,0,0,1,2
160300286905000,1,1,1,200,0.8964666724,-0.4431111217,0,0,0.4431111217,0.8964666724,0,2,0,0,1,2
160300302598200,2,1,1,200,0.8974449039,-0.4411265254,0,0,0.4411265254,0.8974449039,0,1,0,0,1,2
160300302637000,1,1,1,200,0.8974449039,-0.4411265254,0,0,0.4411265254,0.8974449039,0,2,0,0,1,2
160300318153900,2,1,1,200,0.8994647264,-0.4369933605,0,0,0.4369933605,0.8994647264,0,1,0,0,1,2
160300318186600,1,1,1,200,0.8994647264,-0.4369933605,0,0,0.4369933605,0.8994647264,0,2,0,0,1,2
160300333479200,2,1,1,200,0.9005300999,-0.4347936511,0,0,0.4347936511,0.9005300999,0,1,0,0,1,2
160300333523600,1,1,1,200,0.9005300999,-0.4347936511,0,0,0.4347936511,0.9005300999,0,2,0,0,1,2
160300348893200,2,1,1,200,0.9015786052,-0.4326153398,0,0,0.4326153398,0.9015786052,0,1,0,0,1,2
160300348961600,1,1,1,200,0.9015786052,-0.4326153398,0,0,0.4326153398,0.9015786052,0,2,0,0,1,2
160300364440400,2,1,1,200,0.9037520289,-0.4280564189,0,0,0.4280564189,0.9037520289,0,1,0,0,1,2
160300364508700,1,1,1,200,0.9037520289,-0.4280564189,0,0,0.4280564189,0.9037520289,0,2,0,0,1,2
160300380044500,2,1,1,200,0.9048602581,-0.4257087111,0,0,0.4257087111,0.9048602581,0,1,0,0,1,2
160300380110000,1,1,1,200,0.9048602581,-0.4257087111,0,0,0.4257087111,0.9048602581,0,2,0,0,1,2
160300395608700,2,1,1,200,0.9059926867,-0.4232932925,0,0,0.4232932925,0.9059926867,0,1,0,0,1,2
160300395684100,1,1,1,200,0.9059926867,-0.4232932925,0,0,0.4232932925,0.9059926867,0,2,0,0,1,2
160300410920000,2,1,1,200,0.9083514214,-0.4182077646,0,0,0.4182077646,0.9083514214,0,1,0,0,1,2
160300410964800,1,1,1,200,0.9083514214,-0.4182077646,0,0,0.4182077646,0.9083514214,0,2,0,0,1,2
160300426466900,2,1,1,200,0.9095090032,-0.4156841636,0,0,0.4156841636,0.9095090032,0,1,0,0,1,2
160300426522100,1,1,1,200,0.9095090032,-0.4156841636,0,0,0.4156841636,0.9095090032,0,2,0,0,1,2
160300441727600,2,1,1,200,0.9119051099,-0.4104010463,0,0,0.4104010463,0.9119051099,0,1,0,0,1,2
160300441756000,1,1,1,200,0.9119051099,-0.4104010463,0,0,0.4104010463,0.9119051099,0,2,0,0,1,2
160300457258900,2,1,1,200,0.9131192565,-0.4076925218,0,0,0.4076925218,0.9131192565,0,1,0,0,1,2
160300457306100,1,1,1,200,0.9131192565,-0.4076925218,0,0,0.4076925218,0.9131192565,0,2,0,0,1,2
160300472771400,2,1,1,200,0.9143670797,-0.4048862457,0,0,0.4048862457,0.9143670797,0,1,0,0,1,2
160300472833000,1,1,1,200,0.9143670797,-0.4048862457,0,0,0.4048862457,0.9143670797,0,2,0,0,1,2
160300488134200,2,1,1,200,0.9168625474,-0.3992030323,0,0,0.3992030323,0.9168625474,0,1,0,0,1,2
160300488184600,1,1,1,200,0.9168625474,-0.3992030323,0,0,0.3992030323,0.9168625474,0,2,0,0,1,2
160300503612000,2,1,1,200,0.9181672931,-0.3961928785,0,0,0.3961928785,0.9181672931,0,1,0,0,1,2
160300503673700,1,1,1,200,0.9181672931,-0.3961928785,0,0,0.3961928785,0.9181672931,0,2,0,0,1,2
160300519029400,2,1,1,200,0.9194400311,-0.3932302594,0,0,0.3932302594,0.9194400311,0,1,0,0,1,2
160300519062500,1,1,1,200,0.9194400311,-0.3932302594,0,0,0.3932302594,0.9194400311,0,2,0,0,1,2
160300535159300,2,1,1,200,0.9220174551,-0.3871483207,0,0,0.3871483207,0.9220174551,0,1,0,0,1,2
160300535211500,1,1,1,200,0.9220174551,-0.3871483207,0,0,0.3871483207,0.9220174551,0,2,0,0,1,2
160300550316000,2,1,1,200,0.9233418107,-0.3839789927,0,0,0.3839789927,0.9233418107,0,1,0,0,1,2
160300550347500,1,1,1,200,0.9233418107,-0.3839789927,0,0,0.3839789927,0.9233418107,0,2,0,0,1,2
160300566472400,2,1,1,200,0.925963521,-0.3776130378,0,0,0.3776130378,0.925963521,0,1,0,0,1,2
160300566580700,1,1,1,200,0.925963521,-0.3776130378,0,0,0.3776130378,0.925963521,0,2,0,0,1,2
160300582561900,2,1,1,200,0.9272835851,-0.3743597269,0,0,0.3743597269,0.9272835851,0,1,0,0,1,2
160300582590500,1,1,1,200,0.9272835851,-0.3743597269,0,0,0.3743597269,0.9272835851,0,2,0,0,1,2
160300598170400,2,1,1,200,0.930010736,-0.3675324023,0,0,0.3675324023,0.930010736,0,1,0,0,1,2
160300598293800,1,1,1,200,0.930010736,-0.3675324023,0,0,0.3675324023,0.930010736,0,2,0,0,1,2
160300613464300,2,1,1,200,0.9313220978,-0.3641965389,0,0,0.3641965389,0.9313220978,0,1,0,0,1,2
160300613513000,1,1,1,200,0.9313220978,-0.3641965389,0,0,0.3641965389,0.9313220978,0,2,0,0,1,2
160300629572200,2,1,1,200,0.9340061545,-0.3572569788,0,0,0.3572569788,0.9340061545,0,1,0,0,1,2
160300629608500,1,1,1,200,0.9340061545,-0.3572569788,0,0,0.3572569788,0.9340061545,0,2,0,0,1,2
160300645091200,2,1,1,200,0.935415864,-0.3535494208,0,0,0.3535494208,0.935415864,0,1,0,0,1,2
160300645127200,1,1,1,200,0.935415864,-0.3535494208,0,0,0.3535494208,0.935415864,0,2,0,0,1,2
160300660447800,2,1,1,200,0.9367361665,-0.3500362039,0,0,0.3500362039,0.9367361665,0,1,0,0,1,2
160300660487700,1,1,1,200,0.9367361665,-0.3500362039,0,0,0.3500362039,0.9367361665,0,2,0,0,1,2
160300675686200,2,1,1,200,0.9394637346,-0.3426483274,0,0,0.3426483274,0.9394637346,0,1,0,0,1,2
160300675729700,1,1,1,200,0.9394637346,-0.3426483274,0,0,0.3426483274,0.9394637346,0,2,0,0,1,2
160300690773100,2,1,1,200,0.9408255219,-0.3388914168,0,0,0.3388914168,0.9408255219,0,1,0,0,1,2
160300690804200,1,1,1,200,0.9408255219,-0.3388914168,0,0,0.3388914168,0.9408255219,0,2,0,0,1,2
160300706408400,2,1,1,200,0.9435257912,-0.3312990665,0,0,0.3312990665,0.9435257912,0,1,0,0,1,2
160300706453300,1,1,1,200,0.9435257912,-0.3312990665,0,0,0.3312990665,0.9435257912,0,2,0,0,1,2
160300721914300,2,1,1,200,0.944930613,-0.3272707462,0,0,0.3272707462,0.944930613,0,1,0,0,1,2
160300721951000,1,1,1,200,0.944930613,-0.3272707462,0,0,0.3272707462,0.944930613,0,2,0,0,1,2
160300737087000,2,1,1,200,0.9462774992,-0.3233556747,0,0,0.3233556747,0.9462774992,0,1,0,0,1,2
160300737140500,1,1,1,200,0.9462774992,-0.3233556747,0,0,0.3233556747,0.9462774992,0,2,0,0,1,2
160300752446800,2,1,1,200,0.9489418864,-0.3154509366,0,0,0.3154509366,0.9489418864,0,1,0,0,1,2
160300752480400,1,1,1,200,0.9489418864,-0.3154509366,0,0,0.3154509366,0.9489418864,0,2,0,0,1,2
160300768525000,2,1,1,200,0.9502914548,-0.3113617599,0,0,0.3113617599,0.9502914548,0,1,0,0,1,2
160300768556500,1,1,1,200,0.9502914548,-0.3113617599,0,0,0.3113617599,0.9502914548,0,2,0,0,1,2
160300784051400,2,1,1,200,0.9516342878,-0.3072331846,0,0,0.3072331846,0.9516342878,0,1,0,0,1,2
160300784185400,1,1,1,200,0.9516342878,-0.3072331846,0,0,0.3072331846,0.9516342878,0,2,0,0,1,2
160300799725900,2,1,1,200,0.9542559385,-0.2989909947,0,0,0.2989909947,0.9542559385,0,1,0,0,1,2
160300799771600,1,1,1,200,0.9542559385,-0.2989909947,0,0,0.2989909947,0.9542559385,0,2,0,0,1,2
160300814967100,2,1,1,200,0.9555909634,-0.2946963608,0,0,0.2946963608,0.9555909634,0,1,0,0,1,2
160300814994400,1,1,1,200,0.9555909634,-0.2946963608,0,0,0.2946963608,0.9555909634,0,2,0,0,1,2
160300830506600,2,1,1,200,0.958181262,-0.2861620188,0,0,0.2861620188,0.958181262,0,1,0,0,1,2
160300830557900,1,1,1,200,0.958181262,-0.2861620188,0,0,0.2861620188,0.958181262,0,2,0,0,1,2
160300846593300,2,1,1,200,0.9595189691,-0.2816441059,0,0,0.2816441059,0.9595189691,0,1,0,0,1,2
160300846626100,1,1,1,200,0.9595189691,-0.2816441059,0,0,0.2816441059,0.9595189691,0,2,0,0,1,2
160300862625300,2,1,1,200,0.9608176351,-0.2771812975,0,0,0.2771812975,0.9608176351,0,1,0,0,1,2
160300862660100,1,1,1,200,0.9608176351,-0.2771812975,0,0,0.2771812975,0.9608176351,0,2,0,0,1,2
160300878191900,2,1,1,200,0.9633029699,-0.2684164047,0,0,0.2684164047,0.9633029699,0,1,0,0,1,2
160300878236300,1,1,1,200,0.9633029699,-0.2684164047,0,0,0.2684164047,0.9633029699,0,2,0,0,1,2
160300893906200,2,1,1,200,0.9645416141,-0.2639309168,0,0,0.2639309168,0.9645416141,0,1,0,0,1,2
160300893959700,1,1,1,200,0.9645416141,-0.2639309168,0,0,0.2639309168,0.9645416141,0,2,0,0,1,2
160300909305100,2,1,1,200,0.9669779539,-0.2548599839,0,0,0.2548599839,0.9669779539,0,1,0,0,1,2
160300909400500,1,1,1,200,0.9669779539,-0.2548599839,0,0,0.2548599839,0.9669779539,0,2,0,0,1,2
160300924571800,2,1,1,200,0.9682004452,-0.2501756549,0,0,0.2501756549,0.9682004452,0,1,0,0,1,2
160300924599500,1,1,1,200,0.9682004452,-0.2501756549,0,0,0.2501756549,0.9682004452,0,2,0,0,1,2
160300940119300,2,1,1,200,0.9693837166,-0.2455507666,0,0,0.2455507666,0.9693837166,0,1,0,0,1,2
160300940147500,1,1,1,200,0.9693837166,-0.2455507666,0,0,0.2455507666,0.9693837166,0,2,0,0,1,2
160300955459100,2,1,1,200,0.9717086554,-0.2361827791,0,0,0.2361827791,0.9717086554,0,1,0,0,1,2
160300955494900,1,1,1,200,0.9717086554,-0.2361827791,0,0,0.2361827791,0.9717086554,0,2,0,0,1,2
160300970944800,2,1,1,200,0.9728717208,-0.2313451916,0,0,0.2313451916,0.9728717208,0,1,0,0,1,2
160300970985500,1,1,1,200,0.9728717208,-0.2313451916,0,0,0.2313451916,0.9728717208,0,2,0,0,1,2
160300986484300,2,1,1,200,0.9751383066,-0.2215970457,0,0,0.2215970457,0.9751383066,0,1,0,0,1,2
160300986516000,1,1,1,200,0.9751383066,-0.2215970457,0,0,0.2215970457,0.9751383066,0,2,0,0,1,2
160301002102100,2,1,1,200,0.9762237668,-0.2167651951,0,0,0.2167651951,0.9762237668,0,1,0,0,1,2
160301002137100,1,1,1,200,0.9762237668,-0.2167651951,0,0,0.2167651951,0.9762237668,0,2,0,0,1,2
160301018130900,2,1,1,200,0.9773157239,-0.2117875367,0,0,0.2117875367,0.9773157239,0,1,0,0,1,2
160301018164100,1,1,1,200,0.9773157239,-0.2117875367,0,0,0.2117875367,0.9773157239,0,2,0,0,1,2
160301033629800,2,1,1,200,0.9793727398,-0.2020619512,0,0,0.2020619512,0.9793727398,0,1,0,0,1,2
160301033662700,1,1,1,200,0.9793727398,-0.2020619512,0,0,0.2020619512,0.9793727398,0,2,0,0,1,2
160301049045500,2,1,1,200,0.9813819528,-0.1920661479,0,0,0.1920661479,0.9813819528,0,1,0,0,1,2
160301049082100,1,1,1,200,0.9813819528,-0.1920661479,0,0,0.1920661479,0.9813819528,0,2,0,0,1,2
160301064508700,2,1,1,200,0.9823530912,-0.1870357394,0,0,0.1870357394,0.9823530912,0,1,0,0,1,2
160301064564700,1,1,1,200,0.9823530912,-0.1870357394,0,0,0.1870357394,0.9823530912,0,2,0,0,1,2
160301080082600,2,1,1,200,0.9833005071,-0.1819892228,0,0,0.1819892228,0.9833005071,0,1,0,0,1,2
160301080142900,1,1,1,200,0.9833005071,-0.1819892228,0,0,0.1819892228,0.9833005071,0,2,0,0,1,2
160301095421200,2,1,1,200,0.9842212796,-0.1769419163,0,0,0.1769419163,0.9842212796,0,1,0,0,1,2
160301095455100,1,1,1,200,0.9842212796,-0.1769419163,0,0,0.1769419163,0.9842212796,0,2,0,0,1,2
160301110983300,2,1,1,200,0.9860250354,-0.1665972769,0,0,0.1665972769,0.9860250354,0,1,0,0,1,2
160301111042900,1,1,1,200,0.9860250354,-0.1665972769,0,0,0.1665972769,0.9860250354,0,2,0,0,1,2
160301126237100,2,1,1,200,0.9877252579,-0.1562012881,0,0,0.1562012881,0.9877252579,0,1,0,0,1,2
160301126271900,1,1,1,200,0.9877252579,-0.1562012881,0,0,0.1562012881,0.9877252579,0,2,0,0,1,2
160301141801300,2,1,1,200,0.9877252579,-0.1562012881,0,0,0.1562012881,0.9877252579,0,1,0,0,1,2
160301141844900,1,1,1,200,0.9877252579,-0.1562012881,0,0,0.1562012881,0.9877252579,0,2,0,0,1,2
160301157351800,2,1,1,200,0.9893183708,-0.1457708776,0,0,0.1457708776,0.9893183708,0,1,0,0,1,2
160301157382100,1,1,1,200,0.9893183708,-0.1457708776,0,0,0.1457708776,0.9893183708,0,2,0,0,1,2
160301172881400,2,1,1,200,0.9900857806,-0.1404639482,0,0,0.1404639482,0.9900857806,0,1,0,0,1,2
160301172963100,1,1,1,200,0.9900857806,-0.1404639482,0,0,0.1404639482,0.9900857806,0,2,0,0,1,2
160301188093600,2,1,1,200,0.9915197492,-0.1299562752,0,0,0.1299562752,0.9915197492,0,1,0,0,1,2
160301188124300,1,1,1,200,0.9915197492,-0.1299562752,0,0,0.1299562752,0.9915197492,0,2,0,0,1,2
160301203690000,2,1,1,200,0.9922288656,-0.1244262308,0,0,0.1244262308,0.9922288656,0,1,0,0,1,2
160301203747500,1,1,1,200,0.9922288656,-0.1244262308,0,0,0.1244262308,0.9922288656,0,2,0,0,1,2
160301219159300,2,1,1,200,0.9928796291,-0.1191221103,0,0,0.1191221103,0.9928796291,0,1,0,0,1,2
160301219192500,1,1,1,200,0.9928796291,-0.1191221103,0,0,0.1191221103,0.9928796291,0,2,0,0,1,2
160301235122700,2,1,1,200,0.9940992594,-0.1084743142,0,0,0.1084743142,0.9940992594,0,1,0,0,1,2
160301235330800,1,1,1,200,0.9940992594,-0.1084743142,0,0,0.1084743142,0.9940992594,0,2,0,0,1,2
160301250425200,2,1,1,200,0.995223105,-0.09762665629,0,0,0.09762665629,0.995223105,0,1,0,0,1,2
160301250463100,1,1,1,200,0.995223105,-0.09762665629,0,0,0.09762665629,0.995223105,0,2,0,0,1,2
160301266268000,2,1,1,200,0.995223105,-0.09762665629,0,0,0.09762665629,0.995223105,0,1,0,0,1,2
160301266358600,1,1,1,200,0.995223105,-0.09762665629,0,0,0.09762665629,0.995223105,0,2,0,0,1,2
160301281753900,2,1,1,200,0.9962317944,-0.08673041314,0,0,0.08673041314,0.9962317944,0,1,0,0,1,2
160301282002300,1,1,1,200,0.9962317944,-0.08673041314,0,0,0.08673041314,0.9962317944,0,2,0,0,1,2
160301297220100,2,1,1,200,0.9971147776,-0.07590886205,0,0,0.07590886205,0.9971147776,0,1,0,0,1,2
160301297256600,1,1,1,200,0.9971147776,-0.07590886205,0,0,0.07590886205,0.9971147776,0,2,0,0,1,2
160301312807800,2,1,1,200,0.9971147776,-0.07590886205,0,0,0.07590886205,0.9971147776,0,1,0,0,1,2
160301312842300,1,1,1,200,0.9971147776,-0.07590886205,0,0,0.07590886205,0.9971147776,0,2,0,0,1,2
160301328421200,2,1,1,200,0.9979009628,-0.06475861371,0,0,0.06475861371,0.9979009628,0,1,0,0,1,2
160301328463600,1,1,1,200,0.9979009628,-0.06475861371,0,0,0.06475861371,0.9979009628,0,2,0,0,1,2
160301343845400,2,1,1,200,0.9985502958,-0.05382693186,0,0,0.05382693186,0.9985502958,0,1,0,0,1,2
160301343931600,1,1,1,200,0.9985502958,-0.05382693186,0,0,0.05382693186,0.9985502958,0,2,0,0,1,2
160301359500800,2,1,1,200,0.9988313913,-0.04833077267,0,0,0.04833077267,0.9988313913,0,1,0,0,1,2
160301359544500,1,1,1,200,0.9988313913,-0.04833077267,0,0,0.04833077267,0.9988313913,0,2,0,0,1,2
160301375060500,2,1,1,200,0.9993025064,-0.03734246641,0,0,0.03734246641,0.9993025064,0,1,0,0,1,2
160301375101800,1,1,1,200,0.9993025064,-0.03734246641,0,0,0.03734246641,0.9993025064,0,2,0,0,1,2
160301390843300,2,1,1,200,0.9994941354,-0.03180386499,0,0,0.03180386499,0.9994941354,0,1,0,0,1,2
160301390908000,1,1,1,200,0.9994941354,-0.03180386499,0,0,0.03180386499,0.9994941354,0,2,0,0,1,2
160301406240700,2,1,1,200,0.9996596575,-0.02608776093,0,0,0.02608776093,0.9996596575,0,1,0,0,1,2
160301406268700,1,1,1,200,0.9996596575,-0.02608776093,0,0,0.02608776093,0.9996596575,0,2,0,0,1,2
160301421735500,2,1,1,200,0.9998870492,-0.01502919663,0,0,0.01502919663,0.9998870492,0,1,0,0,1,2
160301421763900,1,1,1,200,0.9998870492,-0.01502919663,0,0,0.01502919663,0.9998870492,0,2,0,0,1,2
160301437384400,2,1,1,200,0.9999920726,-0.003977424465,0,0,0.003977424465,0.9999920726,0,1,0,0,1,2
160301437416800,1,1,1,200,0.9999920726,-0.003977424465,0,0,0.003977424465,0.9999920726,0,2,0,0,1,2
160301452500100,2,1,1,200,0.9999920726,-0.003977424465,0,0,0.003977424465,0.9999920726,0,1,0,0,1,2
160301452530100,1,1,1,200,0.9999920726,-0.003977424465,0,0,0.003977424465,0.9999920726,0,2,0,0,1,2
160301468528300,2,1,1,200,0.9999742508,0.007174365222,0,0,-0.007174365222,0.9999742508,0,1,0,0,1,2
160301468595800,1,1,1,200,0.9999742508,0.007174365222,0,0,-0.007174365222,0.9999742508,0,2,0,0,1,2
160301484076500,2,1,1,200,0.9999191165,0.01271665934,0,0,-0.01271665934,0.9999191165,0,1,0,0,1,2
160301484137200,1,1,1,200,0.9999191165,0.01271665934,0,0,-0.01271665934,0.9999191165,0,2,0,0,1,2
160301500126100,2,1,1,200,0.9997198582,0.02366806194,0,0,-0.02366806194,0.9997198582,0,1,0,0,1,2
160301500170400,1,1,1,200,0.9997198582,0.02366806194,0,0,-0.02366806194,0.9997198582,0,2,0,0,1,2
160301516258900,2,1,1,200,0.9995667934,0.02943214215,0,0,-0.02943214215,0.9995667934,0,1,0,0,1,2
160301516294500,1,1,1,200,0.9995667934,0.02943214215,0,0,-0.02943214215,0.9995667934,0,2,0,0,1,2
160301531688900,2,1,1,200,0.9993895292,0.03493710235,0,0,-0.03493710235,0.9993895292,0,1,0,0,1,2
160301531734500,1,1,1,200,0.9993895292,0.03493710235,0,0,-0.03493710235,0.9993895292,0,2,0,0,1,2
160301547040900,2,1,1,200,0.9989490509,0.0458342582,0,0,-0.0458342582,0.9989490509,0,1,0,0,1,2
160301547083200,1,1,1,200,0.9989490509,0.0458342582,0,0,-0.0458342582,0.9989490509,0,2,0,0,1,2
160301562586500,2,1,1,200,0.9983744621,0.05699540675,0,0,-0.05699540675,0.9983744621,0,1,0,0,1,2
160301562694900,1,1,1,200,0.9983744621,0.05699540675,0,0,-0.05699540675,0.9983744621,0,2,0,0,1,2
160301578722100,2,1,1,200,0.9980466962,0.06247200072,0,0,-0.06247200072,0.9980466962,0,1,0,0,1,2
160301578766400,1,1,1,200,0.9980466962,0.06247200072,0,0,-0.06247200072,0.9980466962,0,2,0,0,1,2
160301594503600,2,1,1,200,0.9976846576,0.06800996512,0,0,-0.06800996512,0.9976846576,0,1,0,0,1,2
160301594612800,1,1,1,200,0.9976846576,0.06800996512,0,0,-0.06800996512,0.9976846576,0,2,0,0,1,2
160301609795600,2,1,1,200,0.9968873262,0.0788391307,0,0,-0.0788391307,0.9968873262,0,1,0,0,1,2
160301609960200,1,1,1,200,0.9968873262,0.0788391307,0,0,-0.0788391307,0.9968873262,0,2,0,0,1,2
160301624948900,2,1,1,200,0.9964220524,0.08451656997,0,0,-0.08451656997,0.9964220524,0,1,0,0,1,2
160301625048100,1,1,1,200,0.9964220524,0.08451656997,0,0,-0.08451656997,0.9964220524,0,2,0,0,1,2
160301640296400,2,1,1,200,0.9954526424,0.09525779635,0,0,-0.09525779635,0.9954526424,0,1,0,0,1,2
160301640325500,1,1,1,200,0.9954526424,0.09525779635,0,0,-0.09525779635,0.9954526424,0,2,0,0,1,2
160301656254300,2,1,1,200,0.9949213862,0.1006551906,0,0,-0.1006551906,0.9949213862,0,1,0,0,1,2
160301656282600,1,1,1,200,0.9949213862,0.1006551906,0,0,-0.1006551906,0.9949213862,0,2,0,0,1,2
160301671705000,2,1,1,200,0.9943643808,0.1060162708,0,0,-0.1060162708,0.9943643808,0,1,0,0,1,2
160301671759300,1,1,1,200,0.9943643808,0.1060162708,0,0,-0.1060162708,0.9943643808,0,2,0,0,1,2
160301686838600,2,1,1,200,0.9931449294,0.1168896928,0,0,-0.1168896928,0.9931449294,0,1,0,0,1,2
160301686941000,1,1,1,200,0.9931449294,0.1168896928,0,0,-0.1168896928,0.9931449294,0,2,0,0,1,2
160301702478500,2,1,1,200,0.9924995303,0.1222484857,0,0,-0.1222484857,0.9924995303,0,1,0,0,1,2
160301702515200,1,1,1,200,0.9924995303,0.1222484857,0,0,-0.1222484857,0.9924995303,0,2,0,0,1,2
160301717886100,2,1,1,200,0.9918296337,0.1275694072,0,0,-0.1275694072,0.9918296337,0,1,0,0,1,2
160301717920000,1,1,1,200,0.9918296337,0.1275694072,0,0,-0.1275694072,0.9918296337,0,2,0,0,1,2
160301733366400,2,1,1,200,0.9904116988,0.1381472349,0,0,-0.1381472349,0.9904116988,0,1,0,0,1,2
160301733405000,1,1,1,200,0.9904116988,0.1381472349,0,0,-0.1381472349,0.9904116988,0,2,0,0,1,2
160301748835000,2,1,1,200,0.9896580577,0.1434465349,0,0,-0.1434465349,0.9896580577,0,1,0,0,1,2
160301748865200,1,1,1,200,0.9896580577,0.1434465349,0,0,-0.1434465349,0.9896580577,0,2,0,0,1,2
160301764473500,2,1,1,200,0.9880906343,0.1538731754,0,0,-0.1538731754,0.9880906343,0,1,0,0,1,2
160301764515400,1,1,1,200,0.9880906343,0.1538731754,0,0,-0.1538731754,0.9880906343,0,2,0,0,1,2
160301779754000,2,1,1,200,0.9872502685,0.1591757834,0,0,-0.1591757834,0.9872502685,0,1,0,0,1,2
160301779801400,1,1,1,200,0.9872502685,0.1591757834,0,0,-0.1591757834,0.9872502685,0,2,0,0,1,2
160301795935600,2,1,1,200,0.98638767,0.1644364446,0,0,-0.1644364446,0.98638767,0,1,0,0,1,2
160301796017300,1,1,1,200,0.98638767,0.1644364446,0,0,-0.1644364446,0.98638767,0,2,0,0,1,2
160301811418300,2,1,1,200,0.9846429825,0.1745801568,0,0,-0.1745801568,0.9846429825,0,1,0,0,1,2
160301811548400,1,1,1,200,0.9846429825,0.1745801568,0,0,-0.1745801568,0.9846429825,0,2,0,0,1,2
160301826940600,2,1,1,200,0.9827510715,0.1849332601,0,0,-0.1849332601,0.9827510715,0,1,0,0,1,2
160301827002200,1,1,1,200,0.9827510715,0.1849332601,0,0,-0.1849332601,0.9827510715,0,2,0,0,1,2
160301842768500,2,1,1,200,0.9827510715,0.1849332601,0,0,-0.1849332601,0.9827510715,0,1,0,0,1,2
160301842820700,1,1,1,200,0.9827510715,0.1849332601,0,0,-0.1849332601,0.9827510715,0,2,0,0,1,2
160301858313100,2,1,1,200,0.980810523,0.194963336,0,0,-0.194963336,0.980810523,0,1,0,0,1,2
160301858350600,1,1,1,200,0.980810523,0.194963336,0,0,-0.194963336,0.980810523,0,2,0,0,1,2
160301873768600,2,1,1,200,0.9787791967,0.2049178481,0,0,-0.2049178481,0.9787791967,0,1,0,0,1,2
160301873807100,1,1,1,200,0.9787791967,0.2049178481,0,0,-0.2049178481,0.9787791967,0,2,0,0,1,2
160301889379100,2,1,1,200,0.9777339697,0.2098482102,0,0,-0.2098482102,0.9777339697,0,1,0,0,1,2
160301889453600,1,1,1,200,0.9777339697,0.2098482102,0,0,-0.2098482102,0.9777339697,0,2,0,0,1,2
160301904953000,2,1,1,200,0.9755966067,0.2195705771,0,0,-0.2195705771,0.9755966067,0,1,0,0,1,2
160301904997600,1,1,1,200,0.9755966067,0.2195705771,0,0,-0.2195705771,0.9755966067,0,2,0,0,1,2
160301920636000,2,1,1,200,0.9755966067,0.2195705771,0,0,-0.2195705771,0.9755966067,0,1,0,0,1,2
160301920677500,1,1,1,200,0.9755966067,0.2195705771,0,0,-0.2195705771,0.9755966067,0,2,0,0,1,2
160301936674600,2,1,1,200,0.9733626842,0.2292708904,0,0,-0.2292708904,0.9733626842,0,1,0,0,1,2
160301936733700,1,1,1,200,0.9733626842,0.2292708904,0,0,-0.2292708904,0.9733626842,0,2,0,0,1,2
160301951796600,2,1,1,200,0.9710847139,0.2387351543,0,0,-0.2387351543,0.9710847139,0,1,0,0,1,2
160301951828500,1,1,1,200,0.9710847139,0.2387351543,0,0,-0.2387351543,0.9710847139,0,2,0,0,1,2
160301967391400,2,1,1,200,0.9699215889,0.2434174865,0,0,-0.2434174865,0.9699215889,0,1,0,0,1,2
160301967427900,1,1,1,200,0.9699215889,0.2434174865,0,0,-0.2434174865,0.9699215889,0,2,0,0,1,2
160301983010100,2,1,1,200,0.9687407017,0.2480756193,0,0,-0.2480756193,0.9687407017,0,1,0,0,1,2
160301983065800,1,1,1,200,0.9687407017,0.2480756193,0,0,-0.2480756193,0.9687407017,0,2,0,0,1,2
160301998266800,2,1,1,200,0.9662889838,0.2574598789,0,0,-0.2574598789,0.9662889838,0,1,0,0,1,2
160301998319100,1,1,1,200,0.9662889838,0.2574598789,0,0,-0.2574598789,0.9662889838,0,2,0,0,1,2
160302013797400,2,1,1,200,0.9651067853,0.261856705,0,0,-0.261856705,0.9651067853,0,1,0,0,1,2
160302013930400,1,1,1,200,0.9651067853,0.261856705,0,0,-0.261856705,0.9651067853,0,2,0,0,1,2
160302029471900,2,1,1,200,0.9638161063,0.2665680051,0,0,-0.2665680051,0.9638161063,0,1,0,0,1,2
160302029519400,1,1,1,200,0.9638161063,0.2665680051,0,0,-0.2665680051,0.9638161063,0,2,0,0,1,2
160302044990700,2,1,1,200,0.9613057375,0.2754836679,0,0,-0.2754836679,0.9613057375,0,1,0,0,1,2
160302045035700,1,1,1,200,0.9613057375,0.2754836679,0,0,-0.2754836679,0.9613057375,0,2,0,0,1,2
160302060432800,2,1,1,200,0.960048914,0.2798322141,0,0,-0.2798322141,0.960048914,0,1,0,0,1,2
160302060497100,1,1,1,200,0.960048914,0.2798322141,0,0,-0.2798322141,0.960048914,0,2,0,0,1,2
160302076475700,2,1,1,200,0.9574910998,0.2884628177,0,0,-0.2884628177,0.9574910998,0,1,0,0,1,2
160302076520300,1,1,1,200,0.9574910998,0.2884628177,0,0,-0.2884628177,0.9574910998,0,2,0,0,1,2
160302092620000,2,1,1,200,0.9561322927,0.292935133,0,0,-0.292935133,0.9561322927,0,1,0,0,1,2
160302092671500,1,1,1,200,0.9561322927,0.292935133,0,0,-0.292935133,0.9561322927,0,2,0,0,1,2
160302108611100,2,1,1,200,0.9535173774,0.3013379574,0,0,-0.3013379574,0.9535173774,0,1,0,0,1,2
160302108700700,1,1,1,200,0.9535173774,0.3013379574,0,0,-0.3013379574,0.9535173774,0,2,0,0,1,2
160302124052400,2,1,1,200,0.9521781206,0.3055434227,0,0,-0.3055434227,0.9521781206,0,1,0,0,1,2
160302124109800,1,1,1,200,0.9521781206,0.3055434227,0,0,-0.3055434227,0.9521781206,0,2,0,0,1,2
160302139998000,2,1,1,200,0.949516654,0.3137166202,0,0,-0.3137166202,0.949516654,0,1,0,0,1,2
160302140109700,1,1,1,200,0.949516654,0.3137166202,0,0,-0.3137166202,0.949516654,0,2,0,0,1,2
160302155912500,2,1,1,200,0.9482036233,0.3176631331,0,0,-0.3176631331,0.9482036233,0,1,0,0,1,2
160302155942900,1,1,1,200,0.9482036233,0.3176631331,0,0,-0.3176631331,0.9482036233,0,2,0,0,1,2
160302171520400,2,1,1,200,0.9468460083,0.3216871023,0,0,-0.3216871023,0.9468460083,0,1,0,0,1,2
160302171551600,1,1,1,200,0.9468460083,0.3216871023,0,0,-0.3216871023,0.9468460083,0,2,0,0,1,2
160302187105500,2,1,1,200,0.9441498518,0.3295164406,0,0,-0.3295164406,0.9441498518,0,1,0,0,1,2
160302187142300,1,1,1,200,0.9441498518,0.3295164406,0,0,-0.3295164406,0.9441498518,0,2,0,0,1,2
160302202848300,2,1,1,200,0.9427742958,0.3334316611,0,0,-0.3334316611,0.9427742958,0,1,0,0,1,2
160302202878700,1,1,1,200,0.9427742958,0.3334316611,0,0,-0.3334316611,0.9427742958,0,2,0,0,1,2
160302218476800,2,1,1,200,0.9400734305,0.3409720659,0,0,-0.3409720659,0.9400734305,0,1,0,0,1,2
160302218567300,1,1,1,200,0.9400734305,0.3409720659,0,0,-0.3409720659,0.9400734305,0,2,0,0,1,2
160302233987100,2,1,1,200,0.9387165308,0.3446900249,0,0,-0.3446900249,0.9387165308,0,1,0,0,1,2
160302234021600,1,1,1,200,0.9387165308,0.3446900249,0,0,-0.3446900249,0.9387165308,0,2,0,0,1,2
160302249690400,2,1,1,200,0.9373641014,0.3483512104,0,0,-0.3483512104,0.9373641014,0,1,0,0,1,2
160302249734600,1,1,1,200,0.9373641014,0.3483512104,0,0,-0.3483512104,0.9373641014,0,2,0,0,1,2
160302265009200,2,1,1,200,0.934633255,0.3556131423,0,0,-0.3556131423,0.934633255,0,1,0,0,1,2
160302265051100,1,1,1,200,0.934633255,0.3556131423,0,0,-0.3556131423,0.934633255,0,2,0,0,1,2
160302280585500,2,1,1,200,0.933285892,0.3591343164,0,0,-0.3591343164,0.933285892,0,1,0,0,1,2
160302280611400,1,1,1,200,0.933285892,0.3591343164,0,0,-0.3591343164,0.933285892,0,2,0,0,1,2
160302296636200,2,1,1,200,0.9319368601,0.3626205623,0,0,-0.3626205623,0.9319368601,0,1,0,0,1,2
160302296668600,1,1,1,200,0.9319368601,0.3626205623,0,0,-0.3626205623,0.9319368601,0,2,0,0,1,2
160302312197000,2,1,1,200,0.9291977882,0.3695828021,0,0,-0.3695828021,0.9291977882,0,1,0,0,1,2
160302312230000,1,1,1,200,0.9291977882,0.3695828021,0,0,-0.3695828021,0.9291977882,0,2,0,0,1,2
160302327593700,2,1,1,200,0.9265162349,0.376254797,0,0,-0.376254797,0.9265162349,0,1,0,0,1,2
160302327689900,1,1,1,200,0.9265162349,0.376254797,0,0,-0.376254797,0.9265162349,0,2,0,0,1,2
160302343201200,2,1,1,200,0.9265162349,0.376254797,0,0,-0.376254797,0.9265162349,0,1,0,0,1,2
160302343243700,1,1,1,200,0.9265162349,0.376254797,0,0,-0.376254797,0.9265162349,0,2,0,0,1,2
160302358803300,2,1,1,200,0.9239310622,0.3825590611,0,0,-0.3825590611,0.9239310622,0,1,0,0,1,2
160302358842300,1,1,1,200,0.9239310622,0.3825590611,0,0,-0.3825590611,0.9239310622,0,2,0,0,1,2
160302374192600,2,1,1,200,0.9212848544,0.3888883889,0,0,-0.3888883889,0.9212848544,0,1,0,0,1,2
160302374268000,1,1,1,200,0.9212848544,0.3888883889,0,0,-0.3888883889,0.9212848544,0,2,0,0,1,2
160302389324200,2,1,1,200,0.9199926853,0.3919355571,0,0,-0.3919355571,0.9199926853,0,1,0,0,1,2
160302389370000,1,1,1,200,0.9199926853,0.3919355571,0,0,-0.3919355571,0.9199926853,0,2,0,0,1,2
160302404523400,2,1,1,200,0.9187067747,0.3949403465,0,0,-0.3949403465,0.9187067747,0,1,0,0,1,2
160302404565400,1,1,1,200,0.9187067747,0.3949403465,0,0,-0.3949403465,0.9187067747,0,2,0,0,1,2
160302419772300,2,1,1,200,0.9161453247,0.4008463025,0,0,-0.4008463025,0.9161453247,0,1,0,0,1,2
160302419870500,1,1,1,200,0.9161453247,0.4008463025,0,0,-0.4008463025,0.9161453247,0,2,0,0,1,2
160302435347400,2,1,1,200,0.9148979187,0.4036852419,0,0,-0.4036852419,0.9148979187,0,1,0,0,1,2
160302435378300,1,1,1,200,0.9148979187,0.4036852419,0,0,-0.4036852419,0.9148979187,0,2,0,0,1,2
160302450555100,2,1,1,200,0.912420094,0.4092549384,0,0,-0.4092549384,0.912420094,0,1,0,0,1,2
160302450581900,1,1,1,200,0.912420094,0.4092549384,0,0,-0.4092549384,0.912420094,0,2,0,0,1,2
160302466289700,2,1,1,200,0.9112117887,0.4119382203,0,0,-0.4119382203,0.9112117887,0,1,0,0,1,2
160302466336000,1,1,1,200,0.9112117887,0.4119382203,0,0,-0.4119382203,0.9112117887,0,2,0,0,1,2
160302481813700,2,1,1,200,0.9100157619,0.4145736694,0,0,-0.4145736694,0.9100157619,0,1,0,0,1,2
160302481840300,1,1,1,200,0.9100157619,0.4145736694,0,0,-0.4145736694,0.9100157619,0,2,0,0,1,2
160302496994100,2,1,1,200,0.9076659083,0.4196934402,0,0,-0.4196934402,0.9076659083,0,1,0,0,1,2
160302497026600,1,1,1,200,0.9076659083,0.4196934402,0,0,-0.4196934402,0.9076659083,0,2,0,0,1,2
160302512510800,2,1,1,200,0.9065229893,0.4221564233,0,0,-0.4221564233,0.9065229893,0,1,0,0,1,2
160302512544300,1,1,1,200,0.9065229893,0.4221564233,0,0,-0.4221564233,0.9065229893,0,2,0,0,1,2
160302527791700,2,1,1,200,0.9053738117,0.4246153831,0,0,-0.4246153831,0.9053738117,0,1,0,0,1,2
160302527877000,1,1,1,200,0.9053738117,0.4246153831,0,0,-0.4246153831,0.9053738117,0,2,0,0,1,2
160302543420400,2,1,1,200,0.9031301737,0.4293667972,0,0,-0.4293667972,0.9031301737,0,1,0,0,1,2
160302543467300,1,1,1,200,0.9031301737,0.4293667972,0,0,-0.4293667972,0.9031301737,0,2,0,0,1,2
160302558976200,2,1,1,200,0.9020465612,0.4316387773,0,0,-0.4316387773,0.9020465612,0,1,0,0,1,2
160302559014200,1,1,1,200,0.9020465612,0.4316387773,0,0,-0.4316387773,0.9020465612,0,2,0,0,1,2
160302574523300,2,1,1,200,0.9009799361,0.4338607788,0,0,-0.4338607788,0.9009799361,0,1,0,0,1,2
160302574569600,1,1,1,200,0.9009799361,0.4338607788,0,0,-0.4338607788,0.9009799361,0,2,0,0,1,2
160302589638800,2,1,1,200,0.898901999,0.4381497204,0,0,-0.4381497204,0.898901999,0,1,0,0,1,2
160302589683600,1,1,1,200,0.898901999,0.4381497204,0,0,-0.4381497204,0.898901999,0,2,0,0,1,2
160302604916700,2,1,1,200,0.8978826404,0.4402348399,0,0,-0.4402348399,0.8978826404,0,1,0,0,1,2
160302605010600,1,1,1,200,0.8978826404,0.4402348399,0,0,-0.4402348399,0.8978826404,0,2,0,0,1,2
160302620191900,2,1,1,200,0.8959158659,0.4442237318,0,0,-0.4442237318,0.8959158659,0,1,0,0,1,2
160302620266900,1,1,1,200,0.8959158659,0.4442237318,0,0,-0.4442237318,0.8959158659,0,2,0,0,1,2
160302635824800,2,1,1,200,0.8949640393,0.4461382926,0,0,-0.4461382926,0.8949640393,0,1,0,0,1,2
160302635864700,1,1,1,200,0.8949640393,0.4461382926,0,0,-0.4461382926,0.8949640393,0,2,0,0,1,2
160302651190300,2,1,1,200,0.8940227628,0.4480215013,0,0,-0.4480215013,0.8940227628,0,1,0,0,1,2
160302651218600,1,1,1,200,0.8940227628,0.4480215013,0,0,-0.4480215013,0.8940227628,0,2,0,0,1,2
160302666879000,2,1,1,200,0.8922419548,0.4515576065,0,0,-0.4515576065,0.8922419548,0,1,0,0,1,2
160302666920200,1,1,1,200,0.8922419548,0.4515576065,0,0,-0.4515576065,0.8922419548,0,2,0,0,1,2
160302683021100,2,1,1,200,0.8905032277,0.4549769461,0,0,-0.4549769461,0.8905032277,0,1,0,0,1,2
160302683055900,1,1,1,200,0.8905032277,0.4549769461,0,0,-0.4549769461,0.8905032277,0,2,0,0,1,2
160302698044900,2,1,1,200,0.8905032277,0.4549769461,0,0,-0.4549769461,0.8905032277,0,1,0,0,1,2
160302698074600,1,1,1,200,0.8905032277,0.4549769461,0,0,-0.4549769461,0.8905032277,0,2,0,0,1,2
160302713674000,2,1,1,200,0.8888934255,0.4581139982,0,0,-0.4581139982,0.8888934255,0,1,0,0,1,2
160302713702800,1,1,1,200,0.8888934255,0.4581139982,0,0,-0.4581139982,0.8888934255,0,2,0,0,1,2
160302729347200,2,1,1,200,0.8873890042,0.4610214233,0,0,-0.4610214233,0.8873890042,0,1,0,0,1,2
160302729383300,1,1,1,200,0.8873890042,0.4610214233,0,0,-0.4610214233,0.8873890042,0,2,0,0,1,2
160302744794500,2,1,1,200,0.8866749406,0.4623933136,0,0,-0.4623933136,0.8866749406,0,1,0,0,1,2
160302744881900,1,1,1,200,0.8866749406,0.4623933136,0,0,-0.4623933136,0.8866749406,0,2,0,0,1,2
160302760513100,2,1,1,200,0.885971725,0.4637393057,0,0,-0.4637393057,0.885971725,0,1,0,0,1,2
160302760558700,1,1,1,200,0.885971725,0.4637393057,0,0,-0.4637393057,0.885971725,0,2,0,0,1,2
160302776546300,2,1,1,200,0.8846759796,0.4662064016,0,0,-0.4662064016,0.8846759796,0,1,0,0,1,2
160302776589000,1,1,1,200,0.8846759796,0.4662064016,0,0,-0.4662064016,0.8846759796,0,2,0,0,1,2
160302792644200,2,1,1,200,0.8840634823,0.4673668146,0,0,-0.4673668146,0.8840634823,0,1,0,0,1,2
160302792681200,1,1,1,200,0.8840634823,0.4673668146,0,0,-0.4673668146,0.8840634823,0,2,0,0,1,2
160302808155600,2,1,1,200,0.883446753,0.468531549,0,0,-0.468531549,0.883446753,0,1,0,0,1,2
160302808198000,1,1,1,200,0.883446753,0.468531549,0,0,-0.468531549,0.883446753,0,2,0,0,1,2
160302823772200,2,1,1,200,0.882360816,0.4705734849,0,0,-0.4705734849,0.882360816,0,1,0,0,1,2
160302823833600,1,1,1,200,0.882360816,0.4705734849,0,0,-0.4705734849,0.882360816,0,2,0,0,1,2
160302838941200,2,1,1,200,0.8818526864,0.4715250731,0,0,-0.4715250731,0.8818526864,0,1,0,0,1,2
160302838975900,1,1,1,200,0.8818526864,0.4715250731,0,0,-0.4715250731,0.8818526864,0,2,0,0,1,2
160302854469700,2,1,1,200,0.8809200525,0.4732650518,0,0,-0.4732650518,0.8809200525,0,1,0,0,1,2
160302854566000,1,1,1,200,0.8809200525,0.4732650518,0,0,-0.4732650518,0.8809200525,0,2,0,0,1,2
160302870594000,2,1,1,200,0.8804904222,0.4740638733,0,0,-0.4740638733,0.8804904222,0,1,0,0,1,2
160302870630800,1,1,1,200,0.8804904222,0.4740638733,0,0,-0.4740638733,0.8804904222,0,2,0,0,1,2
160302886541400,2,1,1,200,0.880102396,0.4747838676,0,0,-0.4747838676,0.880102396,0,1,0,0,1,2
160302886575100,1,1,1,200,0.880102396,0.4747838676,0,0,-0.4747838676,0.880102396,0,2,0,0,1,2
160302902038500,2,1,1,200,0.8793907166,0.4761007428,0,0,-0.4761007428,0.8793907166,0,1,0,0,1,2
160302902088500,1,1,1,200,0.8793907166,0.4761007428,0,0,-0.4761007428,0.8793907166,0,2,0,0,1,2
160302917504300,2,1,1,200,0.8788031936,0.4771844149,0,0,-0.4771844149,0.8788031936,0,1,0,0,1,2
160302917546800,1,1,1,200,0.8788031936,0.4771844149,0,0,-0.4771844149,0.8788031936,0,2,0,0,1,2
160302932838100,2,1,1,200,0.8785503507,0.4776498079,0,0,-0.4776498079,0.8785503507,0,1,0,0,1,2
160302932882100,1,1,1,200,0.8785503507,0.4776498079,0,0,-0.4776498079,0.8785503507,0,2,0,0,1,2
160302948349100,2,1,1,200,0.8783265948,0.4780610502,0,0,-0.4780610502,0.8783265948,0,1,0,0,1,2
160302948412500,1,1,1,200,0.8783265948,0.4780610502,0,0,-0.4780610502,0.8783265948,0,2,0,0,1,2
160302963640200,2,1,1,200,0.8779653907,0.4787241518,0,0,-0.4787241518,0.8779653907,0,1,0,0,1,2
160302963689000,1,1,1,200,0.8779653907,0.4787241518,0,0,-0.4787241518,0.8779653907,0,2,0,0,1,2
160302979300900,2,1,1,200,0.8778308034,0.4789708257,0,0,-0.4789708257,0.8778308034,0,1,0,0,1,2
160302979346700,1,1,1,200,0.8778308034,0.4789708257,0,0,-0.4789708257,0.8778308034,0,2,0,0,1,2
160302995281000,2,1,1,200,0.8777244687,0.4791657329,0,0,-0.4791657329,0.8777244687,0,1,0,0,1,2
160302995331300,1,1,1,200,0.8777244687,0.4791657329,0,0,-0.4791657329,0.8777244687,0,2,0,0,1,2
160303011047200,2,1,1,200,0.8775997162,0.4793941081,0,0,-0.4793941081,0.8775997162,0,1,0,0,1,2
160303011115200,1,1,1,200,0.8775997162,0.4793941081,0,0,-0.4793941081,0.8775997162,0,2,0,0,1,2
160303026442500,2,1,1,200,0.8775826693,0.4794253707,0,0,-0.4794253707,0.8775826693,0,1,0,0,1,2
160303026496900,1,1,1,200,0.8775826693,0.4794253707,0,0,-0.4794253707,0.8775826693,0,2,0,0,1,2
160303042498900,2,1,1,200,0.8776379824,0.4793241322,0,0,-0.4793241322,0.8776379824,0,1,0,0,1,2
160303042612600,1,1,1,200,0.8776379824,0.4793241322,0,0,-0.4793241322,0.8776379824,0,2,0,0,1,2
160303058224100,2,1,1,200,0.877707541,0.4791967273,0,0,-0.4791967273,0.877707541,0,1,0,0,1,2
160303058259600,1,1,1,200,0.877707541,0.4791967273,0,0,-0.4791967273,0.877707541,0,2,0,0,1,2
160303073513200,2,1,1,200,0.8778084517,0.4790117741,0,0,-0.4790117741,0.8778084517,0,1,0,0,1,2
160303073549000,1,1,1,200,0.8778084517,0.4790117741,0,0,-0.4790117741,0.8778084517,0,2,0,0,1,2
160303089066000,2,1,1,200,0.878095448,0.478485465,0,0,-0.478485465,0.878095448,0,1,0,0,1,2
160303089124000,1,1,1,200,0.878095448,0.478485465,0,0,-0.478485465,0.878095448,0,2,0,0,1,2
160303104336000,2,1,1,200,0.8782924414,0.4781238437,0,0,-0.4781238437,0.8782924414,0,1,0,0,1,2
160303104394900,1,1,1,200,0.8782924414,0.4781238437,0,0,-0.4781238437,0.8782924414,0,2,0,0,1,2
160303119957500,2,1,1,200,0.8785016537,0.4777392447,0,0,-0.4777392447,0.8785016537,0,1,0,0,1,2
160303120003300,1,1,1,200,0.8785016537,0.4777392447,0,0,-0.4777392447,0.8785016537,0,2,0,0,1,2
160303135619100,2,1,1,200,0.8790341616,0.4767587781,0,0,-0.4767587781,0.8790341616,0,1,0,0,1,2
160303135668300,1,1,1,200,0.8790341616,0.4767587781,0,0,-0.4767587781,0.8790341616,0,2,0,0,1,2
160303151048500,2,1,1,200,0.8793485761,0.4761786461,0,0,-0.4761786461,0.8793485761,0,1,0,0,1,2
160303151180500,1,1,1,200,0.8793485761,0.4761786461,0,0,-0.4761786461,0.8793485761,0,2,0,0,1,2
160303166390900,2,1,1,200,0.8800309896,0.4749162793,0,0,-0.4749162793,0.8800309896,0,1,0,0,1,2
160303166490800,1,1,1,200,0.8800309896,0.4749162793,0,0,-0.4749162793,0.8800309896,0,2,0,0,1,2
160303182017600,2,1,1,200,0.8804184198,0.4741976857,0,0,-0.4741976857,0.8804184198,0,1,0,0,1,2
160303182109200,1,1,1,200,0.8804184198,0.4741976857,0,0,-0.4741976857,0.8804184198,0,2,0,0,1,2
160303197675900,2,1,1,200,0.880853653,0.4733886421,0,0,-0.4733886421,0.880853653,0,1,0,0,1,2
160303197729300,1,1,1,200,0.880853653,0.4733886421,0,0,-0.4733886421,0.880853653,0,2,0,0,1,2
160303212993000,2,1,1,200,0.8817725182,0.4716748893,0,0,-0.4716748893,0.8817725182,0,1,0,0,1,2
160303213046100,1,1,1,200,0.8817725182,0.4716748893,0,0,-0.4716748893,0.8817725182,0,2,0,0,1,2
160303228634000,2,1,1,200,0.8827897906,0.4697681963,0,0,-0.4697681963,0.8827897906,0,1,0,0,1,2
160303228716700,1,1,1,200,0.8827897906,0.4697681963,0,0,-0.4697681963,0.8827897906,0,2,0,0,1,2
160303243659900,2,1,1,200,0.8827897906,0.4697681963,0,0,-0.4697681963,0.8827897906,0,1,0,0,1,2
160303243749000,1,1,1,200,0.8827897906,0.4697681963,0,0,-0.4697681963,0.8827897906,0,2,0,0,1,2
160303259345300,2,1,1,200,0.8839355111,0.4676088691,0,0,-0.4676088691,0.8839355111,0,1,0,0,1,2
160303259392600,1,1,1,200,0.8839355111,0.4676088691,0,0,-0.4676088691,0.8839355111,0,2,0,0,1,2
160303275435900,2,1,1,200,0.885204494,0.4652021527,0,0,-0.4652021527,0.885204494,0,1,0,0,1,2
160303275474900,1,1,1,200,0.885204494,0.4652021527,0,0,-0.4652021527,0.885204494,0,2,0,0,1,2
160303290959100,2,1,1,200,0.8858616352,0.4639495015,0,0,-0.4639495015,0.8858616352,0,1,0,0,1,2
160303290999900,1,1,1,200,0.8858616352,0.4639495015,0,0,-0.4639495015,0.8858616352,0,2,0,0,1,2
160303306300600,2,1,1,200,0.8865613937,0.4626109302,0,0,-0.4626109302,0.8865613937,0,1,0,0,1,2
160303306344100,1,1,1,200,0.8865613937,0.4626109302,0,0,-0.4626109302,0.8865613937,0,2,0,0,1,2
160303321729900,2,1,1,200,0.8880113959,0.459821403,0,0,-0.459821403,0.8880113959,0,1,0,0,1,2
160303321761100,1,1,1,200,0.8880113959,0.459821403,0,0,-0.459821403,0.8880113959,0,2,0,0,1,2
160303337439200,2,1,1,200,0.8887728453,0.4583479464,0,0,-0.4583479464,0.8887728453,0,1,0,0,1,2
160303337481000,1,1,1,200,0.8887728453,0.4583479464,0,0,-0.4583479464,0.8887728453,0,2,0,0,1,2
160303352939900,2,1,1,200,0.890363574,0.4552501142,0,0,-0.4552501142,0.890363574,0,1,0,0,1,2
160303352985100,1,1,1,200,0.890363574,0.4552501142,0,0,-0.4552501142,0.890363574,0,2,0,0,1,2
160303368809400,2,1,1,200,0.8912171125,0.4535770118,0,0,-0.4535770118,0.8912171125,0,1,0,0,1,2
160303368857400,1,1,1,200,0.8912171125,0.4535770118,0,0,-0.4535770118,0.8912171125,0,2,0,0,1,2
160303384263200,2,1,1,200,0.8920884132,0.4518608749,0,0,-0.4518608749,0.8920884132,0,1,0,0,1,2
160303384369200,1,1,1,200,0.8920884132,0.4518608749,0,0,-0.4518608749,0.8920884132,0,2,0,0,1,2
160303400503100,2,1,1,200,0.8938521743,0.448361814,0,0,-0.448361814,0.8938521743,0,1,0,0,1,2
160303400544900,1,1,1,200,0.8938521743,0.448361814,0,0,-0.448361814,0.8938521743,0,2,0,0,1,2
160303416289200,2,1,1,200,0.89573735,0.444583565,0,0,-0.444583565,0.89573735,0,1,0,0,1,2
160303416328900,1,1,1,200,0.89573735,0.444583565,0,0,-0.444583565,0.89573735,0,2,0,0,1,2
160303431326300,2,1,1,200,0.8967182636,0.4426017702,0,0,-0.4426017702,0.8967182636,0,1,0,0,1,2
160303431355400,1,1,1,200,0.8967182636,0.4426017702,0,0,-0.4426017702,0.8967182636,0,2,0,0,1,2
160303447035500,2,1,1,200,0.8977020979,0.4406029284,0,0,-0.4406029284,0.8977020979,0,1,0,0,1,2
160303447083700,1,1,1,200,0.8977020979,0.4406029284,0,0,-0.4406029284,0.8977020979,0,2,0,0,1,2
160303462829900,2,1,1,200,0.8997609019,0.4363832474,0,0,-0.4363832474,0.8997609019,0,1,0,0,1,2
160303462876000,1,1,1,200,0.8997609019,0.4363832474,0,0,-0.4363832474,0.8997609019,0,2,0,0,1,2
160303478081900,2,1,1,200,0.9007783532,0.4342790842,0,0,-0.4342790842,0.9007783532,0,1,0,0,1,2
160303478130800,1,1,1,200,0.9007783532,0.4342790842,0,0,-0.4342790842,0.9007783532,0,2,0,0,1,2
160303493641500,2,1,1,200,0.9018657207,0.4320164919,0,0,-0.4320164919,0.9018657207,0,1,0,0,1,2
160303493686300,1,1,1,200,0.9018657207,0.4320164919,0,0,-0.4320164919,0.9018657207,0,2,0,0,1,2
160303508854500,2,1,1,200,0.9029475451,0.4297507703,0,0,-0.4297507703,0.9029475451,0,1,0,0,1,2
160303508918500,1,1,1,200,0.9029475451,0.4297507703,0,0,-0.4297507703,0.9029475451,0,2,0,0,1,2
160303524346800,2,1,1,200,0.9051721692,0.4250451028,0,0,-0.4250451028,0.9051721692,0,1,0,0,1,2
160303524391000,1,1,1,200,0.9051721692,0.4250451028,0,0,-0.4250451028,0.9051721692,0,2,0,0,1,2
160303539576000,2,1,1,200,0.9074670672,0.4201232791,0,0,-0.4201232791,0.9074670672,0,1,0,0,1,2
160303539618300,1,1,1,200,0.9074670672,0.4201232791,0,0,-0.4201232791,0.9074670672,0,2,0,0,1,2
160303554958300,2,1,1,200,0.9074670672,0.4201232791,0,0,-0.4201232791,0.9074670672,0,1,0,0,1,2
160303555020200,1,1,1,200,0.9074670672,0.4201232791,0,0,-0.4201232791,0.9074670672,0,2,0,0,1,2
160303570209900,2,1,1,200,0.9098004699,0.415045917,0,0,-0.415045917,0.9098004699,0,1,0,0,1,2
160303570236300,1,1,1,200,0.9098004699,0.415045917,0,0,-0.415045917,0.9098004699,0,2,0,0,1,2
160303585464500,2,1,1,200,0.9122388363,0.40965873,0,0,-0.40965873,0.9122388363,0,1,0,0,1,2
160303585573700,1,1,1,200,0.9122388363,0.40965873,0,0,-0.40965873,0.9122388363,0,2,0,0,1,2
160303600769000,2,1,1,200,0.9134758711,0.4068928957,0,0,-0.4068928957,0.9134758711,0,1,0,0,1,2
160303600797700,1,1,1,200,0.9134758711,0.4068928957,0,0,-0.4068928957,0.9134758711,0,2,0,0,1,2
160303616468200,2,1,1,200,0.9146764278,0.4041869342,0,0,-0.4041869342,0.9146764278,0,1,0,0,1,2
160303616660700,1,1,1,200,0.9146764278,0.4041869342,0,0,-0.4041869342,0.9146764278,0,2,0,0,1,2
160303631861800,2,1,1,200,0.9159306884,0.4013364613,0,0,-0.4013364613,0.9159306884,0,1,0,0,1,2
160303631919700,1,1,1,200,0.9159306884,0.4013364613,0,0,-0.4013364613,0.9159306884,0,2,0,0,1,2
160303647533000,2,1,1,200,0.9184917808,0.3954401016,0,0,-0.3954401016,0.9184917808,0,1,0,0,1,2
160303647578200,1,1,1,200,0.9184917808,0.3954401016,0,0,-0.3954401016,0.9184917808,0,2,0,0,1,2
160303662841300,2,1,1,200,0.9210789204,0.3893758953,0,0,-0.3893758953,0.9210789204,0,1,0,0,1,2
160303662915700,1,1,1,200,0.9210789204,0.3893758953,0,0,-0.3893758953,0.9210789204,0,2,0,0,1,2
160303678275300,2,1,1,200,0.9210789204,0.3893758953,0,0,-0.3893758953,0.9210789204,0,1,0,0,1,2
160303678417300,1,1,1,200,0.9210789204,0.3893758953,0,0,-0.3893758953,0.9210789204,0,2,0,0,1,2
160303693921200,2,1,1,200,0.9236745238,0.3831779957,0,0,-0.3831779957,0.9236745238,0,1,0,0,1,2
160303693970700,1,1,1,200,0.9236745238,0.3831779957,0,0,-0.3831779957,0.9236745238,0,2,0,0,1,2
160303709470600,2,1,1,200,0.9263035059,0.3767782152,0,0,-0.3767782152,0.9263035059,0,1,0,0,1,2
160303709520000,1,1,1,200,0.9263035059,0.3767782152,0,0,-0.3767782152,0.9263035059,0,2,0,0,1,2
160303724930500,2,1,1,200,0.9276746511,0.3733895421,0,0,-0.3733895421,0.9276746511,0,1,0,0,1,2
160303724974500,1,1,1,200,0.9276746511,0.3733895421,0,0,-0.3733895421,0.9276746511,0,2,0,0,1,2
160303740400700,2,1,1,200,0.9290056229,0.3700656593,0,0,-0.3700656593,0.9290056229,0,1,0,0,1,2
160303740439900,1,1,1,200,0.9290056229,0.3700656593,0,0,-0.3700656593,0.9290056229,0,2,0,0,1,2
160303756634500,2,1,1,200,0.9316853881,0.3632661402,0,0,-0.3632661402,0.9316853881,0,1,0,0,1,2
160303756679700,1,1,1,200,0.9316853881,0.3632661402,0,0,-0.3632661402,0.9316853881,0,2,0,0,1,2
160303771875100,2,1,1,200,0.9330530167,0.3597388268,0,0,-0.3597388268,0.9330530167,0,1,0,0,1,2
160303771932200,1,1,1,200,0.9330530167,0.3597388268,0,0,-0.3597388268,0.9330530167,0,2,0,0,1,2
160303787841000,2,1,1,200,0.9357494712,0.352665484,0,0,-0.352665484,0.9357494712,0,1,0,0,1,2
160303787951500,1,1,1,200,0.9357494712,0.352665484,0,0,-0.352665484,0.9357494712,0,2,0,0,1,2
160303804019500,2,1,1,200,0.9371057153,0.3490456641,0,0,-0.3490456641,0.9371057153,0,1,0,0,1,2
160303804050700,1,1,1,200,0.9371057153,0.3490456641,0,0,-0.3490456641,0.9371057153,0,2,0,0,1,2
160303819554400,2,1,1,200,0.9384576082,0.3453943729,0,0,-0.3453943729,0.9384576082,0,1,0,0,1,2
160303819595400,1,1,1,200,0.9384576082,0.3453943729,0,0,-0.3453943729,0.9384576082,0,2,0,0,1,2
160303835067200,2,1,1,200,0.9411609173,0.3379587233,0,0,-0.3379587233,0.9411609173,0,1,0,0,1,2
160303835150200,1,1,1,200,0.9411609173,0.3379587233,0,0,-0.3379587233,0.9411609173,0,2,0,0,1,2
160303850373400,2,1,1,200,0.9438863993,0.3302702606,0,0,-0.3302702606,0.9438863993,0,1,0,0,1,2
160303850408600,1,1,1,200,0.9438863993,0.3302702606,0,0,-0.3302702606,0.9438863993,0,2,0,0,1,2
160303866394900,2,1,1,200,0.9438863993,0.3302702606,0,0,-0.3302702606,0.9438863993,0,1,0,0,1,2
160303866519800,1,1,1,200,0.9438863993,0.3302702606,0,0,-0.3302702606,0.9438863993,0,2,0,0,1,2
160303881559500,2,1,1,200,0.9465731978,0.3224890828,0,0,-0.3224890828,0.9465731978,0,1,0,0,1,2
160303881594800,1,1,1,200,0.9465731978,0.3224890828,0,0,-0.3224890828,0.9465731978,0,2,0,0,1,2
160303897128500,2,1,1,200,0.9493142962,0.3143285215,0,0,-0.3143285215,0.9493142962,0,1,0,0,1,2
160303897173300,1,1,1,200,0.9493142962,0.3143285215,0,0,-0.3143285215,0.9493142962,0,2,0,0,1,2
160303912742100,2,1,1,200,0.9506220222,0.3103509545,0,0,-0.3103509545,0.9506220222,0,1,0,0,1,2
160303912814300,1,1,1,200,0.9506220222,0.3103509545,0,0,-0.3103509545,0.9506220222,0,2,0,0,1,2
160303927974600,2,1,1,200,0.9519753456,0.3061747849,0,0,-0.3061747849,0.9519753456,0,1,0,0,1,2
160303928077800,1,1,1,200,0.9519753456,0.3061747849,0,0,-0.3061747849,0.9519753456,0,2,0,0,1,2
160303943725200,2,1,1,200,0.9546496868,0.2977313399,0,0,-0.2977313399,0.9546496868,0,1,0,0,1,2
160303943781300,1,1,1,200,0.9546496868,0.2977313399,0,0,-0.2977313399,0.9546496868,0,2,0,0,1,2
160303958729100,2,1,1,200,0.9559420943,0.2935553193,0,0,-0.2935553193,0.9559420943,0,1,0,0,1,2
160303958767500,1,1,1,200,0.9559420943,0.2935553193,0,0,-0.2935553193,0.9559420943,0,2,0,0,1,2
160303973842600,2,1,1,200,0.958511591,0.2850534916,0,0,-0.2850534916,0.958511591,0,1,0,0,1,2
160303973873300,1,1,1,200,0.958511591,0.2850534916,0,0,-0.2850534916,0.958511591,0,2,0,0,1,2
160303989127600,2,1,1,200,0.9597999454,0.2806850076,0,0,-0.2806850076,0.9597999454,0,1,0,0,1,2
160303989166800,1,1,1,200,0.9597999454,0.2806850076,0,0,-0.2806850076,0.9597999454,0,2,0,0,1,2
160304004287300,2,1,1,200,0.9610751867,0.2762870193,0,0,-0.2762870193,0.9610751867,0,1,0,0,1,2
160304004319300,1,1,1,200,0.9610751867,0.2762870193,0,0,-0.2762870193,0.9610751867,0,2,0,0,1,2
160304019722900,2,1,1,200,0.9636304379,0.2672383785,0,0,-0.2672383785,0.9636304379,0,1,0,0,1,2
160304019775600,1,1,1,200,0.9636304379,0.2672383785,0,0,-0.2672383785,0.9636304379,0,2,0,0,1,2
160304035239400,2,1,1,200,0.9648743272,0.2627119124,0,0,-0.2627119124,0.9648743272,0,1,0,0,1,2
160304035316000,1,1,1,200,0.9648743272,0.2627119124,0,0,-0.2627119124,0.9648743272,0,2,0,0,1,2
160304050539100,2,1,1,200,0.9661080837,0.2581377923,0,0,-0.2581377923,0.9661080837,0,1,0,0,1,2
160304050604300,1,1,1,200,0.9661080837,0.2581377923,0,0,-0.2581377923,0.9661080837,0,2,0,0,1,2
160304066529600,2,1,1,200,0.9684913754,0.2490471005,0,0,-0.2490471005,0.9684913754,0,1,0,0,1,2
160304066568700,1,1,1,200,0.9684913754,0.2490471005,0,0,-0.2490471005,0.9684913754,0,2,0,0,1,2
160304082573900,2,1,1,200,0.9696857929,0.244355306,0,0,-0.244355306,0.9696857929,0,1,0,0,1,2
160304082607300,1,1,1,200,0.9696857929,0.244355306,0,0,-0.244355306,0.9696857929,0,2,0,0,1,2
160304098076800,2,1,1,200,0.97200495,0.2349604666,0,0,-0.2349604666,0.97200495,0,1,0,0,1,2
160304098109900,1,1,1,200,0.97200495,0.2349604666,0,0,-0.2349604666,0.97200495,0,2,0,0,1,2
160304113590400,2,1,1,200,0.9731841683,0.2300274223,0,0,-0.2300274223,0.9731841683,0,1,0,0,1,2
160304113722700,1,1,1,200,0.9731841683,0.2300274223,0,0,-0.2300274223,0.9731841683,0,2,0,0,1,2
160304129357600,2,1,1,200,0.9742991924,0.2252579033,0,0,-0.2252579033,0.9742991924,0,1,0,0,1,2
160304129403800,1,1,1,200,0.9742991924,0.2252579033,0,0,-0.2252579033,0.9742991924,0,2,0,0,1,2
160304144610300,2,1,1,200,0.9764862657,0.2155794948,0,0,-0.2155794948,0.9764862657,0,1,0,0,1,2
160304144710300,1,1,1,200,0.9764862657,0.2155794948,0,0,-0.2155794948,0.9764862657,0,2,0,0,1,2
160304160173000,2,1,1,200,0.9786173105,0.2056894153,0,0,-0.2056894153,0.9786173105,0,1,0,0,1,2
160304160298400,1,1,1,200,0.9786173105,0.2056894153,0,0,-0.2056894153,0.9786173105,0,2,0,0,1,2
160304176199800,2,1,1,200,0.9786173105,0.2056894153,0,0,-0.2056894153,0.9786173105,0,1,0,0,1,2
160304176246600,1,1,1,200,0.9786173105,0.2056894153,0,0,-0.2056894153,0.9786173105,0,2,0,0,1,2
160304191508200,2,1,1,200,0.9806476235,0.1957812011,0,0,-0.1957812011,0.9806476235,0,1,0,0,1,2
160304191535700,1,1,1,200,0.9806476235,0.1957812011,0,0,-0.1957812011,0.9806476235,0,2,0,0,1,2
160304207144600,2,1,1,200,0.9826138616,0.1856608689,0,0,-0.1856608689,0.9826138616,0,1,0,0,1,2
160304207198300,1,1,1,200,0.9826138616,0.1856608689,0,0,-0.1856608689,0.9826138616,0,2,0,0,1,2
160304222678200,2,1,1,200,0.9835506082,0.1806327552,0,0,-0.1806327552,0.9835506082,0,1,0,0,1,2
160304222810500,1,1,1,200,0.9835506082,0.1806327552,0,0,-0.1806327552,0.9835506082,0,2,0,0,1,2
160304238267300,2,1,1,200,0.9844699502,0.1755533069,0,0,-0.1755533069,0.9844699502,0,1,0,0,1,2
160304238312900,1,1,1,200,0.9844699502,0.1755533069,0,0,-0.1755533069,0.9844699502,0,2,0,0,1,2
160304253771500,2,1,1,200,0.9862378836,0.1653325111,0,0,-0.1653325111,0.9862378836,0,1,0,0,1,2
160304253802800,1,1,1,200,0.9862378836,0.1653325111,0,0,-0.1653325111,0.9862378836,0,2,0,0,1,2
160304269356900,2,1,1,200,0.9870913625,0.1601580977,0,0,-0.1601580977,0.9870913625,0,1,0,0,1,2
160304269385600,1,1,1,200,0.9870913625,0.1601580977,0,0,-0.1601580977,0.9870913625,0,2,0,0,1,2
160304284999700,2,1,1,200,0.9887530804,0.1495571434,0,0,-0.1495571434,0.9887530804,0,1,0,0,1,2
160304285030600,1,1,1,200,0.9887530804,0.1495571434,0,0,-0.1495571434,0.9887530804,0,2,0,0,1,2
160304300442500,2,1,1,200,0.9895306826,0.1443228424,0,0,-0.1443228424,0.9895306826,0,1,0,0,1,2
160304300473800,1,1,1,200,0.9895306826,0.1443228424,0,0,-0.1443228424,0.9895306826,0,2,0,0,1,2
160304316416700,2,1,1,200,0.9902799129,0.1390888393,0,0,-0.1390888393,0.9902799129,0,1,0,0,1,2
160304316526500,1,1,1,200,0.9902799129,0.1390888393,0,0,-0.1390888393,0.9902799129,0,2,0,0,1,2
160304331799500,2,1,1,200,0.9917147756,0.1284594834,0,0,-0.1284594834,0.9917147756,0,1,0,0,1,2
160304331883300,1,1,1,200,0.9917147756,0.1284594834,0,0,-0.1284594834,0.9917147756,0,2,0,0,1,2
160304347449300,2,1,1,200,0.992387116,0.1231575012,0,0,-0.1231575012,0.992387116,0,1,0,0,1,2
160304347477000,1,1,1,200,0.992387116,0.1231575012,0,0,-0.1231575012,0.992387116,0,2,0,0,1,2
160304362692100,2,1,1,200,0.9936655164,0.1123782396,0,0,-0.1123782396,0.9936655164,0,1,0,0,1,2
160304362723800,1,1,1,200,0.9936655164,0.1123782396,0,0,-0.1123782396,0.9936655164,0,2,0,0,1,2
160304377855800,2,1,1,200,0.9942634106,0.1069590151,0,0,-0.1069590151,0.9942634106,0,1,0,0,1,2
160304377889200,1,1,1,200,0.9942634106,0.1069590151,0,0,-0.1069590151,0.9942634106,0,2,0,0,1,2
160304393920700,2,1,1,200,0.9948242903,0.1016101688,0,0,-0.1016101688,0.9948242903,0,1,0,0,1,2
160304394036800,1,1,1,200,0.9948242903,0.1016101688,0,0,-0.1016101688,0.9948242903,0,2,0,0,1,2
160304409376100,2,1,1,200,0.9958574772,0.09092800319,0,0,-0.09092800319,0.9958574772,0,1,0,0,1,2
160304409426000,1,1,1,200,0.9958574772,0.09092800319,0,0,-0.09092800319,0.9958574772,0,2,0,0,1,2
160304424874000,2,1,1,200,0.9963604212,0.0852400139,0,0,-0.0852400139,0.9963604212,0,1,0,0,1,2
160304424951500,1,1,1,200,0.9963604212,0.0852400139,0,0,-0.0852400139,0.9963604212,0,2,0,0,1,2
160304440440400,2,1,1,200,0.996810317,0.07980731875,0,0,-0.07980731875,0.996810317,0,1,0,0,1,2
160304440466900,1,1,1,200,0.996810317,0.07980731875,0,0,-0.07980731875,0.996810317,0,2,0,0,1,2
160304456643700,2,1,1,200,0.9976218343,0.06892544776,0,0,-0.06892544776,0.9976218343,0,1,0,0,1,2
160304456689100,1,1,1,200,0.9976218343,0.06892544776,0,0,-0.06892544776,0.9976218343,0,2,0,0,1,2
160304471752000,2,1,1,200,0.9983227849,0.05789285526,0,0,-0.05789285526,0.9983227849,0,1,0,0,1,2
160304471829700,1,1,1,200,0.9983227849,0.05789285526,0,0,-0.05789285526,0.9983227849,0,2,0,0,1,2
160304487213000,2,1,1,200,0.9983227849,0.05789285526,0,0,-0.05789285526,0.9983227849,0,1,0,0,1,2
160304487328100,1,1,1,200,0.9983227849,0.05789285526,0,0,-0.05789285526,0.9983227849,0,2,0,0,1,2
160304502816600,2,1,1,200,0.9988965392,0.0469648093,0,0,-0.0469648093,0.9988965392,0,1,0,0,1,2
160304502849900,1,1,1,200,0.9988965392,0.0469648093,0,0,-0.0469648093,0.9988965392,0,2,0,0,1,2
160304518369000,2,1,1,200,0.9993537664,0.03594525531,0,0,-0.03594525531,0.9993537664,0,1,0,0,1,2
160304518440200,1,1,1,200,0.9993537664,0.03594525531,0,0,-0.03594525531,0.9993537664,0,2,0,0,1,2
160304533887100,2,1,1,200,0.9993537664,0.03594525531,0,0,-0.03594525531,0.9993537664,0,1,0,0,1,2
160304533919400,1,1,1,200,0.9993537664,0.03594525531,0,0,-0.03594525531,0.9993537664,0,2,0,0,1,2
160304549458600,2,1,1,200,0.9996951818,0.02468929812,0,0,-0.02468929812,0.9996951818,0,1,0,0,1,2
160304549501500,1,1,1,200,0.9996951818,0.02468929812,0,0,-0.02468929812,0.9996951818,0,2,0,0,1,2
160304564846000,2,1,1,200,0.9999059439,0.01371570304,0,0,-0.01371570304,0.9999059439,0,1,0,0,1,2
160304564878300,1,1,1,200,0.9999059439,0.01371570304,0,0,-0.01371570304,0.9999059439,0,2,0,0,1,2
160304580546700,2,1,1,200,0.9999665022,0.008187895641,0,0,-0.008187895641,0.9999665022,0,1,0,0,1,2
160304580588900,1,1,1,200,0.9999665022,0.008187895641,0,0,-0.008187895641,0.9999665022,0,2,0,0,1,2
160304596596600,2,1,1,200,0.9999951124,-0.003121521091,0,0,0.003121521091,0.9999951124,0,1,0,0,1,2
160304596707900,1,1,1,200,0.9999951124,-0.003121521091,0,0,0.003121521091,0.9999951124,0,2,0,0,1,2
160304612682600,2,1,1,200,0.9999627471,-0.008631859906,0,0,0.008631859906,0.9999627471,0,1,0,0,1,2
160304612818000,1,1,1,200,0.9999627471,-0.008631859906,0,0,0.008631859906,0.9999627471,0,2,0,0,1,2
160304628281100,2,1,1,200,0.999899745,-0.01416187827,0,0,0.01416187827,0.999899745,0,1,0,0,1,2
160304628320000,1,1,1,200,0.999899745,-0.01416187827,0,0,0.01416187827,0.999899745,0,2,0,0,1,2
160304643896300,2,1,1,200,0.9996824861,-0.02519884519,0,0,0.02519884519,0.9996824861,0,1,0,0,1,2
160304644014000,1,1,1,200,0.9996824861,-0.02519884519,0,0,0.02519884519,0.9996824861,0,2,0,0,1,2
160304659997000,2,1,1,200,0.9993427992,-0.03624815494,0,0,0.03624815494,0.9993427992,0,1,0,0,1,2
160304660043200,1,1,1,200,0.9993427992,-0.03624815494,0,0,0.03624815494,0.9993427992,0,2,0,0,1,2
160304675180700,2,1,1,200,0.9993427992,-0.03624815494,0,0,0.03624815494,0.9993427992,0,1,0,0,1,2
160304675269300,1,1,1,200,0.9993427992,-0.03624815494,0,0,0.03624815494,0.9993427992,0,2,0,0,1,2
160304690845900,2,1,1,200,0.9988789558,-0.04733721539,0,0,0.04733721539,0.9988789558,0,1,0,0,1,2
160304690888000,1,1,1,200,0.9988789558,-0.04733721539,0,0,0.04733721539,0.9988789558,0,2,0,0,1,2
160304706076400,2,1,1,200,0.9985978007,-0.05293789506,0,0,0.05293789506,0.9985978007,0,1,0,0,1,2
160304706109800,1,1,1,200,0.9985978007,-0.05293789506,0,0,0.05293789506,0.9985978007,0,2,0,0,1,2
160304721343800,2,1,1,200,0.9979535937,-0.06394229829,0,0,0.06394229829,0.9979535937,0,1,0,0,1,2
160304721402800,1,1,1,200,0.9979535937,-0.06394229829,0,0,0.06394229829,0.9979535937,0,2,0,0,1,2
160304736873900,2,1,1,200,0.997585535,-0.0694482848,0,0,0.0694482848,0.997585535,0,1,0,0,1,2
160304736910000,1,1,1,200,0.997585535,-0.0694482848,0,0,0.0694482848,0.997585535,0,2,0,0,1,2
160304752905700,2,1,1,200,0.9971919656,-0.07488756627,0,0,0.07488756627,0.9971919656,0,1,0,0,1,2
160304752965400,1,1,1,200,0.9971919656,-0.07488756627,0,0,0.07488756627,0.9971919656,0,2,0,0,1,2
160304768581800,2,1,1,200,0.9963179827,-0.08573509008,0,0,0.08573509008,0.9963179827,0,1,0,0,1,2
160304768626000,1,1,1,200,0.9963179827,-0.08573509008,0,0,0.08573509008,0.9963179827,0,2,0,0,1,2
160304783673500,2,1,1,200,0.9953179359,-0.09665482491,0,0,0.09665482491,0.9953179359,0,1,0,0,1,2
160304783700500,1,1,1,200,0.9953179359,-0.09665482491,0,0,0.09665482491,0.9953179359,0,2,0,0,1,2
160304798830000,2,1,1,200,0.9947799444,-0.1020431519,0,0,0.1020431519,0.9947799444,0,1,0,0,1,2
160304798862200,1,1,1,200,0.9947799444,-0.1020431519,0,0,0.1020431519,0.9947799444,0,2,0,0,1,2
160304814503300,2,1,1,200,0.994212091,-0.1074352488,0,0,0.1074352488,0.994212091,0,1,0,0,1,2
160304814547000,1,1,1,200,0.994212091,-0.1074352488,0,0,0.1074352488,0.994212091,0,2,0,0,1,2
160304829956100,2,1,1,200,0.9929974079,-0.1181359813,0,0,0.1181359813,0.9929974079,0,1,0,0,1,2
160304830027300,1,1,1,200,0.9929974079,-0.1181359813,0,0,0.1181359813,0.9929974079,0,2,0,0,1,2
160304845307600,2,1,1,200,0.9923192263,-0.1237033755,0,0,0.1237033755,0.9923192263,0,1,0,0,1,2
160304845357100,1,1,1,200,0.9923192263,-0.1237033755,0,0,0.1237033755,0.9923192263,0,2,0,0,1,2
160304860590900,2,1,1,200,0.9916564226,-0.1289091557,0,0,0.1289091557,0.9916564226,0,1,0,0,1,2
160304860652200,1,1,1,200,0.9916564226,-0.1289091557,0,0,0.1289091557,0.9916564226,0,2,0,0,1,2
160304876234000,2,1,1,200,0.9902163148,-0.1395407766,0,0,0.1395407766,0.9902163148,0,1,0,0,1,2
160304876275500,1,1,1,200,0.9902163148,-0.1395407766,0,0,0.1395407766,0.9902163148,0,2,0,0,1,2
160304892019800,2,1,1,200,0.989451468,-0.1448647529,0,0,0.1448647529,0.989451468,0,1,0,0,1,2
160304892104000,1,1,1,200,0.989451468,-0.1448647529,0,0,0.1448647529,0.989451468,0,2,0,0,1,2
160304907568200,2,1,1,200,0.9878684282,-0.1552933306,0,0,0.1552933306,0.9878684282,0,1,0,0,1,2
160304907611800,1,1,1,200,0.9878684282,-0.1552933306,0,0,0.1552933306,0.9878684282,0,2,0,0,1,2
160304923184600,2,1,1,200,0.9870432615,-0.1604542732,0,0,0.1604542732,0.9870432615,0,1,0,0,1,2
160304923228300,1,1,1,200,0.9870432615,-0.1604542732,0,0,0.1604542732,0.9870432615,0,2,0,0,1,2
160304938625500,2,1,1,200,0.9861909151,-0.1656122804,0,0,0.1656122804,0.9861909151,0,1,0,0,1,2
160304938654600,1,1,1,200,0.9861909151,-0.1656122804,0,0,0.1656122804,0.9861909151,0,2,0,0,1,2
160304954257600,2,1,1,200,0.9844103456,-0.1758871526,0,0,0.1758871526,0.9844103456,0,1,0,0,1,2
160304954372200,1,1,1,200,0.9844103456,-0.1758871526,0,0,0.1758871526,0.9844103456,0,2,0,0,1,2
160304969555200,2,1,1,200,0.9834743738,-0.1810475439,0,0,0.1810475439,0.9834743738,0,1,0,0,1,2
160304969587100,1,1,1,200,0.9834743738,-0.1810475439,0,0,0.1810475439,0.9834743738,0,2,0,0,1,2
160304985138700,2,1,1,200,0.9825339317,-0.1860835254,0,0,0.1860835254,0.9825339317,0,1,0,0,1,2
160304985165800,1,1,1,200,0.9825339317,-0.1860835254,0,0,0.1860835254,0.9825339317,0,2,0,0,1,2
160305000734200,2,1,1,200,0.9805757403,-0.196140781,0,0,0.196140781,0.9805757403,0,1,0,0,1,2
160305000768600,1,1,1,200,0.9805757403,-0.196140781,0,0,0.196140781,0.9805757403,0,2,0,0,1,2
160305016372700,2,1,1,200,0.9795706272,-0.2011004984,0,0,0.2011004984,0.9795706272,0,1,0,0,1,2
160305016422100,1,1,1,200,0.9795706272,-0.2011004984,0,0,0.2011004984,0.9795706272,0,2,0,0,1,2
160305031661200,2,1,1,200,0.9774823189,-0.2110174,0,0,0.2110174,0.9774823189,0,1,0,0,1,2
160305031805000,1,1,1,200,0.9774823189,-0.2110174,0,0,0.2110174,0.9774823189,0,2,0,0,1,2
160305047843300,2,1,1,200,0.9764053822,-0.2159456015,0,0,0.2159456015,0.9764053822,0,1,0,0,1,2
160305047903400,1,1,1,200,0.9764053822,-0.2159456015,0,0,0.2159456015,0.9764053822,0,2,0,0,1,2
160305063399200,2,1,1,200,0.975320816,-0.2207924128,0,0,0.2207924128,0.975320816,0,1,0,0,1,2
160305063432200,1,1,1,200,0.975320816,-0.2207924128,0,0,0.2207924128,0.975320816,0,2,0,0,1,2
160305079030200,2,1,1,200,0.9730550647,-0.2305729091,0,0,0.2305729091,0.9730550647,0,1,0,0,1,2
160305079073500,1,1,1,200,0.9730550647,-0.2305729091,0,0,0.2305729091,0.9730550647,0,2,0,0,1,2
160305094563800,2,1,1,200,0.9719101787,-0.2353520393,0,0,0.2353520393,0.9719101787,0,1,0,0,1,2
160305094605100,1,1,1,200,0.9719101787,-0.2353520393,0,0,0.2353520393,0.9719101787,0,2,0,0,1,2
160305109851000,2,1,1,200,0.9707579613,-0.2400604039,0,0,0.2400604039,0.9707579613,0,1,0,0,1,2
160305109903900,1,1,1,200,0.9707579613,-0.2400604039,0,0,0.2400604039,0.9707579613,0,2,0,0,1,2
160305125150500,2,1,1,200,0.9684327245,-0.2492750883,0,0,0.2492750883,0.9684327245,0,1,0,0,1,2
160305125186300,1,1,1,200,0.9684327245,-0.2492750883,0,0,0.2492750883,0.9684327245,0,2,0,0,1,2
160305140462600,2,1,1,200,0.9659708738,-0.2586509287,0,0,0.2586509287,0.9659708738,0,1,0,0,1,2
160305140494400,1,1,1,200,0.9659708738,-0.2586509287,0,0,0.2586509287,0.9659708738,0,2,0,0,1,2
160305156636400,2,1,1,200,0.9647451043,-0.2631860971,0,0,0.2631860971,0.9647451043,0,1,0,0,1,2
160305156686500,1,1,1,200,0.9647451043,-0.2631860971,0,0,0.2631860971,0.9647451043,0,2,0,0,1,2
160305172674400,2,1,1,200,0.9635078907,-0.2676800191,0,0,0.2676800191,0.9635078907,0,1,0,0,1,2
160305172784000,1,1,1,200,0.9635078907,-0.2676800191,0,0,0.2676800191,0.9635078907,0,2,0,0,1,2
160305188013800,2,1,1,200,0.9609769583,-0.2766284049,0,0,0.2766284049,0.9609769583,0,1,0,0,1,2
160305188099300,1,1,1,200,0.9609769583,-0.2766284049,0,0,0.2766284049,0.9609769583,0,2,0,0,1,2
160305203664400,2,1,1,200,0.959703505,-0.2810145319,0,0,0.2810145319,0.959703505,0,1,0,0,1,2
160305203703200,1,1,1,200,0.959703505,-0.2810145319,0,0,0.2810145319,0.959703505,0,2,0,0,1,2
160305219108000,2,1,1,200,0.9584195018,-0.2853630483,0,0,0.2853630483,0.9584195018,0,1,0,0,1,2
160305219149800,1,1,1,200,0.9584195018,-0.2853630483,0,0,0.2853630483,0.9584195018,0,2,0,0,1,2
160305234157300,2,1,1,200,0.9558381438,-0.2938935757,0,0,0.2938935757,0.9558381438,0,1,0,0,1,2
160305234189700,1,1,1,200,0.9558381438,-0.2938935757,0,0,0.2938935757,0.9558381438,0,2,0,0,1,2
160305250277300,2,1,1,200,0.9545242786,-0.2981332839,0,0,0.2981332839,0.9545242786,0,1,0,0,1,2
160305250359000,1,1,1,200,0.9545242786,-0.2981332839,0,0,0.2981332839,0.9545242786,0,2,0,0,1,2
160305266327300,2,1,1,200,0.9518853426,-0.3064543903,0,0,0.3064543903,0.9518853426,0,1,0,0,1,2
160305266369200,1,1,1,200,0.9518853426,-0.3064543903,0,0,0.3064543903,0.9518853426,0,2,0,0,1,2
160305282141400,2,1,1,200,0.9505349994,-0.3106175363,0,0,0.3106175363,0.9505349994,0,1,0,0,1,2
160305282174800,1,1,1,200,0.9505349994,-0.3106175363,0,0,0.3106175363,0.9505349994,0,2,0,0,1,2
160305297633900,2,1,1,200,0.9491999149,-0.314673692,0,0,0.314673692,0.9491999149,0,1,0,0,1,2
160305297780000,1,1,1,200,0.9491999149,-0.314673692,0,0,0.314673692,0.9491999149,0,2,0,0,1,2
160305313227700,2,1,1,200,0.9464612603,-0.3228174448,0,0,0.3228174448,0.9464612603,0,1,0,0,1,2
160305313279600,1,1,1,200,0.9464612603,-0.3228174448,0,0,0.3228174448,0.9464612603,0,2,0,0,1,2
160305328555200,2,1,1,200,0.9437748194,-0.3305889666,0,0,0.3305889666,0.9437748194,0,1,0,0,1,2
160305328588700,1,1,1,200,0.9437748194,-0.3305889666,0,0,0.3305889666,0.9437748194,0,2,0,0,1,2
160305344217300,2,1,1,200,0.9424501657,-0.3343465626,0,0,0.3343465626,0.9424501657,0,1,0,0,1,2
160305344261100,1,1,1,200,0.9424501657,-0.3343465626,0,0,0.3343465626,0.9424501657,0,2,0,0,1,2
160305359690100,2,1,1,200,0.9410379529,-0.3383010626,0,0,0.3383010626,0.9410379529,0,1,0,0,1,2
160305359721100,1,1,1,200,0.9410379529,-0.3383010626,0,0,0.3383010626,0.9410379529,0,2,0,0,1,2
160305375164000,2,1,1,200,0.9383414388,-0.3457098901,0,0,0.3457098901,0.9383414388,0,1,0,0,1,2
160305375260700,1,1,1,200,0.9383414388,-0.3457098901,0,0,0.3457098901,0.9383414388,0,2,0,0,1,2
160305390757200,2,1,1,200,0.9369949698,-0.3493428826,0,0,0.3493428826,0.9369949698,0,1,0,0,1,2
160305390799900,1,1,1,200,0.9369949698,-0.3493428826,0,0,0.3493428826,0.9369949698,0,2,0,0,1,2
160305406379000,2,1,1,200,0.9356167912,-0.3530172408,0,0,0.3530172408,0.9356167912,0,1,0,0,1,2
160305406411900,1,1,1,200,0.9356167912,-0.3530172408,0,0,0.3530172408,0.9356167912,0,2,0,0,1,2
160305421549500,2,1,1,200,0.9342988729,-0.3564907312,0,0,0.3564907312,0.9342988729,0,1,0,0,1,2
160305421655700,1,1,1,200,0.9342988729,-0.3564907312,0,0,0.3564907312,0.9342988729,0,2,0,0,1,2
160305437106700,2,1,1,200,0.9315789342,-0.3635391593,0,0,0.3635391593,0.9315789342,0,1,0,0,1,2
160305437135300,1,1,1,200,0.9315789342,-0.3635391593,0,0,0.3635391593,0.9315789342,0,2,0,0,1,2
160305452792100,2,1,1,200,0.9288895726,-0.3703567684,0,0,0.3703567684,0.9288895726,0,1,0,0,1,2
160305452830900,1,1,1,200,0.9288895726,-0.3703567684,0,0,0.3703567684,0.9288895726,0,2,0,0,1,2
160305468841700,2,1,1,200,0.927565515,-0.373660624,0,0,0.373660624,0.927565515,0,1,0,0,1,2
160305468894800,1,1,1,200,0.927565515,-0.373660624,0,0,0.373660624,0.927565515,0,2,0,0,1,2
160305484424300,2,1,1,200,0.9261606336,-0.3771293163,0,0,0.3771293163,0.9261606336,0,1,0,0,1,2
160305484455100,1,1,1,200,0.9261606336,-0.3771293163,0,0,0.3771293163,0.9261606336,0,2,0,0,1,2
160305499581500,2,1,1,200,0.9235372543,-0.3835086823,0,0,0.3835086823,0.9235372543,0,1,0,0,1,2
160305499613000,1,1,1,200,0.9235372543,-0.3835086823,0,0,0.3835086823,0.9235372543,0,2,0,0,1,2
160305515162000,2,1,1,200,0.9222331643,-0.3866342008,0,0,0.3866342008,0.9222331643,0,1,0,0,1,2
160305515201900,1,1,1,200,0.9222331643,-0.3866342008,0,0,0.3866342008,0.9222331643,0,2,0,0,1,2
160305530583000,2,1,1,200,0.9209408164,-0.3897024095,0,0,0.3897024095,0.9209408164,0,1,0,0,1,2
160305530618700,1,1,1,200,0.9209408164,-0.3897024095,0,0,0.3897024095,0.9209408164,0,2,0,0,1,2
160305546239100,2,1,1,200,0.9183982015,-0.3956573009,0,0,0.3956573009,0.9183982015,0,1,0,0,1,2
160305546284600,1,1,1,200,0.9183982015,-0.3956573009,0,0,0.3956573009,0.9183982015,0,2,0,0,1,2
160305561355700,2,1,1,200,0.9170826077,-0.398697257,0,0,0.398697257,0.9170826077,0,1,0,0,1,2
160305561403500,1,1,1,200,0.9170826077,-0.398697257,0,0,0.398697257,0.9170826077,0,2,0,0,1,2
160305576997600,2,1,1,200,0.9145616293,-0.4044465721,0,0,0.4044465721,0.9145616293,0,1,0,0,1,2
160305577046800,1,1,1,200,0.9145616293,-0.4044465721,0,0,0.4044465721,0.9145616293,0,2,0,0,1,2
160305592885500,2,1,1,200,0.9133569598,-0.4071597457,0,0,0.4071597457,0.9133569598,0,1,0,0,1,2
160305592926700,1,1,1,200,0.9133569598,-0.4071597457,0,0,0.4071597457,0.9133569598,0,2,0,0,1,2
160305608056300,2,1,1,200,0.9109151363,-0.4125937521,0,0,0.4125937521,0.9109151363,0,1,0,0,1,2
160305608083300,1,1,1,200,0.9109151363,-0.4125937521,0,0,0.4125937521,0.9109151363,0,2,0,0,1,2
160305624125600,2,1,1,200,0.9097194076,-0.4152235687,0,0,0.4152235687,0.9097194076,0,1,0,0,1,2
160305624184400,1,1,1,200,0.9097194076,-0.4152235687,0,0,0.4152235687,0.9097194076,0,2,0,0,1,2
160305639620500,2,1,1,200,0.9085201621,-0.4178410172,0,0,0.4178410172,0.9085201621,0,1,0,0,1,2
160305639648500,1,1,1,200,0.9085201621,-0.4178410172,0,0,0.4178410172,0.9085201621,0,2,0,0,1,2
160305654677700,2,1,1,200,0.9073390365,-0.420399636,0,0,0.420399636,0.9073390365,0,1,0,0,1,2
160305654707600,1,1,1,200,0.9073390365,-0.420399636,0,0,0.420399636,0.9073390365,0,2,0,0,1,2
160305670382900,2,1,1,200,0.9050498605,-0.4253054857,0,0,0.4253054857,0.9050498605,0,1,0,0,1,2
160305670419400,1,1,1,200,0.9050498605,-0.4253054857,0,0,0.4253054857,0.9050498605,0,2,0,0,1,2
160305686457400,2,1,1,200,0.9028362632,-0.4299845397,0,0,0.4299845397,0.9028362632,0,1,0,0,1,2
160305686560200,1,1,1,200,0.9028362632,-0.4299845397,0,0,0.4299845397,0.9028362632,0,2,0,0,1,2
160305701705500,2,1,1,200,0.9028362632,-0.4299845397,0,0,0.4299845397,0.9028362632,0,1,0,0,1,2
160305701828700,1,1,1,200,0.9028362632,-0.4299845397,0,0,0.4299845397,0.9028362632,0,2,0,0,1,2
160305717292500,2,1,1,200,0.9007003903,-0.4344407618,0,0,0.4344407618,0.9007003903,0,1,0,0,1,2
160305717323700,1,1,1,200,0.9007003903,-0.4344407618,0,0,0.4344407618,0.9007003903,0,2,0,0,1,2
160305732574400,2,1,1,200,0.8986299038,-0.4387075007,0,0,0.4387075007,0.8986299038,0,1,0,0,1,2
160305732681400,1,1,1,200,0.8986299038,-0.4387075007,0,0,0.4387075007,0.8986299038,0,2,0,0,1,2
160305748141700,2,1,1,200,0.8976310492,-0.4407477081,0,0,0.4407477081,0.8976310492,0,1,0,0,1,2
160305748229500,1,1,1,200,0.8976310492,-0.4407477081,0,0,0.4407477081,0.8976310492,0,2,0,0,1,2
160305763716800,2,1,1,200,0.8966459632,-0.4427482188,0,0,0.4427482188,0.8966459632,0,1,0,0,1,2
160305763747400,1,1,1,200,0.8966459632,-0.4427482188,0,0,0.4427482188,0.8966459632,0,2,0,0,1,2
160305779692300,2,1,1,200,0.8946873546,-0.4466929436,0,0,0.4466929436,0.8946873546,0,1,0,0,1,2
160305779730500,1,1,1,200,0.8946873546,-0.4466929436,0,0,0.4466929436,0.8946873546,0,2,0,0,1,2
160305795467800,2,1,1,200,0.8937705755,-0.4485244155,0,0,0.4485244155,0.8937705755,0,1,0,0,1,2
160305795524100,1,1,1,200,0.8937705755,-0.4485244155,0,0,0.4485244155,0.8937705755,0,2,0,0,1,2
160305810859100,2,1,1,200,0.892015636,-0.4520045221,0,0,0.4520045221,0.892015636,0,1,0,0,1,2
160305810904600,1,1,1,200,0.892015636,-0.4520045221,0,0,0.4520045221,0.892015636,0,2,0,0,1,2
160305826773400,2,1,1,200,0.8911368251,-0.4537346959,0,0,0.4537346959,0.8911368251,0,1,0,0,1,2
160305826814100,1,1,1,200,0.8911368251,-0.4537346959,0,0,0.4537346959,0.8911368251,0,2,0,0,1,2
160305842729300,2,1,1,200,0.890307188,-0.4553603828,0,0,0.4553603828,0.890307188,0,1,0,0,1,2
160305842893300,1,1,1,200,0.890307188,-0.4553603828,0,0,0.4553603828,0.890307188,0,2,0,0,1,2
160305858286400,2,1,1,200,0.8887172341,-0.458455801,0,0,0.458455801,0.8887172341,0,1,0,0,1,2
160305858326600,1,1,1,200,0.8887172341,-0.458455801,0,0,0.458455801,0.8887172341,0,2,0,0,1,2
160305873811700,2,1,1,200,0.8871903419,-0.4614035785,0,0,0.4614035785,0.8871903419,0,1,0,0,1,2
160305873858200,1,1,1,200,0.8871903419,-0.4614035785,0,0,0.4614035785,0.8871903419,0,2,0,0,1,2
160305889030400,2,1,1,200,0.8864966631,-0.4627349377,0,0,0.4627349377,0.8864966631,0,1,0,0,1,2
160305889068200,1,1,1,200,0.8864966631,-0.4627349377,0,0,0.4627349377,0.8864966631,0,2,0,0,1,2
160305904722600,2,1,1,200,0.8857876658,-0.4640907645,0,0,0.4640907645,0.8857876658,0,1,0,0,1,2
160305904765700,1,1,1,200,0.8857876658,-0.4640907645,0,0,0.4640907645,0.8857876658,0,2,0,0,1,2
160305920161300,2,1,1,200,0.8845130801,-0.4665154219,0,0,0.4665154219,0.8845130801,0,1,0,0,1,2
160305920206200,1,1,1,200,0.8845130801,-0.4665154219,0,0,0.4665154219,0.8845130801,0,2,0,0,1,2
160305935559400,2,1,1,200,0.8838844895,-0.4677052498,0,0,0.4677052498,0.8838844895,0,1,0,0,1,2
160305935590700,1,1,1,200,0.8838844895,-0.4677052498,0,0,0.4677052498,0.8838844895,0,2,0,0,1,2
160305951199900,2,1,1,200,0.8833250403,-0.4687609971,0,0,0.4687609971,0.8833250403,0,1,0,0,1,2
160305951293800,1,1,1,200,0.8833250403,-0.4687609971,0,0,0.4687609971,0.8833250403,0,2,0,0,1,2
160305966776800,2,1,1,200,0.8822188377,-0.47083956,0,0,0.47083956,0.8822188377,0,1,0,0,1,2
160305966906000,1,1,1,200,0.8822188377,-0.47083956,0,0,0.47083956,0.8822188377,0,2,0,0,1,2
160305982819400,2,1,1,200,0.8817219734,-0.4717694223,0,0,0.4717694223,0.8817219734,0,1,0,0,1,2
160305982860400,1,1,1,200,0.8817219734,-0.4717694223,0,0,0.4717694223,0.8817219734,0,2,0,0,1,2
160305998452900,2,1,1,200,0.8808007836,-0.4734870791,0,0,0.4734870791,0.8808007836,0,1,0,0,1,2
160305998492700,1,1,1,200,0.8808007836,-0.4734870791,0,0,0.4734870791,0.8808007836,0,2,0,0,1,2
160306013641300,2,1,1,200,0.8803941011,-0.4742428064,0,0,0.4742428064,0.8803941011,0,1,0,0,1,2
160306013689400,1,1,1,200,0.8803941011,-0.4742428064,0,0,0.4742428064,0.8803941011,0,2,0,0,1,2
160306029184700,2,1,1,200,0.8800041676,-0.4749659896,0,0,0.4749659896,0.8800041676,0,1,0,0,1,2
160306029228400,1,1,1,200,0.8800041676,-0.4749659896,0,0,0.4749659896,0.8800041676,0,2,0,0,1,2
160306044660300,2,1,1,200,0.879314661,-0.4762412906,0,0,0.4762412906,0.879314661,0,1,0,0,1,2
160306044706000,1,1,1,200,0.879314661,-0.4762412906,0,0,0.4762412906,0.879314661,0,2,0,0,1,2
160306059889700,2,1,1,200,0.8787371516,-0.4773059785,0,0,0.4773059785,0.8787371516,0,1,0,0,1,2
160306059922100,1,1,1,200,0.8787371516,-0.4773059785,0,0,0.4773059785,0.8787371516,0,2,0,0,1,2
160306075412100,2,1,1,200,0.8787371516,-0.4773059785,0,0,0.4773059785,0.8787371516,0,1,0,0,1,2
160306075465500,1,1,1,200,0.8787371516,-0.4773059785,0,0,0.4773059785,0.8787371516,0,2,0,0,1,2
160306090620400,2,1,1,200,0.8782675266,-0.47816962,0,0,0.47816962,0.8782675266,0,1,0,0,1,2
160306090671300,1,1,1,200,0.8782675266,-0.47816962,0,0,0.47816962,0.8782675266,0,2,0,0,1,2
160306106601500,2,1,1,200,0.8779267669,-0.4787949026,0,0,0.4787949026,0.8779267669,0,1,0,0,1,2
160306106634000,1,1,1,200,0.8779267669,-0.4787949026,0,0,0.4787949026,0.8779267669,0,2,0,0,1,2
160306122718600,2,1,1,200,0.877799809,-0.4790276587,0,0,0.4790276587,0.877799809,0,1,0,0,1,2
160306122775300,1,1,1,200,0.877799809,-0.4790276587,0,0,0.4790276587,0.877799809,0,2,0,0,1,2
160306138123900,2,1,1,200,0.8777018189,-0.4792071879,0,0,0.4792071879,0.8777018189,0,1,0,0,1,2
160306138166500,1,1,1,200,0.8777018189,-0.4792071879,0,0,0.4792071879,0.8777018189,0,2,0,0,1,2
160306153578800,2,1,1,200,0.8775923252,-0.4794076383,0,0,0.4794076383,0.8775923252,0,1,0,0,1,2
160306153694600,1,1,1,200,0.8775923252,-0.4794076383,0,0,0.4794076383,0.8775923252,0,2,0,0,1,2
160306169154600,2,1,1,200,0.8775830269,-0.4794246852,0,0,0.4794246852,0.8775830269,0,1,0,0,1,2
160306169186800,1,1,1,200,0.8775830269,-0.4794246852,0,0,0.4794246852,0.8775830269,0,2,0,0,1,2
160306184366600,2,1,1,200,0.8776527047,-0.4792971015,0,0,0.4792971015,0.8776527047,0,1,0,0,1,2
160306184446100,1,1,1,200,0.8776527047,-0.4792971015,0,0,0.4792971015,0.8776527047,0,2,0,0,1,2
160306199870500,2,1,1,200,0.8777313828,-0.4791530669,0,0,0.4791530669,0.8777313828,0,1,0,0,1,2
160306199899700,1,1,1,200,0.8777313828,-0.4791530669,0,0,0.4791530669,0.8777313828,0,2,0,0,1,2
160306215178800,2,1,1,200,0.87783885,-0.4789561033,0,0,0.4789561033,0.87783885,0,1,0,0,1,2
160306215218900,1,1,1,200,0.87783885,-0.4789561033,0,0,0.4789561033,0.87783885,0,2,0,0,1,2
160306230772800,2,1,1,200,0.8781455159,-0.4783936143,0,0,0.4783936143,0.8781455159,0,1,0,0,1,2
160306230806200,1,1,1,200,0.8781455159,-0.4783936143,0,0,0.4783936143,0.8781455159,0,2,0,0,1,2
160306246529600,2,1,1,200,0.8783422112,-0.4780324101,0,0,0.4780324101,0.8783422112,0,1,0,0,1,2
160306246619700,1,1,1,200,0.8783422112,-0.4780324101,0,0,0.4780324101,0.8783422112,0,2,0,0,1,2
160306262441800,2,1,1,200,0.8785740733,-0.4776061177,0,0,0.4776061177,0.8785740733,0,1,0,0,1,2
160306262560800,1,1,1,200,0.8785740733,-0.4776061177,0,0,0.4776061177,0.8785740733,0,2,0,0,1,2
160306277761700,2,1,1,200,0.8791022301,-0.4766332805,0,0,0.4766332805,0.8791022301,0,1,0,0,1,2
160306277794600,1,1,1,200,0.8791022301,-0.4766332805,0,0,0.4766332805,0.8791022301,0,2,0,0,1,2
160306293309000,2,1,1,200,0.879414022,-0.4760577679,0,0,0.4760577679,0.879414022,0,1,0,0,1,2
160306293355300,1,1,1,200,0.879414022,-0.4760577679,0,0,0.4760577679,0.879414022,0,2,0,0,1,2
160306308804000,2,1,1,200,0.8801255822,-0.4747408926,0,0,0.4747408926,0.8801255822,0,1,0,0,1,2
160306308862800,1,1,1,200,0.8801255822,-0.4747408926,0,0,0.4747408926,0.8801255822,0,2,0,0,1,2
160306324469600,2,1,1,200,0.8805220723,-0.4740051925,0,0,0.4740051925,0.8805220723,0,1,0,0,1,2
160306324506400,1,1,1,200,0.8805220723,-0.4740051925,0,0,0.4740051925,0.8805220723,0,2,0,0,1,2
160306339624500,2,1,1,200,0.8809723854,-0.4731677175,0,0,0.4731677175,0.8809723854,0,1,0,0,1,2
160306339665100,1,1,1,200,0.8809723854,-0.4731677175,0,0,0.4731677175,0.8809723854,0,2,0,0,1,2
160306355106900,2,1,1,200,0.8818838596,-0.4714667499,0,0,0.4714667499,0.8818838596,0,1,0,0,1,2
160306355139300,1,1,1,200,0.8818838596,-0.4714667499,0,0,0.4714667499,0.8818838596,0,2,0,0,1,2
160306370751700,2,1,1,200,0.8824130297,-0.4704755545,0,0,0.4704755545,0.8824130297,0,1,0,0,1,2
160306370796200,1,1,1,200,0.8824130297,-0.4704755545,0,0,0.4704755545,0.8824130297,0,2,0,0,1,2
160306386520700,2,1,1,200,0.8835172057,-0.4683986604,0,0,0.4683986604,0.8835172057,0,1,0,0,1,2
160306386550500,1,1,1,200,0.8835172057,-0.4683986604,0,0,0.4683986604,0.8835172057,0,2,0,0,1,2
160306402021500,2,1,1,200,0.8841101527,-0.4672785699,0,0,0.4672785699,0.8841101527,0,1,0,0,1,2
160306402056300,1,1,1,200,0.8841101527,-0.4672785699,0,0,0.4672785699,0.8841101527,0,2,0,0,1,2
160306417542800,2,1,1,200,0.8847352862,-0.4660938382,0,0,0.4660938382,0.8847352862,0,1,0,0,1,2
160306417583800,1,1,1,200,0.8847352862,-0.4660938382,0,0,0.4660938382,0.8847352862,0,2,0,0,1,2
160306432953100,2,1,1,200,0.8860188723,-0.4636491835,0,0,0.4636491835,0.8860188723,0,1,0,0,1,2
160306432986400,1,1,1,200,0.8860188723,-0.4636491835,0,0,0.4636491835,0.8860188723,0,2,0,0,1,2
160306449015100,2,1,1,200,0.8867427111,-0.4622633159,0,0,0.4622633159,0.8867427111,0,1,0,0,1,2
160306449048100,1,1,1,200,0.8867427111,-0.4622633159,0,0,0.4622633159,0.8867427111,0,2,0,0,1,2
160306464689100,2,1,1,200,0.8874602318,-0.4608843029,0,0,0.4608843029,0.8874602318,0,1,0,0,1,2
160306464730400,1,1,1,200,0.8874602318,-0.4608843029,0,0,0.4608843029,0.8874602318,0,2,0,0,1,2
160306479806100,2,1,1,200,0.8889722228,-0.4579611123,0,0,0.4579611123,0.8889722228,0,1,0,0,1,2
160306479851800,1,1,1,200,0.8889722228,-0.4579611123,0,0,0.4579611123,0.8889722228,0,2,0,0,1,2
160306495409100,2,1,1,200,0.8897814751,-0.4563868344,0,0,0.4563868344,0.8897814751,0,1,0,0,1,2
160306495456200,1,1,1,200,0.8897814751,-0.4563868344,0,0,0.4563868344,0.8897814751,0,2,0,0,1,2
160306511105400,2,1,1,200,0.8914180398,-0.4531820118,0,0,0.4531820118,0.8914180398,0,1,0,0,1,2
160306511153900,1,1,1,200,0.8914180398,-0.4531820118,0,0,0.4531820118,0.8914180398,0,2,0,0,1,2
160306526432800,2,1,1,200,0.8923025727,-0.4514378607,0,0,0.4514378607,0.8923025727,0,1,0,0,1,2
160306526497200,1,1,1,200,0.8923025727,-0.4514378607,0,0,0.4514378607,0.8923025727,0,2,0,0,1,2
160306542289500,2,1,1,200,0.8931950331,-0.4496694505,0,0,0.4496694505,0.8931950331,0,1,0,0,1,2
160306542321300,1,1,1,200,0.8931950331,-0.4496694505,0,0,0.4496694505,0.8931950331,0,2,0,0,1,2
160306557877200,2,1,1,200,0.8950179219,-0.4460301399,0,0,0.4460301399,0.8950179219,0,1,0,0,1,2
160306557913200,1,1,1,200,0.8950179219,-0.4460301399,0,0,0.4460301399,0.8950179219,0,2,0,0,1,2
160306573688900,2,1,1,200,0.8969479203,-0.4421362281,0,0,0.4421362281,0.8969479203,0,1,0,0,1,2
160306573772300,1,1,1,200,0.8969479203,-0.4421362281,0,0,0.4421362281,0.8969479203,0,2,0,0,1,2
160306589287100,2,1,1,200,0.8969479203,-0.4421362281,0,0,0.4421362281,0.8969479203,0,1,0,0,1,2
160306589388500,1,1,1,200,0.8969479203,-0.4421362281,0,0,0.4421362281,0.8969479203,0,2,0,0,1,2
160306604476000,2,1,1,200,0.8989603519,-0.4380299449,0,0,0.4380299449,0.8989603519,0,1,0,0,1,2
160306604524800,1,1,1,200,0.8989603519,-0.4380299449,0,0,0.4380299449,0.8989603519,0,2,0,0,1,2
160306620092400,2,1,1,200,0.9010538459,-0.4337072372,0,0,0.4337072372,0.9010538459,0,1,0,0,1,2
160306620173300,1,1,1,200,0.9010538459,-0.4337072372,0,0,0.4337072372,0.9010538459,0,2,0,0,1,2
160306635295200,2,1,1,200,0.9021223783,-0.4314802289,0,0,0.4314802289,0.9021223783,0,1,0,0,1,2
160306635380800,1,1,1,200,0.9021223783,-0.4314802289,0,0,0.4314802289,0.9021223783,0,2,0,0,1,2
160306650369300,2,1,1,200,0.903236568,-0.429142952,0,0,0.429142952,0.903236568,0,1,0,0,1,2
160306650414200,1,1,1,200,0.903236568,-0.429142952,0,0,0.429142952,0.903236568,0,2,0,0,1,2
160306665518200,2,1,1,200,0.9054543376,-0.424443692,0,0,0.424443692,0.9054543376,0,1,0,0,1,2
160306665561200,1,1,1,200,0.9054543376,-0.424443692,0,0,0.424443692,0.9054543376,0,2,0,0,1,2
160306681033200,2,1,1,200,0.906590879,-0.4220106006,0,0,0.4220106006,0.906590879,0,1,0,0,1,2
160306681080400,1,1,1,200,0.906590879,-0.4220106006,0,0,0.4220106006,0.906590879,0,2,0,0,1,2
160306696716300,2,1,1,200,0.9089567661,-0.4168904126,0,0,0.4168904126,0.9089567661,0,1,0,0,1,2
160306696757700,1,1,1,200,0.9089567661,-0.4168904126,0,0,0.4168904126,0.9089567661,0,2,0,0,1,2
160306712674400,2,1,1,200,0.9101371765,-0.4143069685,0,0,0.4143069685,0.9101371765,0,1,0,0,1,2
160306712746200,1,1,1,200,0.9101371765,-0.4143069685,0,0,0.4143069685,0.9101371765,0,2,0,0,1,2
160306728742400,2,1,1,200,0.9113304019,-0.4116756618,0,0,0.4116756618,0.9113304019,0,1,0,0,1,2
160306728787700,1,1,1,200,0.9113304019,-0.4116756618,0,0,0.4116756618,0.9113304019,0,2,0,0,1,2
160306744814100,2,1,1,200,0.9137439132,-0.4062905908,0,0,0.4062905908,0.9137439132,0,1,0,0,1,2
160306744860300,1,1,1,200,0.9137439132,-0.4062905908,0,0,0.4062905908,0.9137439132,0,2,0,0,1,2
160306760358900,2,1,1,200,0.9162461162,-0.4006158113,0,0,0.4006158113,0.9162461162,0,1,0,0,1,2
160306760443000,1,1,1,200,0.9162461162,-0.4006158113,0,0,0.4006158113,0.9162461162,0,2,0,0,1,2
160306776394900,2,1,1,200,0.9162461162,-0.4006158113,0,0,0.4006158113,0.9162461162,0,1,0,0,1,2
160306776443000,1,1,1,200,0.9162461162,-0.4006158113,0,0,0.4006158113,0.9162461162,0,2,0,0,1,2
160306792356000,2,1,1,200,0.9188078642,-0.3947051466,0,0,0.3947051466,0.9188078642,0,1,0,0,1,2
160306792396300,1,1,1,200,0.9188078642,-0.3947051466,0,0,0.3947051466,0.9188078642,0,2,0,0,1,2
160306807354100,2,1,1,200,0.9213855267,-0.3886499107,0,0,0.3886499107,0.9213855267,0,1,0,0,1,2
160306807398600,1,1,1,200,0.9213855267,-0.3886499107,0,0,0.3886499107,0.9213855267,0,2,0,0,1,2
160306822709200,2,1,1,200,0.9226779342,-0.3855715394,0,0,0.3855715394,0.9226779342,0,1,0,0,1,2
160306822783800,1,1,1,200,0.9226779342,-0.3855715394,0,0,0.3855715394,0.9226779342,0,2,0,0,1,2
160306837907700,2,1,1,200,0.923985064,-0.3824285567,0,0,0.3824285567,0.923985064,0,1,0,0,1,2
160306837934500,1,1,1,200,0.923985064,-0.3824285567,0,0,0.3824285567,0.923985064,0,2,0,0,1,2
160306853461700,2,1,1,200,0.9253444076,-0.3791275322,0,0,0.3791275322,0.9253444076,0,1,0,0,1,2
160306853494000,1,1,1,200,0.9253444076,-0.3791275322,0,0,0.3791275322,0.9253444076,0,2,0,0,1,2
160306868756600,2,1,1,200,0.9279917479,-0.372600764,0,0,0.372600764,0.9279917479,0,1,0,0,1,2
160306868791500,1,1,1,200,0.9279917479,-0.372600764,0,0,0.372600764,0.9279917479,0,2,0,0,1,2
160306884097400,2,1,1,200,0.9306487441,-0.3659138083,0,0,0.3659138083,0.9306487441,0,1,0,0,1,2
160306884133200,1,1,1,200,0.9306487441,-0.3659138083,0,0,0.3659138083,0.9306487441,0,2,0,0,1,2
160306899401700,2,1,1,200,0.9306487441,-0.3659138083,0,0,0.3659138083,0.9306487441,0,1,0,0,1,2
160306899429500,1,1,1,200,0.9306487441,-0.3659138083,0,0,0.3659138083,0.9306487441,0,2,0,0,1,2
160306914973500,2,1,1,200,0.9333742857,-0.3589045703,0,0,0.3589045703,0.9333742857,0,1,0,0,1,2
160306915050000,1,1,1,200,0.9333742857,-0.3589045703,0,0,0.3589045703,0.9333742857,0,2,0,0,1,2
160306930564500,2,1,1,200,0.936065197,-0.3518266082,0,0,0.3518266082,0.936065197,0,1,0,0,1,2
160306930618000,1,1,1,200,0.936065197,-0.3518266082,0,0,0.3518266082,0.936065197,0,2,0,0,1,2
160306946333400,2,1,1,200,0.9374229908,-0.3481926918,0,0,0.3481926918,0.9374229908,0,1,0,0,1,2
160306946400900,1,1,1,200,0.9374229908,-0.3481926918,0,0,0.3481926918,0.9374229908,0,2,0,0,1,2
160306961715100,2,1,1,200,0.9388122559,-0.3444293141,0,0,0.3444293141,0.9388122559,0,1,0,0,1,2
160306961786800,1,1,1,200,0.9388122559,-0.3444293141,0,0,0.3444293141,0.9388122559,0,2,0,0,1,2
160306978049800,2,1,1,200,0.9415299296,-0.3369292915,0,0,0.3369292915,0.9415299296,0,1,0,0,1,2
160306978135400,1,1,1,200,0.9415299296,-0.3369292915,0,0,0.3369292915,0.9415299296,0,2,0,0,1,2
160306993559800,2,1,1,200,0.9428756833,-0.3331447244,0,0,0.3331447244,0.9428756833,0,1,0,0,1,2
160306993589200,1,1,1,200,0.9428756833,-0.3331447244,0,0,0.3331447244,0.9428756833,0,2,0,0,1,2
160307009159500,2,1,1,200,0.9456155896,-0.3252862096,0,0,0.3252862096,0.9456155896,0,1,0,0,1,2
160307009295100,1,1,1,200,0.9456155896,-0.3252862096,0,0,0.3252862096,0.9456155896,0,2,0,0,1,2
160307024593200,2,1,1,200,0.9469609857,-0.3213485777,0,0,0.3213485777,0.9469609857,0,1,0,0,1,2
160307024622200,1,1,1,200,0.9469609857,-0.3213485777,0,0,0.3213485777,0.9469609857,0,2,0,0,1,2
160307040173000,2,1,1,200,0.9482904673,-0.3174037933,0,0,0.3174037933,0.9482904673,0,1,0,0,1,2
160307040217200,1,1,1,200,0.9482904673,-0.3174037933,0,0,0.3174037933,0.9482904673,0,2,0,0,1,2
160307055389500,2,1,1,200,0.9510099292,-0.309160322,0,0,0.309160322,0.9510099292,0,1,0,0,1,2
160307055428100,1,1,1,200,0.9510099292,-0.309160322,0,0,0.309160322,0.9510099292,0,2,0,0,1,2
160307071010500,2,1,1,200,0.9523002505,-0.3051625788,0,0,0.3051625788,0.9523002505,0,1,0,0,1,2
160307071052000,1,1,1,200,0.9523002505,-0.3051625788,0,0,0.3051625788,0.9523002505,0,2,0,0,1,2
160307086336500,2,1,1,200,0.9549432993,-0.2967883348,0,0,0.2967883348,0.9549432993,0,1,0,0,1,2
160307086368000,1,1,1,200,0.9549432993,-0.2967883348,0,0,0.2967883348,0.9549432993,0,2,0,0,1,2
160307101926900,2,1,1,200,0.9562759399,-0.2924660146,0,0,0.2924660146,0.9562759399,0,1,0,0,1,2
160307101958000,1,1,1,200,0.9562759399,-0.2924660146,0,0,0.2924660146,0.9562759399,0,2,0,0,1,2
160307117450200,2,1,1,200,0.9575980902,-0.2881074846,0,0,0.2881074846,0.9575980902,0,1,0,0,1,2
160307117484400,1,1,1,200,0.9575980902,-0.2881074846,0,0,0.2881074846,0.9575980902,0,2,0,0,1,2
160307132832700,2,1,1,200,0.9601619244,-0.2794442475,0,0,0.2794442475,0.9601619244,0,1,0,0,1,2
160307132948900,1,1,1,200,0.9601619244,-0.2794442475,0,0,0.2794442475,0.9601619244,0,2,0,0,1,2
160307148427300,2,1,1,200,0.9614244699,-0.2750691175,0,0,0.2750691175,0.9614244699,0,1,0,0,1,2
160307148473700,1,1,1,200,0.9614244699,-0.2750691175,0,0,0.2750691175,0.9614244699,0,2,0,0,1,2
160307164179500,2,1,1,200,0.9626806974,-0.270639807,0,0,0.270639807,0.9626806974,0,1,0,0,1,2
160307164221100,1,1,1,200,0.9626806974,-0.270639807,0,0,0.270639807,0.9626806974,0,2,0,0,1,2
160307179964700,2,1,1,200,0.96515733,-0.2616702318,0,0,0.2616702318,0.96515733,0,1,0,0,1,2
160307180053300,1,1,1,200,0.96515733,-0.2616702318,0,0,0.2616702318,0.96515733,0,2,0,0,1,2
160307195254100,2,1,1,200,0.9676017761,-0.252481252,0,0,0.252481252,0.9676017761,0,1,0,0,1,2
160307195367400,1,1,1,200,0.9676017761,-0.252481252,0,0,0.252481252,0.9676017761,0,2,0,0,1,2
160307211209500,2,1,1,200,0.9688259959,-0.2477421463,0,0,0.2477421463,0.9688259959,0,1,0,0,1,2
160307211255300,1,1,1,200,0.9688259959,-0.2477421463,0,0,0.2477421463,0.9688259959,0,2,0,0,1,2
160307226785200,2,1,1,200,0.9699795842,-0.2431863844,0,0,0.2431863844,0.9699795842,0,1,0,0,1,2
160307226910600,1,1,1,200,0.9699795842,-0.2431863844,0,0,0.2431863844,0.9699795842,0,2,0,0,1,2
160307242802300,2,1,1,200,0.9723210335,-0.2336487919,0,0,0.2336487919,0.9723210335,0,1,0,0,1,2
160307242836300,1,1,1,200,0.9723210335,-0.2336487919,0,0,0.2336487919,0.9723210335,0,2,0,0,1,2
160307258112800,2,1,1,200,0.9734649658,-0.2288361043,0,0,0.2288361043,0.9734649658,0,1,0,0,1,2
160307258145800,1,1,1,200,0.9734649658,-0.2288361043,0,0,0.2288361043,0.9734649658,0,2,0,0,1,2
160307273257200,2,1,1,200,0.9756965041,-0.2191263735,0,0,0.2191263735,0.9756965041,0,1,0,0,1,2
160307273285600,1,1,1,200,0.9756965041,-0.2191263735,0,0,0.2191263735,0.9756965041,0,2,0,0,1,2
160307288443800,2,1,1,200,0.9767821431,-0.2142349035,0,0,0.2142349035,0.9767821431,0,1,0,0,1,2
160307288503300,1,1,1,200,0.9767821431,-0.2142349035,0,0,0.2142349035,0.9767821431,0,2,0,0,1,2
160307304144800,2,1,1,200,0.977841258,-0.2093478441,0,0,0.2093478441,0.977841258,0,1,0,0,1,2
160307304183200,1,1,1,200,0.977841258,-0.2093478441,0,0,0.2093478441,0.977841258,0,2,0,0,1,2
160307319428300,2,1,1,200,0.9798862934,-0.1995566487,0,0,0.1995566487,0.9798862934,0,1,0,0,1,2
160307319457500,1,1,1,200,0.9798862934,-0.1995566487,0,0,0.1995566487,0.9798862934,0,2,0,0,1,2
160307335169900,2,1,1,200,0.9809231162,-0.194396168,0,0,0.194396168,0.9809231162,0,1,0,0,1,2
160307335214700,1,1,1,200,0.9809231162,-0.194396168,0,0,0.194396168,0.9809231162,0,2,0,0,1,2
160307350349900,2,1,1,200,0.9818877578,-0.1894634068,0,0,0.1894634068,0.9818877578,0,1,0,0,1,2
160307350417500,1,1,1,200,0.9818877578,-0.1894634068,0,0,0.1894634068,0.9818877578,0,2,0,0,1,2
160307365594700,2,1,1,200,0.9838041663,-0.1792467535,0,0,0.1792467535,0.9838041663,0,1,0,0,1,2
160307365651100,1,1,1,200,0.9838041663,-0.1792467535,0,0,0.1792467535,0.9838041663,0,2,0,0,1,2
160307380910200,2,1,1,200,0.9847074151,-0.1742161363,0,0,0.1742161363,0.9847074151,0,1,0,0,1,2
160307380937800,1,1,1,200,0.9847074151,-0.1742161363,0,0,0.1742161363,0.9847074151,0,2,0,0,1,2
160307396473800,2,1,1,200,0.9864812493,-0.1638742983,0,0,0.1638742983,0.9864812493,0,1,0,0,1,2
160307396506300,1,1,1,200,0.9864812493,-0.1638742983,0,0,0.1638742983,0.9864812493,0,2,0,0,1,2
160307412618600,2,1,1,200,0.9873259664,-0.1587053984,0,0,0.1587053984,0.9873259664,0,1,0,0,1,2
160307412664000,1,1,1,200,0.9873259664,-0.1587053984,0,0,0.1587053984,0.9873259664,0,2,0,0,1,2
160307428120100,2,1,1,200,0.9881415367,-0.1535458267,0,0,0.1535458267,0.9881415367,0,1,0,0,1,2
160307428183400,1,1,1,200,0.9881415367,-0.1535458267,0,0,0.1535458267,0.9881415367,0,2,0,0,1,2
160307443644800,2,1,1,200,0.9897030592,-0.1431356817,0,0,0.1431356817,0.9897030592,0,1,0,0,1,2
160307443763200,1,1,1,200,0.9897030592,-0.1431356817,0,0,0.1431356817,0.9897030592,0,2,0,0,1,2
160307459238900,2,1,1,200,0.991197288,-0.1323931068,0,0,0.1323931068,0.991197288,0,1,0,0,1,2
160307459279700,1,1,1,200,0.991197288,-0.1323931068,0,0,0.1323931068,0.991197288,0,2,0,0,1,2
160307474502900,2,1,1,200,0.991197288,-0.1323931068,0,0,0.1323931068,0.991197288,0,1,0,0,1,2
160307474545100,1,1,1,200,0.991197288,-0.1323931068,0,0,0.1323931068,0.991197288,0,2,0,0,1,2
160307489586000,2,1,1,200,0.9925667048,-0.121701993,0,0,0.121701993,0.9925667048,0,1,0,0,1,2
160307489650700,1,1,1,200,0.9925667048,-0.121701993,0,0,0.121701993,0.9925667048,0,2,0,0,1,2
160307504899600,2,1,1,200,0.9931864142,-0.1165366769,0,0,0.1165366769,0.9931864142,0,1,0,0,1,2
160307504940600,1,1,1,200,0.9931864142,-0.1165366769,0,0,0.1165366769,0.9931864142,0,2,0,0,1,2
160307519955100,2,1,1,200,0.9943978786,-0.1057017222,0,0,0.1057017222,0.9943978786,0,1,0,0,1,2
160307520086200,1,1,1,200,0.9943978786,-0.1057017222,0,0,0.1057017222,0.9943978786,0,2,0,0,1,2
160307535271000,2,1,1,200,0.9949519634,-0.1003525034,0,0,0.1003525034,0.9949519634,0,1,0,0,1,2
160307535325000,1,1,1,200,0.9949519634,-0.1003525034,0,0,0.1003525034,0.9949519634,0,2,0,0,1,2
160307550431600,2,1,1,200,0.995498836,-0.09477395564,0,0,0.09477395564,0.995498836,0,1,0,0,1,2
160307550518900,1,1,1,200,0.995498836,-0.09477395564,0,0,0.09477395564,0.995498836,0,2,0,0,1,2
160307565864300,2,1,1,200,0.9964674115,-0.0839805156,0,0,0.0839805156,0.9964674115,0,1,0,0,1,2
160307565986900,1,1,1,200,0.9964674115,-0.0839805156,0,0,0.0839805156,0.9964674115,0,2,0,0,1,2
160307581225100,2,1,1,200,0.9973289967,-0.07304037362,0,0,0.07304037362,0.9973289967,0,1,0,0,1,2
160307581256000,1,1,1,200,0.9973289967,-0.07304037362,0,0,0.07304037362,0.9973289967,0,2,0,0,1,2
160307597121000,2,1,1,200,0.9973289967,-0.07304037362,0,0,0.07304037362,0.9973289967,0,1,0,0,1,2
160307597155800,1,1,1,200,0.9973289967,-0.07304037362,0,0,0.07304037362,0.9973289967,0,2,0,0,1,2
160307612679200,2,1,1,200,0.9980795979,-0.06194487214,0,0,0.06194487214,0.9980795979,0,1,0,0,1,2
160307612713600,1,1,1,200,0.9980795979,-0.06194487214,0,0,0.06194487214,0.9980795979,0,2,0,0,1,2
160307628358600,2,1,1,200,0.998698771,-0.05099729821,0,0,0.05099729821,0.998698771,0,1,0,0,1,2
160307628412200,1,1,1,200,0.998698771,-0.05099729821,0,0,0.05099729821,0.998698771,0,2,0,0,1,2
160307643711500,2,1,1,200,0.9989612103,-0.04556885734,0,0,0.04556885734,0.9989612103,0,1,0,0,1,2
160307643801800,1,1,1,200,0.9989612103,-0.04556885734,0,0,0.04556885734,0.9989612103,0,2,0,0,1,2
160307659245200,2,1,1,200,0.9992054701,-0.03985531256,0,0,0.03985531256,0.9992054701,0,1,0,0,1,2
160307659273300,1,1,1,200,0.9992054701,-0.03985531256,0,0,0.03985531256,0.9992054701,0,2,0,0,1,2
160307674499000,2,1,1,200,0.9995805621,-0.02896015719,0,0,0.02896015719,0.9995805621,0,1,0,0,1,2
160307674621700,1,1,1,200,0.9995805621,-0.02896015719,0,0,0.02896015719,0.9995805621,0,2,0,0,1,2
160307690601300,2,1,1,200,0.9997250438,-0.02344792522,0,0,0.02344792522,0.9997250438,0,1,0,0,1,2
160307690631500,1,1,1,200,0.9997250438,-0.02344792522,0,0,0.02344792522,0.9997250438,0,2,0,0,1,2
160307705968700,2,1,1,200,0.9999241829,-0.01231387351,0,0,0.01231387351,0.9999241829,0,1,0,0,1,2
160307706019500,1,1,1,200,0.9999241829,-0.01231387351,0,0,0.01231387351,0.9999241829,0,2,0,0,1,2
160307721241900,2,1,1,200,0.9999775887,-0.006692230701,0,0,0.006692230701,0.9999775887,0,1,0,0,1,2
160307721290300,1,1,1,200,0.9999775887,-0.006692230701,0,0,0.006692230701,0.9999775887,0,2,0,0,1,2
160307736909800,2,1,1,200,0.999999404,-0.001105679316,0,0,0.001105679316,0.999999404,0,1,0,0,1,2
160307736947600,1,1,1,200,0.999999404,-0.001105679316,0,0,0.001105679316,0.999999404,0,2,0,0,1,2
160307752885100,2,1,1,200,0.9999503493,0.009965494275,0,0,-0.009965494275,0.9999503493,0,1,0,0,1,2
160307752933700,1,1,1,200,0.9999503493,0.009965494275,0,0,-0.009965494275,0.9999503493,0,2,0,0,1,2
160307768634300,2,1,1,200,0.9998778701,0.01562713832,0,0,-0.01562713832,0.9998778701,0,1,0,0,1,2
160307768662500,1,1,1,200,0.9998778701,0.01562713832,0,0,-0.01562713832,0.9998778701,0,2,0,0,1,2
160307784222800,2,1,1,200,0.9997745752,0.02123198658,0,0,-0.02123198658,0.9997745752,0,1,0,0,1,2
160307784273000,1,1,1,200,0.9997745752,0.02123198658,0,0,-0.02123198658,0.9997745752,0,2,0,0,1,2
160307799655300,2,1,1,200,0.9994828701,0.0321549587,0,0,-0.0321549587,0.9994828701,0,1,0,0,1,2
160307799684200,1,1,1,200,0.9994828701,0.0321549587,0,0,-0.0321549587,0.9994828701,0,2,0,0,1,2
160307814815000,2,1,1,200,0.9990596175,0.04335700348,0,0,-0.04335700348,0.9990596175,0,1,0,0,1,2
160307814866300,1,1,1,200,0.9990596175,0.04335700348,0,0,-0.04335700348,0.9990596175,0,2,0,0,1,2
160307830437900,2,1,1,200,0.9990596175,0.04335700348,0,0,-0.04335700348,0.9990596175,0,1,0,0,1,2
160307830476200,1,1,1,200,0.9990596175,0.04335700348,0,0,-0.04335700348,0.9990596175,0,2,0,0,1,2
160307846456200,2,1,1,200,0.9985229969,0.054330457,0,0,-0.054330457,0.9985229969,0,1,0,0,1,2
160307846516700,1,1,1,200,0.9985229969,0.054330457,0,0,-0.054330457,0.9985229969,0,2,0,0,1,2
160307862177300,2,1,1,200,0.9978636503,0.06533087045,0,0,-0.06533087045,0.9978636503,0,1,0,0,1,2
160307862223000,1,1,1,200,0.9978636503,0.06533087045,0,0,-0.06533087045,0.9978636503,0,2,0,0,1,2
160307877385900,2,1,1,200,0.997484982,0.07087832689,0,0,-0.07087832689,0.997484982,0,1,0,0,1,2
160307877443600,1,1,1,200,0.997484982,0.07087832689,0,0,-0.07087832689,0.997484982,0,2,0,0,1,2
160307893579800,2,1,1,200,0.9970809817,0.07635162026,0,0,-0.07635162026,0.9970809817,0,1,0,0,1,2
160307893628600,1,1,1,200,0.9970809817,0.07635162026,0,0,-0.07635162026,0.9970809817,0,2,0,0,1,2
160307909080000,2,1,1,200,0.9961883426,0.08722810447,0,0,-0.08722810447,0.9961883426,0,1,0,0,1,2
160307909122500,1,1,1,200,0.9961883426,0.08722810447,0,0,-0.08722810447,0.9961883426,0,2,0,0,1,2
160307924568400,2,1,1,200,0.9957008958,0.0926265046,0,0,-0.0926265046,0.9957008958,0,1,0,0,1,2
160307924593000,1,1,1,200,0.9957008958,0.0926265046,0,0,-0.0926265046,0.9957008958,0,2,0,0,1,2
160307939750800,2,1,1,200,0.9951841831,0.09802282602,0,0,-0.09802282602,0.9951841831,0,1,0,0,1,2
160307939778400,1,1,1,200,0.9951841831,0.09802282602,0,0,-0.09802282602,0.9951841831,0,2,0,0,1,2
160307955567900,2,1,1,200,0.9940566421,0.1088642403,0,0,-0.1088642403,0.9940566421,0,1,0,0,1,2
160307955683800,1,1,1,200,0.9940566421,0.1088642403,0,0,-0.1088642403,0.9940566421,0,2,0,0,1,2
160307970796600,2,1,1,200,0.9934488535,0.1142778173,0,0,-0.1142778173,0.9934488535,0,1,0,0,1,2
160307970825000,1,1,1,200,0.9934488535,0.1142778173,0,0,-0.1142778173,0.9934488535,0,2,0,0,1,2
160307986372000,2,1,1,200,0.9921522141,0.1250357032,0,0,-0.1250357032,0.9921522141,0,1,0,0,1,2
160307986412400,1,1,1,200,0.9921522141,0.1250357032,0,0,-0.1250357032,0.9921522141,0,2,0,0,1,2
160308002071800,2,1,1,200,0.9914716482,0.1303225011,0,0,-0.1303225011,0.9914716482,0,1,0,0,1,2
160308002121400,1,1,1,200,0.9914716482,0.1303225011,0,0,-0.1303225011,0.9914716482,0,2,0,0,1,2
160308017511900,2,1,1,200,0.9907488227,0.1357082576,0,0,-0.1357082576,0.9907488227,0,1,0,0,1,2
160308017640800,1,1,1,200,0.9907488227,0.1357082576,0,0,-0.1357082576,0.9907488227,0,2,0,0,1,2
160308033100200,2,1,1,200,0.9892686009,0.1461083293,0,0,-0.1461083293,0.9892686009,0,1,0,0,1,2
160308033141800,1,1,1,200,0.9892686009,0.1461083293,0,0,-0.1461083293,0.9892686009,0,2,0,0,1,2
160308048673600,2,1,1,200,0.9884815216,0.1513415277,0,0,-0.1513415277,0.9884815216,0,1,0,0,1,2
160308048749000,1,1,1,200,0.9884815216,0.1513415277,0,0,-0.1513415277,0.9884815216,0,2,0,0,1,2
160308063904100,2,1,1,200,0.9876770973,0.156505391,0,0,-0.156505391,0.9876770973,0,1,0,0,1,2
160308063934500,1,1,1,200,0.9876770973,0.156505391,0,0,-0.156505391,0.9876770973,0,2,0,0,1,2
160308079943700,2,1,1,200,0.9859762788,0.1668856889,0,0,-0.1668856889,0.9859762788,0,1,0,0,1,2
160308079993000,1,1,1,200,0.9859762788,0.1668856889,0,0,-0.1668856889,0.9859762788,0,2,0,0,1,2
160308095175600,2,1,1,200,0.9841451049,0.1773650795,0,0,-0.1773650795,0.9841451049,0,1,0,0,1,2
160308095208400,1,1,1,200,0.9841451049,0.1773650795,0,0,-0.1773650795,0.9841451049,0,2,0,0,1,2
160308110685800,2,1,1,200,0.9832148552,0.1824514419,0,0,-0.1824514419,0.9832148552,0,1,0,0,1,2
160308110748200,1,1,1,200,0.9832148552,0.1824514419,0,0,-0.1824514419,0.9832148552,0,2,0,0,1,2
160308126393600,2,1,1,200,0.9822689891,0.1874768734,0,0,-0.1874768734,0.9822689891,0,1,0,0,1,2
160308126441300,1,1,1,200,0.9822689891,0.1874768734,0,0,-0.1874768734,0.9822689891,0,2,0,0,1,2
160308141713000,2,1,1,200,0.9812932014,0.1925192177,0,0,-0.1925192177,0.9812932014,0,1,0,0,1,2
160308141768400,1,1,1,200,0.9812932014,0.1925192177,0,0,-0.1925192177,0.9812932014,0,2,0,0,1,2
160308157687200,2,1,1,200,0.9793089628,0.2023707032,0,0,-0.2023707032,0.9793089628,0,1,0,0,1,2
160308157716200,1,1,1,200,0.9793089628,0.2023707032,0,0,-0.2023707032,0.9793089628,0,2,0,0,1,2
160308173020600,2,1,1,200,0.9772078395,0.2122849226,0,0,-0.2122849226,0.9772078395,0,1,0,0,1,2
160308173046900,1,1,1,200,0.9772078395,0.2122849226,0,0,-0.2122849226,0.9772078395,0,2,0,0,1,2
160308188172300,2,1,1,200,0.9772078395,0.2122849226,0,0,-0.2122849226,0.9772078395,0,1,0,0,1,2
160308188202300,1,1,1,200,0.9772078395,0.2122849226,0,0,-0.2122849226,0.9772078395,0,2,0,0,1,2
160308203846000,2,1,1,200,0.9750452042,0.2220065296,0,0,-0.2220065296,0.9750452042,0,1,0,0,1,2
160308203884900,1,1,1,200,0.9750452042,0.2220065296,0,0,-0.2220065296,0.9750452042,0,2,0,0,1,2
160308218924600,2,1,1,200,0.9728022814,0.2316371202,0,0,-0.2316371202,0.9728022814,0,1,0,0,1,2
160308218968400,1,1,1,200,0.9728022814,0.2316371202,0,0,-0.2316371202,0.9728022814,0,2,0,0,1,2
160308234470400,2,1,1,200,0.9716556668,0.2364006639,0,0,-0.2364006639,0.9716556668,0,1,0,0,1,2
160308234500300,1,1,1,200,0.9716556668,0.2364006639,0,0,-0.2364006639,0.9716556668,0,2,0,0,1,2
160308250109900,2,1,1,200,0.970454216,0.2412853241,0,0,-0.2412853241,0.970454216,0,1,0,0,1,2
160308250223600,1,1,1,200,0.970454216,0.2412853241,0,0,-0.2412853241,0.970454216,0,2,0,0,1,2
160308266188500,2,1,1,200,0.9680905342,0.2506006062,0,0,-0.2506006062,0.9680905342,0,1,0,0,1,2
160308266285600,1,1,1,200,0.9680905342,0.2506006062,0,0,-0.2506006062,0.9680905342,0,2,0,0,1,2
160308281792000,2,1,1,200,0.9668941498,0.2551776767,0,0,-0.2551776767,0.9668941498,0,1,0,0,1,2
160308281818100,1,1,1,200,0.9668941498,0.2551776767,0,0,-0.2551776767,0.9668941498,0,2,0,0,1,2
160308296907100,2,1,1,200,0.9656796455,0.2597360909,0,0,-0.2597360909,0.9656796455,0,1,0,0,1,2
160308296941400,1,1,1,200,0.9656796455,0.2597360909,0,0,-0.2597360909,0.9656796455,0,2,0,0,1,2
160308312836200,2,1,1,200,0.9644457698,0.2642808855,0,0,-0.2642808855,0.9644457698,0,1,0,0,1,2
160308312910100,1,1,1,200,0.9644457698,0.2642808855,0,0,-0.2642808855,0.9644457698,0,2,0,0,1,2
160308328351100,2,1,1,200,0.9644457698,0.2642808855,0,0,-0.2642808855,0.9644457698,0,1,0,0,1,2
160308328395000,1,1,1,200,0.9644457698,0.2642808855,0,0,-0.2642808855,0.9644457698,0,2,0,0,1,2
160308344399100,2,1,1,200,0.9644457698,0.2642808855,0,0,-0.2642808855,0.9644457698,0,1,0,0,1,2
160308344443400,1,1,1,200,0.9644457698,0.2642808855,0,0,-0.2642808855,0.9644457698,0,2,0,0,1,2
160308359822300,2,1,1,200,0.9644457698,0.2642808855,0,0,-0.2642808855,0.9644457698,0,1,0,0,1,2
160308359932600,1,1,1,200,0.9644457698,0.2642808855,0,0,-0.2642808855,0.9644457698,0,2,0,0,1,2
160308374957500,2,1,1,200,0.9644457698,0.2642808855,0,0,-0.2642808855,0.9644457698,0,1,0,0,1,2
160308375076900,1,1,1,200,0.9644457698,0.2642808855,0,0,-0.2642808855,0.9644457698,0,2,0,0,1,2
160308390590500,2,1,1,200,0.9644457698,0.2642808855,0,0,-0.2642808855,0.9644457698,0,1,0,0,1,2
160308390642000,1,1,1,200,0.9644457698,0.2642808855,0,0,-0.2642808855,0.9644457698,0,2,0,0,1,2
160308406343300,2,1,1,200,0.9644457698,0.2642808855,0,0,-0.2642808855,0.9644457698,0,1,0,0,1,2
160308406382800,1,1,1,200,0.9644457698,0.2642808855,0,0,-0.2642808855,0.9644457698,0,2,0,0,1,2
160308421660500,2,1,1,200,0.9644457698,0.2642808855,0,0,-0.2642808855,0.9644457698,0,1,0,0,1,2
160308421706500,1,1,1,200,0.9644457698,0.2642808855,0,0,-0.2642808855,0.9644457698,0,2,0,0,1,2
160308437314500,2,1,1,200,0.9644457698,0.2642808855,0,0,-0.2642808855,0.9644457698,0,1,0,0,1,2
160308437367600,1,1,1,200,0.9644457698,0.2642808855,0,0,-0.2642808855,0.9644457698,0,2,0,0,1,2
160308452784400,2,1,1,200,0.9644457698,0.2642808855,0,0,-0.2642808855,0.9644457698,0,1,0,0,1,2
160308452818300,1,1,1,200,0.9644457698,0.2642808855,0,0,-0.2642808855,0.9644457698,0,2,0,0,1,2
160308468301700,2,1,1,200,0.9644457698,0.2642808855,0,0,-0.2642808855,0.9644457698,0,1,0,0,1,2
160308468352800,1,1,1,200,0.9644457698,0.2642808855,0,0,-0.2642808855,0.9644457698,0,2,0,0,1,2
160308483676700,2,1,1,200,0.9644457698,0.2642808855,0,0,-0.2642808855,0.9644457698,0,1,0,0,1,2
160308483715500,1,1,1,200,0.9644457698,0.2642808855,0,0,-0.2642808855,0.9644457698,0,2,0,0,1,2
160308499005800,2,1,1,200,0.9644457698,0.2642808855,0,0,-0.2642808855,0.9644457698,0,1,0,0,1,2
160308499049600,1,1,1,200,0.9644457698,0.2642808855,0,0,-0.2642808855,0.9644457698,0,2,0,0,1,2
160308514566100,2,1,1,200,0.9644457698,0.2642808855,0,0,-0.2642808855,0.9644457698,0,1,0,0,1,2
160308514608700,1,1,1,200,0.9644457698,0.2642808855,0,0,-0.2642808855,0.9644457698,0,2,0,0,1,2
160308530072500,2,1,1,200,0.9644457698,0.2642808855,0,0,-0.2642808855,0.9644457698,0,1,0,0,1,2
160308530125100,1,1,1,200,0.9644457698,0.2642808855,0,0,-0.2642808855,0.9644457698,0,2,0,0,1,2
160308545356100,2,1,1,200,0.9644457698,0.2642808855,0,0,-0.2642808855,0.9644457698,0,1,0,0,1,2
160308545401300,1,1,1,200,0.9644457698,0.2642808855,0,0,-0.2642808855,0.9644457698,0,2,0,0,1,2
160308560581800,2,1,1,200,0.9644457698,0.2642808855,0,0,-0.2642808855,0.9644457698,0,1,0,0,1,2
160308560625700,1,1,1,200,0.9644457698,0.2642808855,0,0,-0.2642808855,0.9644457698,0,2,0,0,1,2
160308576458600,2,1,1,200,0.9644457698,0.2642808855,0,0,-0.2642808855,0.9644457698,0,1,0,0,1,2
160308576497200,1,1,1,200,0.9644457698,0.2642808855,0,0,-0.2642808855,0.9644457698,0,2,0,0,1,2
160308592637900,2,1,1,200,0.9644457698,0.2642808855,0,0,-0.2642808855,0.9644457698,0,1,0,0,1,2
160308592697800,1,1,1,200,0.9644457698,0.2642808855,0,0,-0.2642808855,0.9644457698,0,2,0,0,1,2
160308608191900,2,1,1,200,0.9644457698,0.2642808855,0,0,-0.2642808855,0.9644457698,0,1,0,0,1,2
160308608333300,1,1,1,200,0.9644457698,0.2642808855,0,0,-0.2642808855,0.9644457698,0,2,0,0,1,2
160308623645800,2,1,1,200,0.9644457698,0.2642808855,0,0,-0.2642808855,0.9644457698,0,1,0,0,1,2
160308623746900,1,1,1,200,0.9644457698,0.2642808855,0,0,-0.2642808855,0.9644457698,0,2,0,0,1,2
160308639309700,2,1,1,200,0.9644457698,0.2642808855,0,0,-0.2642808855,0.9644457698,0,1,0,0,1,2
160308639358200,1,1,1,200,0.9644457698,0.2642808855,0,0,-0.2642808855,0.9644457698,0,2,0,0,1,2
160308654809200,2,1,1,200,0.9644457698,0.2642808855,0,0,-0.2642808855,0.9644457698,0,1,0,0,1,2
160308654863400,1,1,1,200,0.9644457698,0.2642808855,0,0,-0.2642808855,0.9644457698,0,2,0,0,1,2
160308670262200,2,1,1,200,0.9644457698,0.2642808855,0,0,-0.2642808855,0.9644457698,0,1,0,0,1,2
160308670398600,1,1,1,200,0.9644457698,0.2642808855,0,0,-0.2642808855,0.9644457698,0,2,0,0,1,2
160308686525000,2,1,1,200,0.9644457698,0.2642808855,0,0,-0.2642808855,0.9644457698,0,1,0,0,1,2
160308686576100,1,1,1,200,0.9644457698,0.2642808855,0,0,-0.2642808855,0.9644457698,0,2,0,0,1,2
160308701692400,2,1,1,200,0.9644457698,0.2642808855,0,0,-0.2642808855,0.9644457698,0,1,0,0,1,2
160308701732200,1,1,1,200,0.9644457698,0.2642808855,0,0,-0.2642808855,0.9644457698,0,2,0,0,1,2
160308717359800,2,1,1,200,0.9644457698,0.2642808855,0,0,-0.2642808855,0.9644457698,0,1,0,0,1,2
160308717422500,1,1,1,200,0.9644457698,0.2642808855,0,0,-0.2642808855,0.9644457698,0,2,0,0,1,2
160308732981400,2,1,1,200,0.9644457698,0.2642808855,0,0,-0.2642808855,0.9644457698,0,1,0,0,1,2
160308733041600,1,1,1,200,0.9644457698,0.2642808855,0,0,-0.2642808855,0.9644457698,0,2,0,0,1,2
160308748282000,2,1,1,200,0.9644457698,0.2642808855,0,0,-0.2642808855,0.9644457698,0,1,0,0,1,2
160308748325800,1,1,1,200,0.9644457698,0.2642808855,0,0,-0.2642808855,0.9644457698,0,2,0,0,1,2
160308764303500,2,1,1,200,0.9644457698,0.2642808855,0,0,-0.2642808855,0.9644457698,0,1,0,0,1,2
160308764349800,1,1,1,200,0.9644457698,0.2642808855,0,0,-0.2642808855,0.9644457698,0,2,0,0,1,2
160308779999500,2,1,1,200,0.9644457698,0.2642808855,0,0,-0.2642808855,0.9644457698,0,1,0,0,1,2
160308780050100,1,1,1,200,0.9644457698,0.2642808855,0,0,-0.2642808855,0.9644457698,0,2,0,0,1,2
160308795390700,2,1,1,200,0.9644457698,0.2642808855,0,0,-0.2642808855,0.9644457698,0,1,0,0,1,2
160308795428700,1,1,1,200,0.9644457698,0.2642808855,0,0,-0.2642808855,0.9644457698,0,2,0,0,1,2
160308811072900,2,1,1,200,0.9644457698,0.2642808855,0,0,-0.2642808855,0.9644457698,0,1,0,0,1,2
160308811111500,1,1,1,200,0.9644457698,0.2642808855,0,0,-0.2642808855,0.9644457698,0,2,0,0,1,2
160308826496100,2,1,1,200,0.9644457698,0.2642808855,0,0,-0.2642808855,0.9644457698,0,1,0,0,1,2
160308826545700,1,1,1,200,0.9644457698,0.2642808855,0,0,-0.2642808855,0.9644457698,0,2,0,0,1,2
160308841879300,2,1,1,200,0.9644457698,0.2642808855,0,0,-0.2642808855,0.9644457698,0,1,0,0,1,2
160308841924900,1,1,1,200,0.9644457698,0.2642808855,0,0,-0.2642808855,0.9644457698,0,2,0,0,1,2
160308856958000,2,1,1,200,0.9644457698,0.2642808855,0,0,-0.2642808855,0.9644457698,0,1,0,0,1,2
160308856988600,1,1,1,200,0.9644457698,0.2642808855,0,0,-0.2642808855,0.9644457698,0,2,0,0,1,2
160308872748500,2,1,1,200,0.9644457698,0.2642808855,0,0,-0.2642808855,0.9644457698,0,1,0,0,1,2
160308872798300,1,1,1,200,0.9644457698,0.2642808855,0,0,-0.2642808855,0.9644457698,0,2,0,0,1,2
160308888182100,2,1,1,200,0.9644457698,0.2642808855,0,0,-0.2642808855,0.9644457698,0,1,0,0,1,2
160308888222100,1,1,1,200,0.9644457698,0.2642808855,0,0,-0.2642808855,0.9644457698,0,2,0,0,1,2
160308904141800,2,1,1,200,0.9644457698,0.2642808855,0,0,-0.2642808855,0.9644457698,0,1,0,0,1,2
160308904173000,1,1,1,200,0.9644457698,0.2642808855,0,0,-0.2642808855,0.9644457698,0,2,0,0,1,2
160308919613400,2,1,1,200,0.9644457698,0.2642808855,0,0,-0.2642808855,0.9644457698,0,1,0,0,1,2
160308919655100,1,1,1,200,0.9644457698,0.2642808855,0,0,-0.2642808855,0.9644457698,0,2,0,0,1,2
160308935201200,2,1,1,200,0.9644457698,0.2642808855,0,0,-0.2642808855,0.9644457698,0,1,0,0,1,2
160308935246500,1,1,1,200,0.9644457698,0.2642808855,0,0,-0.2642808855,0.9644457698,0,2,0,0,1,2
160308950646600,2,1,1,200,0.9644457698,0.2642808855,0,0,-0.2642808855,0.9644457698,0,1,0,0,1,2
160308950756600,1,1,1,200,0.9644457698,0.2642808855,0,0,-0.2642808855,0.9644457698,0,2,0,0,1,2
160308966490600,2,1,1,200,0.9644457698,0.2642808855,0,0,-0.2642808855,0.9644457698,0,1,0,0,1,2
160308966537000,1,1,1,200,0.9644457698,0.2642808855,0,0,-0.2642808855,0.9644457698,0,2,0,0,1,2
160308981756500,2,1,1,200,0.9644457698,0.2642808855,0,0,-0.2642808855,0.9644457698,0,1,0,0,1,2
160308981831800,1,1,1,200,0.9644457698,0.2642808855,0,0,-0.2642808855,0.9644457698,0,2,0,0,1,2
160308997203000,2,1,1,200,0.9644457698,0.2642808855,0,0,-0.2642808855,0.9644457698,0,1,0,0,1,2
160308997266200,1,1,1,200,0.9644457698,0.2642808855,0,0,-0.2642808855,0.9644457698,0,2,0,0,1,2
160309012780600,2,1,1,200,0.9644457698,0.2642808855,0,0,-0.2642808855,0.9644457698,0,1,0,0,1,2
160309012895700,1,1,1,200,0.9644457698,0.2642808855,0,0,-0.2642808855,0.9644457698,0,2,0,0,1,2
160309028428800,2,1,1,200,1,0,0,0,0,1,0,1,0,0,1,0
160309028466400,1,1,1,200,1,0,0,0,0,1,0,2,0,0,1,0
160309043830900,2,1,1,200,1,0,0,0,0,1,0,1,0,0,1,0
160309043914500,1,1,1,200,1,0,0,0,0,1,0,2,0,0,1,0
160309059137700,2,1,1,200,1,0,0,0,0,1,0,1,0,0,1,0
160309059186400,1,1,1,200,1,0,0,0,0,1,0,2,0,0,1,0
160309074715600,2,1,1,200,1,0,0,0,0,1,0,1,0,0,1,0
160309074752100,1,1,1,200,1,0,0,0,0,1,0,2,0,0,1,0
160309090173900,2,1,1,200,1,0,0,0,0,1,0,1,0,0,1,0
160309090198500,1,1,1,200,1,0,0,0,0,1,0,2,0,0,1,0
160309105421400,2,1,1,200,1,0,0,0,0,1,0,1,0,0,1,0
160309105453500,1,1,1,200,1,0,0,0,0,1,0,2,0,0,1,0
160309121032700,2,1,1,200,1,0,0,0,0,1,0,1,0,0,1,0
160309121073300,1,1,1,200,1,0,0,0,0,1,0,2,0,0,1,0
160309136495300,2,1,1,200,1,0,0,0,0,1,0,1,0,0,1,0
160309136528800,1,1,1,200,1,0,0,0,0,1,0,2,0,0,1,0
160309152223600,2,1,1,200,1,0,0,0,0,1,0,1,0,0,1,0
160309152263900,1,1,1,200,1,0,0,0,0,1,0,2,0,0,1,0
160309167820200,2,1,1,200,1,0,0,0,0,1,0,1,0,0,1,0
160309167899400,1,1,1,200,1,0,0,0,0,1,0,2,0,0,1,0
160309183391300,2,1,1,200,1,0,0,0,0,1,0,1,0,0,1,0
160309183441900,1,1,1,200,1,0,0,0,0,1,0,2,0,0,1,0
160309199162900,2,1,1,200,1,0,0,0,0,1,0,1,0,0,1,0
160309199193000,1,1,1,200,1,0,0,0,0,1,0,2,0,0,1,0
160309214961100,2,1,1,200,1,0,0,0,0,1,0,1,0,0,1,0
160309215010500,1,1,1,200,1,0,0,0,0,1,0,2,0,0,1,0
160309230198500,2,1,1,200,1,0,0,0,0,1,0,1,0,0,1,0
160309230231700,1,1,1,200,1,0,0,0,0,1,0,2,0,0,1,0
160309245736500,2,1,1,200,1,0,0,0,0,1,0,1,0,0,1,0
160309245813000,1,1,1,200,1,0,0,0,0,1,0,2,0,0,1,0
160309261352200,2,1,1,200,1,0,0,0,0,1,0,1,0,0,1,0
160309261395500,1,1,1,200,1,0,0,0,0,1,0,2,0,0,1,0
160309276811000,2,1,1,200,1,0,0,0,0,1,0,1,0,0,1,0
160309276911300,1,1,1,200,1,0,0,0,0,1,0,2,0,0,1,0
160309292713500,2,1,1,200,1,0,0,0,0,1,0,1,0,0,1,0
160309292934200,1,1,1,200,1,0,0,0,0,1,0,2,0,0,1,0
160309308312700,2,1,1,200,1,0,0,0,0,1,0,1,0,0,1,0
160309308354200,1,1,1,200,1,0,0,0,0,1,0,2,0,0,1,0
160309323794700,2,1,1,200,1,0,0,0,0,1,0,1,0,0,1,0
160309323836100,1,1,1,200,1,0,0,0,0,1,0,2,0,0,1,0
160309339672200,2,1,1,200,1,0,0,0,0,1,0,1,0,0,1,0
160309339721000,1,1,1,200,1,0,0,0,0,1,0,2,0,0,1,0
160309355260400,2,1,1,200,1,0,0,0,0,1,0,1,0,0,1,0
160309355325900,1,1,1,200,1,0,0,0,0,1,0,2,0,0,1,0
160309370907400,2,1,1,200,1,0,0,0,0,1,0,1,0,0,1,0
160309370950800,1,1,1,200,1,0,0,0,0,1,0,2,0,0,1,0
160309386039200,2,1,1,200,1,0,0,0,0,1,0,1,0,0,1,0
160309386126400,1,1,1,200,1,0,0,0,0,1,0,2,0,0,1,0
160309402006400,2,1,1,200,1,0,0,0,0,1,0,1,0,0,1,0
160309402032800,1,1,1,200,1,0,0,0,0,1,0,2,0,0,1,0
160309417574300,2,1,1,200,1,0,0,0,0,1,0,1,0,0,1,0
160309417676900,1,1,1,200,1,0,0,0,0,1,0,2,0,0,1,0
160309432807300,2,1,1,200,1,0,0,0,0,1,0,1,0,0,1,0
160309432916300,1,1,1,200,1,0,0,0,0,1,0,2,0,0,1,0
160309448716900,2,1,1,200,1,0,0,0,0,1,0,1,0,0,1,0
160309448751600,1,1,1,200,1,0,0,0,0,1,0,2,0,0,1,0
160309463970000,2,1,1,200,1,0,0,0,0,1,0,1,0,0,1,0
160309464087700,1,1,1,200,1,0,0,0,0,1,0,2,0,0,1,0
160309479118800,2,1,1,200,1,0,0,0,0,1,0,1,0,0,1,0
160309479156800,1,1,1,200,1,0,0,0,0,1,0,2,0,0,1,0
160309494703700,2,1,1,200,1,0,0,0,0,1,0,1,0,0,1,0
160309494729300,1,1,1,200,1,0,0,0,0,1,0,2,0,0,1,0
160309510230100,2,1,1,200,1,0,0,0,0,1,0,1,0,0,1,0
160309510268800,1,1,1,200,1,0,0,0,0,1,0,2,0,0,1,0
160309526499200,2,1,1,200,1,0,0,0,0,1,0,1,0,0,1,0
160309526545500,1,1,1,200,1,0,0,0,0,1,0,2,0,0,1,0
160309542541200,2,1,1,200,1,0,0,0,0,1,0,1,0,0,1,0
160309542584600,1,1,1,200,1,0,0,0,0,1,0,2,0,0,1,0
160309557674900,2,1,1,200,1,0,0,0,0,1,0,1,0,0,1,0
160309557703900,1,1,1,200,1,0,0,0,0,1,0,2,0,0,1,0
160309573237500,2,1,1,200,1,0,0,0,0,1,0,1,0,0,1,0
160309573271700,1,1,1,200,1,0,0,0,0,1,0,2,0,0,1,0
160309588854500,2,1,1,200,1,0,0,0,0,1,0,1,0,0,1,0
160309588913800,1,1,1,200,1,0,0,0,0,1,0,2,0,0,1,0
160309603890700,2,1,1,200,1,0,0,0,0,1,0,1,0,0,1,0
160309603933900,1,1,1,200,1,0,0,0,0,1,0,2,0,0,1,0
160309619583600,2,1,1,200,1,0,0,0,0,1,0,1,0,0,1,0
160309619623400,1,1,1,200,1,0,0,0,0,1,0,2,0,0,1,0
160309634987200,2,1,1,200,1,0,0,0,0,1,0,1,0,0,1,0
160309635050300,1,1,1,200,1,0,0,0,0,1,0,2,0,0,1,0
160309650597600,2,1,1,200,1,0,0,0,0,1,0,1,0,0,1,0
160309650672000,1,1,1,200,1,0,0,0,0,1,0,2,0,0,1,0
160309666221800,2,1,1,200,1,0,0,0,0,1,0,1,0,0,1,0
160309666272200,1,1,1,200,1,0,0,0,0,1,0,2,0,0,1,0
160309681778300,2,1,1,200,1,0,0,0,0,1,0,1,0,0,1,0
160309681885100,1,1,1,200,1,0,0,0,0,1,0,2,0,0,1,0
160309697269600,2,1,1,200,1,0,0,0,0,1,0,1,0,0,1,0
160309697331700,1,1,1,200,1,0,0,0,0,1,0,2,0,0,1,0
160309712859000,2,1,1,200,1,0,0,0,0,1,0,1,0,0,1,0
160309712962600,1,1,1,200,1,0,0,0,0,1,0,2,0,0,1,0
160309728531900,2,1,1,200,1,0,0,0,0,1,0,1,0,0,1,0
160309728576600,1,1,1,200,1,0,0,0,0,1,0,2,0,0,1,0
160309743970100,2,1,1,200,1,0,0,0,0,1,0,1,0,0,1,0
160309744007400,1,1,1,200,1,0,0,0,0,1,0,2,0,0,1,0
160309759306500,2,1,1,200,1,0,0,0,0,1,0,1,0,0,1,0
160309759350400,1,1,1,200,1,0,0,0,0,1,0,2,0,0,1,0
160309774856400,2,1,1,200,1,0,0,0,0,1,0,1,0,0,1,0
160309774971900,1,1,1,200,1,0,0,0,0,1,0,2,0,0,1,0
160309790369300,2,1,1,200,1,0,0,0,0,1,0,1,0,0,1,0
160309790413700,1,1,1,200,1,0,0,0,0,1,0,2,0,0,1,0
160309805441400,2,1,1,200,1,0,0,0,0,1,0,1,0,0,1,0
160309805487500,1,1,1,200,1,0,0,0,0,1,0,2,0,0,1,0
160309820783000,2,1,1,200,1,0,0,0,0,1,0,1,0,0,1,0
160309820827300,1,1,1,200,1,0,0,0,0,1,0,2,0,0,1,0
160309836330600,2,1,1,200,1,0,0,0,0,1,0,1,0,0,1,0
160309836375200,1,1,1,200,1,0,0,0,0,1,0,2,0,0,1,0
160309851771800,2,1,1,200,1,0,0,0,0,1,0,1,0,0,1,0
160309851804100,1,1,1,200,1,0,0,0,0,1,0,2,0,0,1,0
160309867290000,2,1,1,200,1,0,0,0,0,1,0,1,0,0,1,0
160309867449300,1,1,1,200,1,0,0,0,0,1,0,2,0,0,1,0
160309882910300,2,1,1,200,1,0,0,0,0,1,0,1,0,0,1,0
160309882955500,1,1,1,200,1,0,0,0,0,1,0,2,0,0,1,0
160309898090700,2,1,1,200,1,0,0,0,0,1,0,1,0,0,1,0
160309898124600,1,1,1,200,1,0,0,0,0,1,0,2,0,0,1,0
160309913677500,2,1,1,200,1,0,0,0,0,1,0,1,0,0,1,0
160309913753100,1,1,1,200,1,0,0,0,0,1,0,2,0,0,1,0
160309929217200,2,1,1,200,1,0,0,0,0,1,0,1,0,0,1,0
160309929276200,1,1,1,200,1,0,0,0,0,1,0,2,0,0,1,0
160309944833800,2,1,1,200,1,0,0,0,0,1,0,1,0,0,1,0
160309944881700,1,1,1,200,1,0,0,0,0,1,0,2,0,0,1,0
160309960126300,2,1,1,200,1,0,0,0,0,1,0,1,0,0,1,0
160309960205500,1,1,1,200,1,0,0,0,0,1,0,2,0,0,1,0
160309975341700,2,1,1,200,1,0,0,0,0,1,0,1,0,0,1,0
160309975384200,1,1,1,200,1,0,0,0,0,1,0,2,0,0,1,0
160309990662500,2,1,1,200,1,0,0,0,0,1,0,1,0,0,1,0
160309990705200,1,1,1,200,1,0,0,0,0,1,0,2,0,0,1,0
160310006552700,2,1,1,200,1,0,0,0,0,1,0,1,0,0,1,0
160310006651500,1,1,1,200,1,0,0,0,0,1,0,2,0,0,1,0
160310022454700,2,1,1,200,1,0,0,0,0,1,0,1,0,0,1,0
160310022545000,1,1,1,200,1,0,0,0,0,1,0,2,0,0,1,0
160310038114100,2,1,1,200,1,0,0,0,0,1,0,1,0,0,1,0
160310038157200,1,1,1,200,1,0,0,0,0,1,0,2,0,0,1,0
160310053656000,2,1,1,200,1,0,0,0,0,1,0,1,0,0,1,0
160310053705900,1,1,1,200,1,0,0,0,0,1,0,2,0,0,1,0
160310068828000,2,1,1,200,1,0,0,0,0,1,0,1,0,0,1,0
160310068879800,1,1,1,200,1,0,0,0,0,1,0,2,0,0,1,0
160310084046700,2,1,1,200,1,0,0,0,0,1,0,1,0,0,1,0
160310084077100,1,1,1,200,1,0,0,0,0,1,0,2,0,0,1,0
160310099254800,2,1,1,200,1,0,0,0,0,1,0,1,0,0,1,0
160310099299800,1,1,1,200,1,0,0,0,0,1,0,2,0,0,1,0
160310114352500,2,1,1,200,1,0,0,0,0,1,0,1,0,0,1,0
160310114398500,1,1,1,200,1,0,0,0,0,1,0,2,0,0,1,0
160310129896300,2,1,1,200,1,0,0,0,0,1,0,1,0,0,1,0
160310129997200,1,1,1,200,1,0,0,0,0,1,0,2,0,0,1,0
160310145046800,2,1,1,200,1,0,0,0,0,1,0,1,0,0,1,0
160310145075900,1,1,1,200,1,0,0,0,0,1,0,2,0,0,1,0
160310160295200,2,1,1,200,1,0,0,0,0,1,0,1,0,0,1,0
160310160402300,1,1,1,200,1,0,0,0,0,1,0,2,0,0,1,0
160310175761500,2,1,1,200,1,0,0,0,0,1,0,1,0,0,1,0
160310175794400,1,1,1,200,1,0,0,0,0,1,0,2,0,0,1,0
160310191457100,2,1,1,200,1,0,0,0,0,1,0,1,0,0,1,0
160310191498600,1,1,1,200,1,0,0,0,0,1,0,2,0,0,1,0
160310207090300,2,1,1,200,1,0,0,0,0,1,0,1,0,0,1,0
160310207123600,1,1,1,200,1,0,0,0,0,1,0,2,0,0,1,0
160310222557400,2,1,1,200,1,0,0,0,0,1,0,1,0,0,1,0
160310222596200,1,1,1,200,1,0,0,0,0,1,0,2,0,0,1,0
160310238153400,2,1,1,200,1,0,0,0,0,1,0,1,0,0,1,0
160310238196900,1,1,1,200,1,0,0,0,0,1,0,2,0,0,1,0
160310253612200,2,1,1,200,1,0,0,0,0,1,0,1,0,0,1,0
160310253736100,1,1,1,200,1,0,0,0,0,1,0,2,0,0,1,0
160310268982200,2,1,1,200,1,0,0,0,0,1,0,1,0,0,1,0
160310269016600,1,1,1,200,1,0,0,0,0,1,0,2,0,0,1,0
160310284275100,2,1,1,200,1,0,0,0,0,1,0,1,0,0,1,0
160310284337900,1,1,1,200,1,0,0,0,0,1,0,2,0,0,1,0
160310299753300,2,1,1,200,1,0,0,0,0,1,0,1,0,0,1,0
160310299813400,1,1,1,200,1,0,0,0,0,1,0,2,0,0,1,0
160310316062600,2,1,1,200,1,0,0,0,0,1,0,1,0,0,1,0
160310316116700,1,1,1,200,1,0,0,0,0,1,0,2,0,0,1,0
160310331463100,2,1,1,200,1,0,0,0,0,1,0,1,0,0,1,0
160310331490700,1,1,1,200,1,0,0,0,0,1,0,2,0,0,1,0
160310347004100,2,1,1,200,1,0,0,0,0,1,0,1,0,0,1,0
160310347031900,1,1,1,200,1,0,0,0,0,1,0,2,0,0,1,0
160310362783500,2,1,1,200,1,0,0,0,0,1,0,1,0,0,1,0
160310362905200,1,1,1,200,1,0,0,0,0,1,0,2,0,0,1,0
160310378040800,2,1,1,200,1,0,0,0,0,1,0,1,0,0,1,0
160310378076200,1,1,1,200,1,0,0,0,0,1,0,2,0,0,1,0
160310393550000,2,1,1,200,1,0,0,0,0,1,0,1,0,0,1,0
160310393599200,1,1,1,200,1,0,0,0,0,1,0,2,0,0,1,0
160310408941900,2,1,1,200,1,0,0,0,0,1,0,1,0,0,1,0
160310408969100,1,1,1,200,1,0,0,0,0,1,0,2,0,0,1,0
160310424526200,2,1,1,200,1,0,0,0,0,1,0,1,0,0,1,0
160310424603800,1,1,1,200,1,0,0,0,0,1,0,2,0,0,1,0
160310440144700,2,1,1,200,1,0,0,0,0,1,0,1,0,0,1,0
160310440180000,1,1,1,200,1,0,0,0,0,1,0,2,0,0,1,0
160310455406600,2,1,1,200,1,0,0,0,0,1,0,1,0,0,1,0
160310455443300,1,1,1,200,1,0,0,0,0,1,0,2,0,0,1,0
160310470878400,2,1,1,200,1,0,0,0,0,1,0,1,0,0,1,0
160310471006400,1,1,1,200,1,0,0,0,0,1,0,2,0,0,1,0
160310486332800,2,1,1,200,1,0,0,0,0,1,0,1,0,0,1,0
160310486363100,1,1,1,200,1,0,0,0,0,1,0,2,0,0,1,0
160310502429600,2,1,1,200,1,0,0,0,0,1,0,1,0,0,1,0
160310502457300,1,1,1,200,1,0,0,0,0,1,0,2,0,0,1,0
160310518032300,2,1,1,200,1,0,0,0,0,1,0,1,0,0,1,0
160310518095000,1,1,1,200,1,0,0,0,0,1,0,2,0,0,1,0
160310533559200,2,1,1,200,1,0,0,0,0,1,0,1,0,0,1,0
160310533600100,1,1,1,200,1,0,0,0,0,1,0,2,0,0,1,0
160310549084900,2,1,1,200,1,0,0,0,0,1,0,1,0,0,1,0
160310549173000,1,1,1,200,1,0,0,0,0,1,0,2,0,0,1,0
160310565135700,2,1,1,200,1,0,0,0,0,1,0,1,0,0,1,0
160310565195700,1,1,1,200,1,0,0,0,0,1,0,2,0,0,1,0
160310580610700,2,1,1,200,1,0,0,0,0,1,0,1,0,0,1,0
160310580646000,1,1,1,200,1,0,0,0,0,1,0,2,0,0,1,0
160310596174700,2,1,1,200,1,0,0,0,0,1,0,1,0,0,1,0
160310596270100,1,1,1,200,1,0,0,0,0,1,0,2,0,0,1,0
160310611532600,2,1,1,200,1,0,0,0,0,1,0,1,0,0,1,0
160310611581500,1,1,1,200,1,0,0,0,0,1,0,2,0,0,1,0
160310627138200,2,1,1,200,1,0,0,0,0,1,0,1,0,0,1,0
160310627185800,1,1,1,200,1,0,0,0,0,1,0,2,0,0,1,0
160310642475800,2,1,1,200,1,0,0,0,0,1,0,1,0,0,1,0
160310642618200,1,1,1,200,1,0,0,0,0,1,0,2,0,0,1,0
160310657620100,2,1,1,200,1,0,0,0,0,1,0,1,0,0,1,0
160310657663700,1,1,1,200,1,0,0,0,0,1,0,2,0,0,1,0
160310673038200,2,1,1,200,1,0,0,0,0,1,0,1,0,0,1,0
160310673110700,1,1,1,200,1,0,0,0,0,1,0,2,0,0,1,0
160310688545600,2,1,1,200,1,0,0,0,0,1,0,1,0,0,1,0
160310688576200,1,1,1,200,1,0,0,0,0,1,0,2,0,0,1,0
160310704243900,2,1,1,200,1,0,0,0,0,1,0,1,0,0,1,0
160310704284000,1,1,1,200,1,0,0,0,0,1,0,2,0,0,1,0
160310719473500,2,1,1,200,1,0,0,0,0,1,0,1,0,0,1,0
160310719505800,1,1,1,200,1,0,0,0,0,1,0,2,0,0,1,0
160310735012200,2,1,1,200,1,0,0,0,0,1,0,1,0,0,1,0
160310735057700,1,1,1,200,1,0,0,0,0,1,0,2,0,0,1,0
160310750543200,2,1,1,200,1,0,0,0,0,1,0,1,0,0,1,0
160310750579200,1,1,1,200,1,0,0,0,0,1,0,2,0,0,1,0
160310766359600,2,1,1,200,1,0,0,0,0,1,0,1,0,0,1,0
160310766395600,1,1,1,200,1,0,0,0,0,1,0,2,0,0,1,0
160310781805200,2,1,1,200,1,0,0,0,0,1,0,1,0,0,1,0
160310781845200,1,1,1,200,1,0,0,0,0,1,0,2,0,0,1,0
160310797490100,2,1,1,200,1,0,0,0,0,1,0,1,0,0,1,0
160310797526800,1,1,1,200,1,0,0,0,0,1,0,2,0,0,1,0
160310813080700,2,1,1,200,1,0,0,0,0,1,0,1,0,0,1,0
160310813113500,1,1,1,200,1,0,0,0,0,1,0,2,0,0,1,0
160310828669000,2,1,1,200,1,0,0,0,0,1,0,1,0,0,1,0
160310828710500,1,1,1,200,1,0,0,0,0,1,0,2,0,0,1,0
160310843894300,2,1,1,200,1,0,0,0,0,1,0,1,0,0,1,0
160310843923900,1,1,1,200,1,0,0,0,0,1,0,2,0,0,1,0
160310859194100,2,1,1,200,1,0,0,0,0,1,0,1,0,0,1,0
160310859235300,1,1,1,200,1,0,0,0,0,1,0,2,0,0,1,0
160310874349800,2,1,1,200,1,0,0,0,0,1,0,1,0,0,1,0
160310874394500,1,1,1,200,1,0,0,0,0,1,0,2,0,0,1,0
160310889895900,2,1,1,200,1,0,0,0,0,1,0,1,0,0,1,0
160310890008300,1,1,1,200,1,0,0,0,0,1,0,2,0,0,1,0
160310905455600,2,1,1,200,1,0,0,0,0,1,0,1,0,0,1,0
160310905491000,1,1,1,200,1,0,0,0,0,1,0,2,0,0,1,0
160310920999400,2,1,1,200,1,0,0,0,0,1,0,1,0,0,1,0
160310921074000,1,1,1,200,1,0,0,0,0,1,0,2,0,0,1,0
160310936502400,2,1,1,200,1,0,0,0,0,1,0,1,0,0,1,0
160310936535600,1,1,1,200,1,0,0,0,0,1,0,2,0,0,1,0
160310951679600,2,1,1,200,1,0,0,0,0,1,0,1,0,0,1,0
160310951775600,1,1,1,200,1,0,0,0,0,1,0,2,0,0,1,0
160310967198400,2,1,1,200,1,0,0,0,0,1,0,1,0,0,1,0
160310967314500,1,1,1,200,1,0,0,0,0,1,0,2,0,0,1,0
160310982870100,2,1,1,200,1,0,0,0,0,1,0,1,0,0,1,0
160310982913700,1,1,1,200,1,0,0,0,0,1,0,2,0,0,1,0
160310998076800,2,1,1,200,1,0,0,0,0,1,0,1,0,0,1,0
160310998121500,1,1,1,200,1,0,0,0,0,1,0,2,0,0,1,0
160311013640200,2,1,1,200,1,0,0,0,0,1,0,1,0,0,1,0
160311013712100,1,1,1,200,1,0,0,0,0,1,0,2,0,0,1,0
160311029318700,2,1,1,200,1,0,0,0,0,1,0,1,0,0,1,0
160311029364000,1,1,1,200,1,0,0,0,0,1,0,2,0,0,1,0
160311044380800,2,1,1,200,1,0,0,0,0,1,0,1,0,0,1,0
160311044426100,1,1,1,200,1,0,0,0,0,1,0,2,0,0,1,0
160311059905000,2,1,1,200,1,0,0,0,0,1,0,1,0,0,1,0
160311059955100,1,1,1,200,1,0,0,0,0,1,0,2,0,0,1,0
160311075426300,2,1,1,200,1,0,0,0,0,1,0,1,0,0,1,0
160311075455900,1,1,1,200,1,0,0,0,0,1,0,2,0,0,1,0
160311090624200,2,1,1,200,1,0,0,0,0,1,0,1,0,0,1,0
160311090661600,1,1,1,200,1,0,0,0,0,1,0,2,0,0,1,0
160311106561200,2,1,1,200,1,0,0,0,0,1,0,1,0,0,1,0
160311106610200,1,1,1,200,1,0,0,0,0,1,0,2,0,0,1,0
160311122698900,2,1,1,200,1,0,0,0,0,1,0,1,0,0,1,0
160311122727800,1,1,1,200,1,0,0,0,0,1,0,2,0,0,1,0
160311138131300,2,1,1,200,1,0,0,0,0,1,0,1,0,0,1,0
160311138160700,1,1,1,200,1,0,0,0,0,1,0,2,0,0,1,0
160311153240800,2,1,1,200,1,0,0,0,0,1,0,1,0,0,1,0
160311153271300,1,1,1,200,1,0,0,0,0,1,0,2,0,0,1,0
160311168852500,2,1,1,200,1,0,0,0,0,1,0,1,0,0,1,0
160311168891200,1,1,1,200,1,0,0,0,0,1,0,2,0,0,1,0
160311184331600,2,1,1,200,1,0,0,0,0,1,0,1,0,0,1,0
160311184424900,1,1,1,200,1,0,0,0,0,1,0,2,0,0,1,0
160311199968900,2,1,1,200,1,0,0,0,0,1,0,1,0,0,1,0
160311200004200,1,1,1,200,1,0,0,0,0,1,0,2,0,0,1,0
160311215509000,2,1,1,200,1,0,0,0,0,1,0,1,0,0,1,0
160311215543000,1,1,1,200,1,0,0,0,0,1,0,2,0,0,1,0
160311231006900,2,1,1,200,1,0,0,0,0,1,0,1,0,0,1,0
160311231038000,1,1,1,200,1,0,0,0,0,1,0,2,0,0,1,0
160311246660100,2,1,1,200,1,0,0,0,0,1,0,1,0,0,1,0
160311246692600,1,1,1,200,1,0,0,0,0,1,0,2,0,0,1,0
160311262536200,2,1,1,200,1,0,0,0,0,1,0,1,0,0,1,0
160311262567700,1,1,1,200,1,0,0,0,0,1,0,2,0,0,1,0
160311278063400,2,1,1,200,1,0,0,0,0,1,0,1,0,0,1,0
160311278187500,1,1,1,200,1,0,0,0,0,1,0,2,0,0,1,0
160311293777500,2,1,1,200,1,0,0,0,0,1,0,1,0,0,1,0
160311293826700,1,1,1,200,1,0,0,0,0,1,0,2,0,0,1,0
160311310007100,2,1,1,200,1,0,0,0,0,1,0,1,0,0,1,0
160311310076300,1,1,1,200,1,0,0,0,0,1,0,2,0,0,1,0
160311325161600,2,1,1,200,1,0,0,0,0,1,0,1,0,0,1,0
160311325201900,1,1,1,200,1,0,0,0,0,1,0,2,0,0,1,0
160311340732000,2,1,1,200,1,0,0,0,0,1,0,1,0,0,1,0
160311340760800,1,1,1,200,1,0,0,0,0,1,0,2,0,0,1,0
160311356223100,2,1,1,200,1,0,0,0,0,1,0,1,0,0,1,0
160311356370300,1,1,1,200,1,0,0,0,0,1,0,2,0,0,1,0
160311371580700,2,1,1,200,1,0,0,0,0,1,0,1,0,0,1,0
160311371621700,1,1,1,200,1,0,0,0,0,1,0,2,0,0,1,0
160311387087000,2,1,1,200,1,0,0,0,0,1,0,1,0,0,1,0
160311387129800,1,1,1,200,1,0,0,0,0,1,0,2,0,0,1,0
160311402684600,2,1,1,200,1,0,0,0,0,1,0,1,0,0,1,0
160311402729100,1,1,1,200,1,0,0,0,0,1,0,2,0,0,1,0
160311418194600,2,1,1,200,1,0,0,0,0,1,0,1,0,0,1,0
160311418221300,1,1,1,200,1,0,0,0,0,1,0,2,0,0,1,0
160311433705600,2,1,1,200,1,0,0,0,0,1,0,1,0,0,1,0
160311433735500,1,1,1,200,1,0,0,0,0,1,0,2,0,0,1,0
160311449297600,2,1,1,200,1,0,0,0,0,1,0,1,0,0,1,0
160311449328300,1,1,1,200,1,0,0,0,0,1,0,2,0,0,1,0
160311465329400,2,1,1,200,1,0,0,0,0,1,0,1,0,0,1,0
160311465420200,1,1,1,200,1,0,0,0,0,1,0,2,0,0,1,0
160311480576600,2,1,1,200,1,0,0,0,0,1,0,1,0,0,1,0
160311480607700,1,1,1,200,1,0,0,0,0,1,0,2,0,0,1,0
160311496308200,2,1,1,200,1,0,0,0,0,1,0,1,0,0,1,0
160311496346400,1,1,1,200,1,0,0,0,0,1,0,2,0,0,1,0
160311511868000,2,1,1,200,1,0,0,0,0,1,0,1,0,0,1,0
160311511902900,1,1,1,200,1,0,0,0,0,1,0,2,0,0,1,0
160311527508600,2,1,1,200,1,0,0,0,0,1,0,1,0,0,1,0
160311527547100,1,1,1,200,1,0,0,0,0,1,0,2,0,0,1,0
160311543099400,2,1,1,200,1,0,0,0,0,1,0,1,0,0,1,0
160311543174400,1,1,1,200,1,0,0,0,0,1,0,2,0,0,1,0
160311558346500,2,1,1,200,1,0,0,0,0,1,0,1,0,0,1,0
160311558391600,1,1,1,200,1,0,0,0,0,1,0,2,0,0,1,0
160311573896700,2,1,1,200,1,0,0,0,0,1,0,1,0,0,1,0
160311573925600,1,1,1,200,1,0,0,0,0,1,0,2,0,0,1,0
160311589553800,2,1,1,200,1,0,0,0,0,1,0,1,0,0,1,0
160311589580000,1,1,1,200,1,0,0,0,0,1,0,2,0,0,1,0
160311604927500,2,1,1,200,1,0,0,0,0,1,0,1,0,0,1,0
160311605014200,1,1,1,200,1,0,0,0,0,1,0,2,0,0,1,0
160311620588700,2,1,1,200,1,0,0,0,0,1,0,1,0,0,1,0
160311620633200,1,1,1,200,1,0,0,0,0,1,0,2,0,0,1,0
160311636634800,2,1,1,200,1,0,0,0,0,1,0,1,0,0,1,0
160311636667100,1,1,1,200,1,0,0,0,0,1,0,2,0,0,1,0
160311651940800,2,1,1,200,1,0,0,0,0,1,0,1,0,0,1,0
160311651988300,1,1,1,200,1,0,0,0,0,1,0,2,0,0,1,0
160311667422600,2,1,1,200,1,0,0,0,0,1,0,1,0,0,1,0
160311667531800,1,1,1,200,1,0,0,0,0,1,0,2,0,0,1,0
160311682993100,2,1,1,200,1,0,0,0,0,1,0,1,0,0,1,0
160311683078200,1,1,1,200,1,0,0,0,0,1,0,2,0,0,1,0
160311698291000,2,1,1,200,1,0,0,0,0,1,0,1,0,0,1,0
160311698345300,1,1,1,200,1,0,0,0,0,1,0,2,0,0,1,0
160311713825000,2,1,1,200,1,0,0,0,0,1,0,1,0,0,1,0
160311713874000,1,1,1,200,1,0,0,0,0,1,0,2,0,0,1,0
160311729489000,2,1,1,200,1,0,0,0,0,1,0,1,0,0,1,0
160311729530400,1,1,1,200,1,0,0,0,0,1,0,2,0,0,1,0
160311744843100,2,1,1,200,1,0,0,0,0,1,0,1,0,0,1,0
160311744885900,1,1,1,200,1,0,0,0,0,1,0,2,0,0,1,0
160311760409800,2,1,1,200,1,0,0,0,0,1,0,1,0,0,1,0
160311760446800,1,1,1,200,1,0,0,0,0,1,0,2,0,0,1,0
160311776433200,2,1,1,200,1,0,0,0,0,1,0,1,0,0,1,0
160311776465100,1,1,1,200,1,0,0,0,0,1,0,2,0,0,1,0
160311792492000,2,1,1,200,1,0,0,0,0,1,0,1,0,0,1,0
160311792565300,1,1,1,200,1,0,0,0,0,1,0,2,0,0,1,0
160311807967100,2,1,1,200,1,0,0,0,0,1,0,1,0,0,1,0
160311808017000,1,1,1,200,1,0,0,0,0,1,0,2,0,0,1,0
160311823449100,2,1,1,200,1,0,0,0,0,1,0,1,0,0,1,0
160311823478100,1,1,1,200,1,0,0,0,0,1,0,2,0,0,1,0
160311838840400,2,1,1,200,1,0,0,0,0,1,0,1,0,0,1,0
160311838878800,1,1,1,200,1,0,0,0,0,1,0,2,0,0,1,0
160311854348500,2,1,1,200,1,0,0,0,0,1,0,1,0,0,1,0
160311854421400,1,1,1,200,1,0,0,0,0,1,0,2,0,0,1,0
160311869908500,2,1,1,200,1,0,0,0,0,1,0,1,0,0,1,0
160311869957700,1,1,1,200,1,0,0,0,0,1,0,2,0,0,1,0
160311886008300,2,1,1,200,1,0,0,0,0,1,0,1,0,0,1,0
160311886042300,1,1,1,200,1,0,0,0,0,1,0,2,0,0,1,0
160311901498300,2,1,1,200,1,0,0,0,0,1,0,1,0,0,1,0
160311901570300,1,1,1,200,1,0,0,0,0,1,0,2,0,0,1,0
160311917235900,2,1,1,200,1,0,0,0,0,1,0,1,0,0,1,0
160311917270100,1,1,1,200,1,0,0,0,0,1,0,2,0,0,1,0
160311932802400,2,1,1,200,1,0,0,0,0,1,0,1,0,0,1,0
160311932963200,1,1,1,200,1,0,0,0,0,1,0,2,0,0,1,0
160311948370500,2,1,1,200,1,0,0,0,0,1,0,1,0,0,1,0
160311948407900,1,1,1,200,1,0,0,0,0,1,0,2,0,0,1,0
160311963711400,2,1,1,200,1,0,0,0,0,1,0,1,0,0,1,0
160311963755600,1,1,1,200,1,0,0,0,0,1,0,2,0,0,1,0
160311979238600,2,1,1,200,1,0,0,0,0,1,0,1,0,0,1,0
160311979270600,1,1,1,200,1,0,0,0,0,1,0,2,0,0,1,0
160311994711300,2,1,1,200,1,0,0,0,0,1,0,1,0,0,1,0
160311994756500,1,1,1,200,1,0,0,0,0,1,0,2,0,0,1,0
160312010239900,2,1,1,200,1,0,0,0,0,1,0,1,0,0,1,0
160312010380000,1,1,1,200,1,0,0,0,0,1,0,2,0,0,1,0
160312025266700,2,1,1,200,1,0,0,0,0,1,0,1,0,0,1,0
160312025306400,1,1,1,200,1,0,0,0,0,1,0,2,0,0,1,0
160312040812800,2,1,1,200,1,0,0,0,0,1,0,1,0,0,1,0
160312040854200,1,1,1,200,1,0,0,0,0,1,0,2,0,0,1,0
160312056338200,2,1,1,200,1,0,0,0,0,1,0,1,0,0,1,0
160312056376900,1,1,1,200,1,0,0,0,0,1,0,2,0,0,1,0
160312071481800,2,1,1,200,1,0,0,0,0,1,0,1,0,0,1,0
160312071539100,1,1,1,200,1,0,0,0,0,1,0,2,0,0,1,0
160312087146400,2,1,1,200,1,0,0,0,0,1,0,1,0,0,1,0
160312087186900,1,1,1,200,1,0,0,0,0,1,0,2,0,0,1,0
160312102439800,2,1,1,200,1,0,0,0,0,1,0,1,0,0,1,0
160312102469000,1,1,1,200,1,0,0,0,0,1,0,2,0,0,1,0
160312118008000,2,1,1,200,1,0,0,0,0,1,0,1,0,0,1,0
160312118038200,1,1,1,200,1,0,0,0,0,1,0,2,0,0,1,0
160312133691700,2,1,1,200,1,0,0,0,0,1,0,1,0,0,1,0
160312133758200,1,1,1,200,1,0,0,0,0,1,0,2,0,0,1,0
160312149030700,2,1,1,200,1,0,0,0,0,1,0,1,0,0,1,0
160312149072700,1,1,1,200,1,0,0,0,0,1,0,2,0,0,1,0
160312165023800,2,1,1,200,1,0,0,0,0,1,0,1,0,0,1,0
160312165055900,1,1,1,200,1,0,0,0,0,1,0,2,0,0,1,0
160312180560600,2,1,1,200,1,0,0,0,0,1,0,1,0,0,1,0
160312180630700,1,1,1,200,1,0,0,0,0,1,0,2,0,0,1,0
160312196652600,2,1,1,200,1,0,0,0,0,1,0,1,0,0,1,0
160312196697000,1,1,1,200,1,0,0,0,0,1,0,2,0,0,1,0
160312212620900,2,1,1,200,1,0,0,0,0,1,0,1,0,0,1,0
160312212666500,1,1,1,200,1,0,0,0,0,1,0,2,0,0,1,0
160312227842300,2,1,1,200,1,0,0,0,0,1,0,1,0,0,1,0
160312227894500,1,1,1,200,1,0,0,0,0,1,0,2,0,0,1,0
160312243550900,2,1,1,200,1,0,0,0,0,1,0,1,0,0,1,0
160312243603300,1,1,1,200,1,0,0,0,0,1,0,2,0,0,1,0
160312258858100,2,1,1,200,1,0,0,0,0,1,0,1,0,0,1,0
160312258899100,1,1,1,200,1,0,0,0,0,1,0,2,0,0,1,0
160312274162200,2,1,1,200,1,0,0,0,0,1,0,1,0,0,1,0
160312274191400,1,1,1,200,1,0,0,0,0,1,0,2,0,0,1,0
160312289392200,2,1,1,200,1,0,0,0,0,1,0,1,0,0,1,0
160312289438400,1,1,1,200,1,0,0,0,0,1,0,2,0,0,1,0
160312304880000,2,1,1,200,1,0,0,0,0,1,0,1,0,0,1,0
160312304922900,1,1,1,200,1,0,0,0,0,1,0,2,0,0,1,0
160312320104700,2,1,1,200,1,0,0,0,0,1,0,1,0,0,1,0
160312320152000,1,1,1,200,1,0,0,0,0,1,0,2,0,0,1,0
160312335611900,2,1,1,200,1,0,0,0,0,1,0,1,0,0,1,0
160312335669400,1,1,1,200,1,0,0,0,0,1,0,2,0,0,1,0
160312351686000,2,1,1,200,1,0,0,0,0,1,0,1,0,0,1,0
160312351721300,1,1,1,200,1,0,0,0,0,1,0,2,0,0,1,0
160312366895800,2,1,1,200,1,0,0,0,0,1,0,1,0,0,1,0
160312366931300,1,1,1,200,1,0,0,0,0,1,0,2,0,0,1,0
160312382886100,2,1,1,200,1,0,0,0,0,1,0,1,0,0,1,0
160312382933100,1,1,1,200,1,0,0,0,0,1,0,2,0,0,1,0
160312398381100,2,1,1,200,1,0,0,0,0,1,0,1,0,0,1,0
160312398416900,1,1,1,200,1,0,0,0,0,1,0,2,0,0,1,0
160312413937200,2,1,1,200,1,0,0,0,0,1,0,1,0,0,1,0
160312413982800,1,1,1,200,1,0,0,0,0,1,0,2,0,0,1,0
160312429442200,2,1,1,200,1,0,0,0,0,1,0,1,0,0,1,0
160312429477800,1,1,1,200,1,0,0,0,0,1,0,2,0,0,1,0
160312444956200,2,1,1,200,1,0,0,0,0,1,0,1,0,0,1,0
160312445014100,1,1,1,200,1,0,0,0,0,1,0,2,0,0,1,0
160312460360700,2,1,1,200,1,0,0,0,0,1,0,1,0,0,1,0
160312460410300,1,1,1,200,1,0,0,0,0,1,0,2,0,0,1,0
160312476152600,2,1,1,200,1,0,0,0,0,1,0,1,0,0,1,0
160312476221000,1,1,1,200,1,0,0,0,0,1,0,2,0,0,1,0
160312491775800,2,1,1,200,1,0,0,0,0,1,0,1,0,0,1,0
160312491813100,1,1,1,200,1,0,0,0,0,1,0,2,0,0,1,0
160312507398400,2,1,1,200,1,0,0,0,0,1,0,1,0,0,1,0
160312507438600,1,1,1,200,1,0,0,0,0,1,0,2,0,0,1,0
160312522976900,2,1,1,200,1,0,0,0,0,1,0,1,0,0,1,0
160312523035300,1,1,1,200,1,0,0,0,0,1,0,2,0,0,1,0
160312538487800,2,1,1,200,1,0,0,0,0,1,0,1,0,0,1,0
160312538606700,1,1,1,200,1,0,0,0,0,1,0,2,0,0,1,0
160312553920200,2,1,1,200,1,0,0,0,0,1,0,1,0,0,1,0
160312553973800,1,1,1,200,1,0,0,0,0,1,0,2,0,0,1,0
160312569477500,2,1,1,200,1,0,0,0,0,1,0,1,0,0,1,0
160312569505800,1,1,1,200,1,0,0,0,0,1,0,2,0,0,1,0
160312585041600,2,1,1,200,1,0,0,0,0,1,0,1,0,0,1,0
160312585122800,1,1,1,200,1,0,0,0,0,1,0,2,0,0,1,0
160312600439000,2,1,1,200,1,0,0,0,0,1,0,1,0,0,1,0
160312600475900,1,1,1,200,1,0,0,0,0,1,0,2,0,0,1,0
160312616037800,2,1,1,200,1,0,0,0,0,1,0,1,0,0,1,0
160312616064900,1,1,1,200,1,0,0,0,0,1,0,2,0,0,1,0
160312631515600,2,1,1,200,1,0,0,0,0,1,0,1,0,0,1,0
160312631552800,1,1,1,200,1,0,0,0,0,1,0,2,0,0,1,0
160312647086900,2,1,1,200,1,0,0,0,0,1,0,1,0,0,1,0
160312647217300,1,1,1,200,1,0,0,0,0,1,0,2,0,0,1,0
160312663003000,2,1,1,200,1,0,0,0,0,1,0,1,0,0,1,0
160312663080400,1,1,1,200,1,0,0,0,0,1,0,2,0,0,1,0
160312678369000,2,1,1,200,1,0,0,0,0,1,0,1,0,0,1,0
160312678397100,1,1,1,200,1,0,0,0,0,1,0,2,0,0,1,0
160312693961800,2,1,1,200,1,0,0,0,0,1,0,1,0,0,1,0
160312694098000,1,1,1,200,1,0,0,0,0,1,0,2,0,0,1,0
160312709358400,2,1,1,200,1,0,0,0,0,1,0,1,0,0,1,0
160312709384900,1,1,1,200,1,0,0,0,0,1,0,2,0,0,1,0
160312724624200,2,1,1,200,1,0,0,0,0,1,0,1,0,0,1,0
160312724654000,1,1,1,200,1,0,0,0,0,1,0,2,0,0,1,0
160312739966400,2,1,1,200,1,0,0,0,0,1,0,1,0,0,1,0
160312740024500,1,1,1,200,1,0,0,0,0,1,0,2,0,0,1,0
160312756024600,2,1,1,200,1,0,0,0,0,1,0,1,0,0,1,0
160312756062900,1,1,1,200,1,0,0,0,0,1,0,2,0,0,1,0
160312771131000,2,1,1,200,1,0,0,0,0,1,0,1,0,0,1,0
160312771182200,1,1,1,200,1,0,0,0,0,1,0,2,0,0,1,0
160312786804400,2,1,1,200,1,0,0,0,0,1,0,1,0,0,1,0
160312786844300,1,1,1,200,1,0,0,0,0,1,0,2,0,0,1,0
160312802815800,2,1,1,200,1,0,0,0,0,1,0,1,0,0,1,0
160312802853100,1,1,1,200,1,0,0,0,0,1,0,2,0,0,1,0
160312818184900,2,1,1,200,1,0,0,0,0,1,0,1,0,0,1,0
160312818317200,1,1,1,200,1,0,0,0,0,1,0,2,0,0,1,0
160312833817400,2,1,1,200,1,0,0,0,0,1,0,1,0,0,1,0
160312833870700,1,1,1,200,1,0,0,0,0,1,0,2,0,0,1,0
160312849425200,2,1,1,200,1,0,0,0,0,1,0,1,0,0,1,0
160312849461100,1,1,1,200,1,0,0,0,0,1,0,2,0,0,1,0
160312865454600,2,1,1,200,1,0,0,0,0,1,0,1,0,0,1,0
160312865577100,1,1,1,200,1,0,0,0,0,1,0,2,0,0,1,0
160312880717400,2,1,1,200,1,0,0,0,0,1,0,1,0,0,1,0
160312880790800,1,1,1,200,1,0,0,0,0,1,0,2,0,0,1,0
160312896273300,2,1,1,200,1,0,0,0,0,1,0,1,0,0,1,0
160312896306600,1,1,1,200,1,0,0,0,0,1,0,2,0,0,1,0
160312911770700,2,1,1,200,1,0,0,0,0,1,0,1,0,0,1,0
160312911807300,1,1,1,200,1,0,0,0,0,1,0,2,0,0,1,0
160312927011500,2,1,1,200,1,0,0,0,0,1,0,1,0,0,1,0
160312927051100,1,1,1,200,1,0,0,0,0,1,0,2,0,0,1,0
160312942801900,2,1,1,200,1,0,0,0,0,1,0,1,0,0,1,0
160312942828300,1,1,1,200,1,0,0,0,0,1,0,2,0,0,1,0
160312958007300,2,1,1,200,1,0,0,0,0,1,0,1,0,0,1,0
160312958110200,1,1,1,200,1,0,0,0,0,1,0,2,0,0,1,0
160312973123200,2,1,1,200,1,0,0,0,0,1,0,1,0,0,1,0
160312973153000,1,1,1,200,1,0,0,0,0,1,0,2,0,0,1,0
160312988673200,2,1,1,200,1,0,0,0,0,1,0,1,0,0,1,0
160312988752300,1,1,1,200,1,0,0,0,0,1,0,2,0,0,1,0
160313004312200,2,1,1,200,1,0,0,0,0,1,0,1,0,0,1,0
160313004339700,1,1,1,200,1,0,0,0,0,1,0,2,0,0,1,0
160313019613700,2,1,1,200,1,0,0,0,0,1,0,1,0,0,1,0
160313019746700,1,1,1,200,1,0,0,0,0,1,0,2,0,0,1,0
160313035138500,2,1,1,200,1,0,0,0,0,1,0,1,0,0,1,0
160313035175300,1,1,1,200,1,0,0,0,0,1,0,2,0,0,1,0
160313050759200,2,1,1,200,1,0,0,0,0,1,0,1,0,0,1,0
160313050798000,1,1,1,200,1,0,0,0,0,1,0,2,0,0,1,0
160313066272300,2,1,1,200,1,0,0,0,0,1,0,1,0,0,1,0
160313066299900,1,1,1,200,1,0,0,0,0,1,0,2,0,0,1,0
160313081785400,2,1,1,200,1,0,0,0,0,1,0,1,0,0,1,0
160313081883400,1,1,1,200,1,0,0,0,0,1,0,2,0,0,1,0
160313097881000,2,1,1,200,1,0,0,0,0,1,0,1,0,0,1,0
160313097911600,1,1,1,200,1,0,0,0,0,1,0,2,0,0,1,0
160313113951900,2,1,1,200,1,0,0,0,0,1,0,1,0,0,1,0
160313113996400,1,1,1,200,1,0,0,0,0,1,0,2,0,0,1,0
160313129196200,2,1,1,200,1,0,0,0,0,1,0,1,0,0,1,0
160313129289700,1,1,1,200,1,0,0,0,0,1,0,2,0,0,1,0
160313144811200,2,1,1,200,1,0,0,0,0,1,0,1,0,0,1,0
160313144851400,1,1,1,200,1,0,0,0,0,1,0,2,0,0,1,0
160313160470000,2,1,1,200,1,0,0,0,0,1,0,1,0,0,1,0
160313160515300,1,1,1,200,1,0,0,0,0,1,0,2,0,0,1,0
160313176623800,2,1,1,200,1,0,0,0,0,1,0,1,0,0,1,0
160313176662500,1,1,1,200,1,0,0,0,0,1,0,2,0,0,1,0
160313191914400,2,1,1,200,1,0,0,0,0,1,0,1,0,0,1,0
160313191960900,1,1,1,200,1,0,0,0,0,1,0,2,0,0,1,0
160313207422600,2,1,1,200,1,0,0,0,0,1,0,1,0,0,1,0
160313207451500,1,1,1,200,1,0,0,0,0,1,0,2,0,0,1,0
160313223043200,2,1,1,200,1,0,0,0,0,1,0,1,0,0,1,0
160313223087600,1,1,1,200,1,0,0,0,0,1,0,2,0,0,1,0
160313238612500,2,1,1,200,1,0,0,0,0,1,0,1,0,0,1,0
160313238663100,1,1,1,200,1,0,0,0,0,1,0,2,0,0,1,0
160313254096300,2,1,1,200,1,0,0,0,0,1,0,1,0,0,1,0
160313254127800,1,1,1,200,1,0,0,0,0,1,0,2,0,0,1,0
160313269777900,2,1,1,200,1,0,0,0,0,1,0,1,0,0,1,0
160313269820100,1,1,1,200,1,0,0,0,0,1,0,2,0,0,1,0
160313285285400,2,1,1,200,1,0,0,0,0,1,0,1,0,0,1,0
160313285322800,1,1,1,200,1,0,0,0,0,1,0,2,0,0,1,0
160313300886500,2,1,1,200,1,0,0,0,0,1,0,1,0,0,1,0
160313300926000,1,1,1,200,1,0,0,0,0,1,0,2,0,0,1,0
160313316584600,2,1,1,200,1,0,0,0,0,1,0,1,0,0,1,0
160313316620000,1,1,1,200,1,0,0,0,0,1,0,2,0,0,1,0
160313331832500,2,1,1,200,1,0,0,0,0,1,0,1,0,0,1,0
160313331865900,1,1,1,200,1,0,0,0,0,1,0,2,0,0,1,0
160313347407100,2,1,1,200,1,0,0,0,0,1,0,1,0,0,1,0
160313347450400,1,1,1,200,1,0,0,0,0,1,0,2,0,0,1,0
160313363111900,2,1,1,200,1,0,0,0,0,1,0,1,0,0,1,0
160313363154500,1,1,1,200,1,0,0,0,0,1,0,2,0,0,1,0
160313378627700,2,1,1,200,1,0,0,0,0,1,0,1,0,0,1,0
160313378667100,1,1,1,200,1,0,0,0,0,1,0,2,0,0,1,0
160313394213700,2,1,1,200,1,0,0,0,0,1,0,1,0,0,1,0
160313394253400,1,1,1,200,1,0,0,0,0,1,0,2,0,0,1,0
160313409899900,2,1,1,200,1,0,0,0,0,1,0,1,0,0,1,0
160313409946600,1,1,1,200,1,0,0,0,0,1,0,2,0,0,1,0
160313425175800,2,1,1,200,1,0,0,0,0,1,0,1,0,0,1,0
160313425219700,1,1,1,200,1,0,0,0,0,1,0,2,0,0,1,0
160313440697600,2,1,1,200,1,0,0,0,0,1,0,1,0,0,1,0
160313440794700,1,1,1,200,1,0,0,0,0,1,0,2,0,0,1,0
160313456266800,2,1,1,200,1,0,0,0,0,1,0,1,0,0,1,0
160313456315100,1,1,1,200,1,0,0,0,0,1,0,2,0,0,1,0
160313472528500,2,1,1,200,1,0,0,0,0,1,0,1,0,0,1,0
160313472564800,1,1,1,200,1,0,0,0,0,1,0,2,0,0,1,0
160313487996100,2,1,1,200,1,0,0,0,0,1,0,1,0,0,1,0
160313488035800,1,1,1,200,1,0,0,0,0,1,0,2,0,0,1,0
160313503584400,2,1,1,200,1,0,0,0,0,1,0,1,0,0,1,0
160313503619900,1,1,1,200,1,0,0,0,0,1,0,2,0,0,1,0
160313518991600,2,1,1,200,1,0,0,0,0,1,0,1,0,0,1,0
160313519017100,1,1,1,200,1,0,0,0,0,1,0,2,0,0,1,0
160313534516300,2,1,1,200,1,0,0,0,0,1,0,1,0,0,1,0
160313534541100,1,1,1,200,1,0,0,0,0,1,0,2,0,0,1,0
160313549811900,2,1,1,200,1,0,0,0,0,1,0,1,0,0,1,0
160313549849700,1,1,1,200,1,0,0,0,0,1,0,2,0,0,1,0
160313565269100,2,1,1,200,1,0,0,0,0,1,0,1,0,0,1,0
160313565296500,1,1,1,200,1,0,0,0,0,1,0,2,0,0,1,0
160313580770400,2,1,1,200,1,0,0,0,0,1,0,1,0,0,1,0
160313580821900,1,1,1,200,1,0,0,0,0,1,0,2,0,0,1,0
160313596359200,2,1,1,200,1,0,0,0,0,1,0,1,0,0,1,0
160313596401000,1,1,1,200,1,0,0,0,0,1,0,2,0,0,1,0
160313612590300,2,1,1,200,1,0,0,0,0,1,0,1,0,0,1,0
160313612627300,1,1,1,200,1,0,0,0,0,1,0,2,0,0,1,0
160313628067200,2,1,1,200,1,0,0,0,0,1,0,1,0,0,1,0
160313628164000,1,1,1,200,1,0,0,0,0,1,0,2,0,0,1,0
160313643686000,2,1,1,200,1,0,0,0,0,1,0,1,0,0,1,0
160313643714900,1,1,1,200,1,0,0,0,0,1,0,2,0,0,1,0
160313659064000,2,1,1,200,1,0,0,0,0,1,0,1,0,0,1,0
160313659089800,1,1,1,200,1,0,0,0,0,1,0,2,0,0,1,0
160313674478000,2,1,1,200,1,0,0,0,0,1,0,1,0,0,1,0
160313674505000,1,1,1,200,1,0,0,0,0,1,0,2,0,0,1,0
160313690569800,2,1,1,200,1,0,0,0,0,1,0,1,0,0,1,0
160313690692200,1,1,1,200,1,0,0,0,0,1,0,2,0,0,1,0
160313706787900,2,1,1,200,1,0,0,0,0,1,0,1,0,0,1,0
160313706824100,1,1,1,200,1,0,0,0,0,1,0,2,0,0,1,0
160313722758700,2,1,1,200,1,0,0,0,0,1,0,1,0,0,1,0
160313722785700,1,1,1,200,1,0,0,0,0,1,0,2,0,0,1,0
160313738251900,2,1,1,200,1,0,0,0,0,1,0,1,0,0,1,0
160313738403500,1,1,1,200,1,0,0,0,0,1,0,2,0,0,1,0
160313753796700,2,1,1,200,1,0,0,0,0,1,0,1,0,0,1,0
160313753889700,1,1,1,200,1,0,0,0,0,1,0,2,0,0,1,0
160313769362100,2,1,1,200,1,0,0,0,0,1,0,1,0,0,1,0
160313769394400,1,1,1,200,1,0,0,0,0,1,0,2,0,0,1,0
160313784936400,2,1,1,200,1,0,0,0,0,1,0,1,0,0,1,0
160313784964300,1,1,1,200,1,0,0,0,0,1,0,2,0,0,1,0
160313800556000,2,1,1,200,1,0,0,0,0,1,0,1,0,0,1,0
160313800588600,1,1,1,200,1,0,0,0,0,1,0,2,0,0,1,0
160313816328100,2,1,1,200,1,0,0,0,0,1,0,1,0,0,1,0
160313816354500,1,1,1,200,1,0,0,0,0,1,0,2,0,0,1,0
160313832434800,2,1,1,200,1,0,0,0,0,1,0,1,0,0,1,0
160313832462700,1,1,1,200,1,0,0,0,0,1,0,2,0,0,1,0
160313848077500,2,1,1,200,1,0,0,0,0,1,0,1,0,0,1,0
160313848105800,1,1,1,200,1,0,0,0,0,1,0,2,0,0,1,0
160313863702500,2,1,1,200,1,0,0,0,0,1,0,1,0,0,1,0
160313863745300,1,1,1,200,1,0,0,0,0,1,0,2,0,0,1,0
160313879726800,2,1,1,200,1,0,0,0,0,1,0,1,0,0,1,0
160313879766100,1,1,1,200,1,0,0,0,0,1,0,2,0,0,1,0
160313895068100,2,1,1,200,1,0,0,0,0,1,0,1,0,0,1,0
160313895105800,1,1,1,200,1,0,0,0,0,1,0,2,0,0,1,0
160313910620500,2,1,1,200,1,0,0,0,0,1,0,1,0,0,1,0
160313910669500,1,1,1,200,1,0,0,0,0,1,0,2,0,0,1,0
160313926709900,2,1,1,200,1,0,0,0,0,1,0,1,0,0,1,0
160313926762800,1,1,1,200,1,0,0,0,0,1,0,2,0,0,1,0
160313942751900,2,1,1,200,1,0,0,0,0,1,0,1,0,0,1,0
160313942794700,1,1,1,200,1,0,0,0,0,1,0,2,0,0,1,0
160313957997200,2,1,1,200,1,0,0,0,0,1,0,1,0,0,1,0
160313958041300,1,1,1,200,1,0,0,0,0,1,0,2,0,0,1,0
160313973444800,2,1,1,200,1,0,0,0,0,1,0,1,0,0,1,0
160313973481800,1,1,1,200,1,0,0,0,0,1,0,2,0,0,1,0
160313989020800,2,1,1,200,1,0,0,0,0,1,0,1,0,0,1,0
160313989059100,1,1,1,200,1,0,0,0,0,1,0,2,0,0,1,0
160314004638600,2,1,1,200,1,0,0,0,0,1,0,1,0,0,1,0
160314004677500,1,1,1,200,1,0,0,0,0,1,0,2,0,0,1,0
160314020281500,2,1,1,200,1,0,0,0,0,1,0,1,0,0,1,0
160314020335500,1,1,1,200,1,0,0,0,0,1,0,2,0,0,1,0
160314036519500,2,1,1,200,1,0,0,0,0,1,0,1,0,0,1,0
160314036562100,1,1,1,200,1,0,0,0,0,1,0,2,0,0,1,0
160314051992800,2,1,1,200,1,0,0,0,0,1,0,1,0,0,1,0
160314052054800,1,1,1,200,1,0,0,0,0,1,0,2,0,0,1,0
160314067494400,2,1,1,200,1,0,0,0,0,1,0,1,0,0,1,0
160314067531600,1,1,1,200,1,0,0,0,0,1,0,2,0,0,1,0
160314083035400,2,1,1,200,1,0,0,0,0,1,0,1,0,0,1,0
160314083074800,1,1,1,200,1,0,0,0,0,1,0,2,0,0,1,0
160314098503600,2,1,1,200,1,0,0,0,0,1,0,1,0,0,1,0
160314098607000,1,1,1,200,1,0,0,0,0,1,0,2,0,0,1,0
160314114128100,2,1,1,200,1,0,0,0,0,1,0,1,0,0,1,0
160314114169900,1,1,1,200,1,0,0,0,0,1,0,2,0,0,1,0
160314129317200,2,1,1,200,1,0,0,0,0,1,0,1,0,0,1,0
160314129357100,1,1,1,200,1,0,0,0,0,1,0,2,0,0,1,0
160314144878000,2,1,1,200,1,0,0,0,0,1,0,1,0,0,1,0
160314144923500,1,1,1,200,1,0,0,0,0,1,0,2,0,0,1,0
160314160490400,2,1,1,200,1,0,0,0,0,1,0,1,0,0,1,0
160314160537400,1,1,1,200,1,0,0,0,0,1,0,2,0,0,1,0
160314176548700,2,1,1,200,1,0,0,0,0,1,0,1,0,0,1,0
160314176593700,1,1,1,200,1,0,0,0,0,1,0,2,0,0,1,0
160314192589100,2,1,1,200,1,0,0,0,0,1,0,1,0,0,1,0
160314192634700,1,1,1,200,1,0,0,0,0,1,0,2,0,0,1,0
160314208074500,2,1,1,200,1,0,0,0,0,1,0,1,0,0,1,0
160314208115800,1,1,1,200,1,0,0,0,0,1,0,2,0,0,1,0
160314223357400,2,1,1,200,1,0,0,0,0,1,0,1,0,0,1,0
160314223440000,1,1,1,200,1,0,0,0,0,1,0,2,0,0,1,0
160314238554800,2,1,1,200,1,0,0,0,0,1,0,1,0,0,1,0
160314238590500,1,1,1,200,1,0,0,0,0,1,0,2,0,0,1,0
160314254226100,2,1,1,200,1,0,0,0,0,1,0,1,0,0,1,0
160314254260500,1,1,1,200,1,0,0,0,0,1,0,2,0,0,1,0
160314269709000,2,1,1,200,1,0,0,0,0,1,0,1,0,0,1,0
160314269734500,1,1,1,200,1,0,0,0,0,1,0,2,0,0,1,0
160314285224700,2,1,1,200,1,0,0,0,0,1,0,1,0,0,1,0
160314285360000,1,1,1,200,1,0,0,0,0,1,0,2,0,0,1,0
160314300846300,2,1,1,200,1,0,0,0,0,1,0,1,0,0,1,0
160314300900300,1,1,1,200,1,0,0,0,0,1,0,2,0,0,1,0
160314316474000,2,1,1,200,1,0,0,0,0,1,0,1,0,0,1,0
160314316517900,1,1,1,200,1,0,0,0,0,1,0,2,0,0,1,0
160314331619600,2,1,1,200,1,0,0,0,0,1,0,1,0,0,1,0
160314331659500,1,1,1,200,1,0,0,0,0,1,0,2,0,0,1,0
160314347085200,2,1,1,200,1,0,0,0,0,1,0,1,0,0,1,0
160314347127800,1,1,1,200,1,0,0,0,0,1,0,2,0,0,1,0
160314363055500,2,1,1,200,1,0,0,0,0,1,0,1,0,0,1,0
160314363085900,1,1,1,200,1,0,0,0,0,1,0,2,0,0,1,0
160314378549400,2,1,1,200,1,0,0,0,0,1,0,1,0,0,1,0
160314378594700,1,1,1,200,1,0,0,0,0,1,0,2,0,0,1,0
160314393714500,2,1,1,200,1,0,0,0,0,1,0,1,0,0,1,0
160314393750200,1,1,1,200,1,0,0,0,0,1,0,2,0,0,1,0
160314409711900,2,1,1,200,1,0,0,0,0,1,0,1,0,0,1,0
160314409840200,1,1,1,200,1,0,0,0,0,1,0,2,0,0,1,0
160314425283700,2,1,1,200,1,0,0,0,0,1,0,1,0,0,1,0
160314425320800,1,1,1,200,1,0,0,0,0,1,0,2,0,0,1,0
160314440558700,2,1,1,200,1,0,0,0,0,1,0,1,0,0,1,0
160314440597600,1,1,1,200,1,0,0,0,0,1,0,2,0,0,1,0
160314456551300,2,1,1,200,1,0,0,0,0,1,0,1,0,0,1,0
160314456586900,1,1,1,200,1,0,0,0,0,1,0,2,0,0,1,0
160314471664700,2,1,1,200,1,0,0,0,0,1,0,1,0,0,1,0
160314471725900,1,1,1,200,1,0,0,0,0,1,0,2,0,0,1,0
160314487283900,2,1,1,200,1,0,0,0,0,1,0,1,0,0,1,0
160314487318500,1,1,1,200,1,0,0,0,0,1,0,2,0,0,1,0
160314502894900,2,1,1,200,1,0,0,0,0,1,0,1,0,0,1,0
160314502934700,1,1,1,200,1,0,0,0,0,1,0,2,0,0,1,0
160314518060500,2,1,1,200,1,0,0,0,0,1,0,1,0,0,1,0
160314518086700,1,1,1,200,1,0,0,0,0,1,0,2,0,0,1,0
160314533637200,2,1,1,200,1,0,0,0,0,1,0,1,0,0,1,0
160314533690500,1,1,1,200,1,0,0,0,0,1,0,2,0,0,1,0
160314549251700,2,1,1,200,1,0,0,0,0,1,0,1,0,0,1,0
160314549293200,1,1,1,200,1,0,0,0,0,1,0,2,0,0,1,0
160314564784100,2,1,1,200,1,0,0,0,0,1,0,1,0,0,1,0
160314564891400,1,1,1,200,1,0,0,0,0,1,0,2,0,0,1,0
