sampleNs,origin,connected,valid,result,m00,m01,m02,x,m10,m11,m12,y,m20,m21,m22,z
160237974764800,2,1,1,200,1,0,0,0,0,1,0,1,0,0,1,0
160237974946100,1,1,1,200,1,0,0,0,0,1,0,2,0,0,1,0
160237991740200,2,1,1,200,1,0,0,0,0,1,0,1,0,0,1,0
160237991778300,1,1,1,200,1,0,0,0,0,1,0,2,0,0,1,0
160238007308800,2,1,1,200,1,0,0,0,0,1,0,1,0,0,1,0
160238007401200,1,1,1,200,1,0,0,0,0,1,0,2,0,0,1,0
160238022755000,2,1,1,200,1,0,0,0,0,1,0,1,0,0,1,0
160238022786800,1,1,1,200,1,0,0,0,0,1,0,2,0,0,1,0
160238038348900,2,1,1,200,1,0,0,0,0,1,0,1,0,0,1,0
160238038388900,1,1,1,200,1,0,0,0,0,1,0,2,0,0,1,0
160238053870500,2,1,1,200,1,0,0,0,0,1,0,1,0,0,1,0
160238053915700,1,1,1,200,1,0,0,0,0,1,0,2,0,0,1,0
160238070030300,2,1,1,200,1,0,0,0,0,1,0,1,0,0,1,0
160238070063300,1,1,1,200,1,0,0,0,0,1,0,2,0,0,1,0
160238085564200,2,1,1,200,1,0,0,0,0,1,0,1,0,0,1,0
160238085625000,1,1,1,200,1,0,0,0,0,1,0,2,0,0,1,0
160238100609700,2,1,1,200,1,0,0,0,0,1,0,1,0,0,1,0
160238100707400,1,1,1,200,1,0,0,0,0,1,0,2,0,0,1,0
160238116515000,2,1,1,200,1,0,0,0,0,1,0,1,0,0,1,0
160238116625300,1,1,1,200,1,0,0,0,0,1,0,2,0,0,1,0
160238132637700,2,1,1,200,1,0,0,0,0,1,0,1,0,0,1,0
160238132675700,1,1,1,200,1,0,0,0,0,1,0,2,0,0,1,0
160238148069500,2,1,1,200,1,0,0,0,0,1,0,1,0,0,1,0
160238148191300,1,1,1,200,1,0,0,0,0,1,0,2,0,0,1,0
160238163775900,2,1,1,200,1,0,0,0,0,1,0,1,0,0,1,0
160238163819600,1,1,1,200,1,0,0,0,0,1,0,2,0,0,1,0
160238179191900,2,1,1,200,1,0,0,0,0,1,0,1,0,0,1,0
160238179226100,1,1,1,200,1,0,0,0,0,1,0,2,0,0,1,0
160238194461400,2,1,1,200,1,0,0,0,0,1,0,1,0,0,1,0
160238194503800,1,1,1,200,1,0,0,0,0,1,0,2,0,0,1,0
160238209803900,2,1,1,200,1,0,0,0,0,1,0,1,0,0,1,0
160238209865200,1,1,1,200,1,0,0,0,0,1,0,2,0,0,1,0
160238225431000,2,1,1,200,1,0,0,0,0,1,0,1,0,0,1,0
160238225470200,1,1,1,200,1,0,0,0,0,1,0,2,0,0,1,0
160238240599400,2,1,1,200,1,0,0,0,0,1,0,1,0,0,1,0
160238240636900,1,1,1,200,1,0,0,0,0,1,0,2,0,0,1,0
160238256489900,2,1,1,200,1,0,0,0,0,1,0,1,0,0,1,0
160238256578800,1,1,1,200,1,0,0,0,0,1,0,2,0,0,1,0
160238272550800,2,1,1,200,1,0,0,0,0,1,0,1,0,0,1,0
160238272666500,1,1,1,200,1,0,0,0,0,1,0,2,0,0,1,0
160238288149900,2,1,1,200,1,0,0,0,0,1,0,1,0,0,1,0
160238288190400,1,1,1,200,1,0,0,0,0,1,0,2,0,0,1,0
160238303536700,2,1,1,200,1,0,0,0,0,1,0,1,0,0,1,0
160238303571900,1,1,1,200,1,0,0,0,0,1,0,2,0,0,1,0
160238319060600,2,1,1,200,1,0,0,0,0,1,0,1,0,0,1,0
160238319095000,1,1,1,200,1,0,0,0,0,1,0,2,0,0,1,0
160238334113900,2,1,1,200,1,0,0,0,0,1,0,1,0,0,1,0
160238334142700,1,1,1,200,1,0,0,0,0,1,0,2,0,0,1,0
160238349393800,2,1,1,200,1,0,0,0,0,1,0,1,0,0,1,0
160238349551400,1,1,1,200,1,0,0,0,0,1,0,2,0,0,1,0
160238364898600,2,1,1,200,1,0,0,0,0,1,0,1,0,0,1,0
160238364933300,1,1,1,200,1,0,0,0,0,1,0,2,0,0,1,0
160238380304900,2,1,1,200,1,0,0,0,0,1,0,1,0,0,1,0
160238380344600,1,1,1,200,1,0,0,0,0,1,0,2,0,0,1,0
160238395723600,2,1,1,200,1,0,0,0,0,1,0,1,0,0,1,0
160238395824700,1,1,1,200,1,0,0,0,0,1,0,2,0,0,1,0
160238411087600,2,1,1,200,1,0,0,0,0,1,0,1,0,0,1,0
160238411133700,1,1,1,200,1,0,0,0,0,1,0,2,0,0,1,0
160238426353100,2,1,1,200,1,0,0,0,0,1,0,1,0,0,1,0
160238426410900,1,1,1,200,1,0,0,0,0,1,0,2,0,0,1,0
160238441976300,2,1,1,200,1,0,0,0,0,1,0,1,0,0,1,0
160238442012100,1,1,1,200,1,0,0,0,0,1,0,2,0,0,1,0
160238457363500,2,1,1,200,1,0,0,0,0,1,0,1,0,0,1,0
160238457393100,1,1,1,200,1,0,0,0,0,1,0,2,0,0,1,0
160238472912500,2,1,1,200,1,0,0,0,0,1,0,1,0,0,1,0
160238472943900,1,1,1,200,1,0,0,0,0,1,0,2,0,0,1,0
160238488249400,2,1,1,200,1,0,0,0,0,1,0,1,0,0,1,0
160238488412600,1,1,1,200,1,0,0,0,0,1,0,2,0,0,1,0
160238503841000,2,1,1,200,1,0,0,0,0,1,0,1,0,0,1,0
160238503882200,1,1,1,200,1,0,0,0,0,1,0,2,0,0,1,0
160238519213900,2,1,1,200,1,0,0,0,0,1,0,1,0,0,1,0
160238519244000,1,1,1,200,1,0,0,0,0,1,0,2,0,0,1,0
160238534872600,2,1,1,200,1,0,0,0,0,1,0,1,0,0,1,0
160238534919600,1,1,1,200,1,0,0,0,0,1,0,2,0,0,1,0
160238550411200,2,1,1,200,1,0,0,0,0,1,0,1,0,0,1,0
160238550451300,1,1,1,200,1,0,0,0,0,1,0,2,0,0,1,0
160238566275100,2,1,1,200,1,0,0,0,0,1,0,1,0,0,1,0
160238566377500,1,1,1,200,1,0,0,0,0,1,0,2,0,0,1,0
160238582429900,2,1,1,200,1,0,0,0,0,1,0,1,0,0,1,0
160238582457400,1,1,1,200,1,0,0,0,0,1,0,2,0,0,1,0
160238597632100,2,1,1,200,1,0,0,0,0,1,0,1,0,0,1,0
160238597809500,1,1,1,200,1,0,0,0,0,1,0,2,0,0,1,0
160238612982700,2,1,1,200,1,0,0,0,0,1,0,1,0,0,1,0
160238613014400,1,1,1,200,1,0,0,0,0,1,0,2,0,0,1,0
160238629083800,2,1,1,200,1,0,0,0,0,1,0,1,0,0,1,0
160238629123400,1,1,1,200,1,0,0,0,0,1,0,2,0,0,1,0
160238644446800,2,1,1,200,1,0,0,0,0,1,0,1,0,0,1,0
160238644493500,1,1,1,200,1,0,0,0,0,1,0,2,0,0,1,0
160238659966400,2,1,1,200,1,0,0,0,0,1,0,1,0,0,1,0
160238660007100,1,1,1,200,1,0,0,0,0,1,0,2,0,0,1,0
160238675506400,2,1,1,200,1,0,0,0,0,1,0,1,0,0,1,0
160238675549900,1,1,1,200,1,0,0,0,0,1,0,2,0,0,1,0
160238691006700,2,1,1,200,1,0,0,0,0,1,0,1,0,0,1,0
160238691046000,1,1,1,200,1,0,0,0,0,1,0,2,0,0,1,0
160238706605500,2,1,1,200,1,0,0,0,0,1,0,1,0,0,1,0
160238706647300,1,1,1,200,1,0,0,0,0,1,0,2,0,0,1,0
160238721901600,2,1,1,200,1,0,0,0,0,1,0,1,0,0,1,2
160238721939800,1,1,1,200,1,0,0,0,0,1,0,2,0,0,1,2
160238737297800,2,1,1,200,1,0,0,0,0,1,0,1,0,0,1,2
160238737424200,1,1,1,200,1,0,0,0,0,1,0,2,0,0,1,2
160238752915700,2,1,1,200,1,0,0,0,0,1,0,1,0,0,1,2
160238752955800,1,1,1,200,1,0,0,0,0,1,0,2,0,0,1,2
160238768336100,2,1,1,200,1,0,0,0,0,1,0,1,0,0,1,2
160238768476100,1,1,1,200,1,0,0,0,0,1,0,2,0,0,1,2
160238783921700,2,1,1,200,1,0,0,0,0,1,0,1,0,0,1,2
160238783960600,1,1,1,200,1,0,0,0,0,1,0,2,0,0,1,2
160238799245700,2,1,1,200,1,0,0,0,0,1,0,1,0,0,1,2
160238799285000,1,1,1,200,1,0,0,0,0,1,0,2,0,0,1,2
160238814304000,2,1,1,200,1,0,0,0,0,1,0,1,0,0,1,2
160238814390500,1,1,1,200,1,0,0,0,0,1,0,2,0,0,1,2
160238829964100,2,1,1,200,1,0,0,0,0,1,0,1,0,0,1,2
160238830001000,1,1,1,200,1,0,0,0,0,1,0,2,0,0,1,2
160238845571600,2,1,1,200,1,0,0,0,0,1,0,1,0,0,1,2
160238845618400,1,1,1,200,1,0,0,0,0,1,0,2,0,0,1,2
160238861181200,2,1,1,200,1,0,0,0,0,1,0,1,0,0,1,2
160238861225400,1,1,1,200,1,0,0,0,0,1,0,2,0,0,1,2
160238876491500,2,1,1,200,1,0,0,0,0,1,0,1,0,0,1,2
160238876535100,1,1,1,200,1,0,0,0,0,1,0,2,0,0,1,2
160238891785200,2,1,1,200,1,0,0,0,0,1,0,1,0,0,1,2
160238891837400,1,1,1,200,1,0,0,0,0,1,0,2,0,0,1,2
160238907286600,2,1,1,200,1,0,0,0,0,1,0,1,0,0,1,2
160238907465900,1,1,1,200,1,0,0,0,0,1,0,2,0,0,1,2
160238922538400,2,1,1,200,1,0,0,0,0,1,0,1,0,0,1,2
160238922569700,1,1,1,200,1,0,0,0,0,1,0,2,0,0,1,2
160238938031100,2,1,1,200,1,0,0,0,0,1,0,1,0,0,1,2
160238938061600,1,1,1,200,1,0,0,0,0,1,0,2,0,0,1,2
160238953682400,2,1,1,200,1,0,0,0,0,1,0,1,0,0,1,2
160238953727500,1,1,1,200,1,0,0,0,0,1,0,2,0,0,1,2
160238969440000,2,1,1,200,1,0,0,0,0,1,0,1,0,0,1,2
160238969538900,1,1,1,200,1,0,0,0,0,1,0,2,0,0,1,2
160238984968200,2,1,1,200,1,0,0,0,0,1,0,1,0,0,1,2
160238985012400,1,1,1,200,1,0,0,0,0,1,0,2,0,0,1,2
160239000273600,2,1,1,200,1,0,0,0,0,1,0,1,0,0,1,2
160239000362900,1,1,1,200,1,0,0,0,0,1,0,2,0,0,1,2
160239016281700,2,1,1,200,1,0,0,0,0,1,0,1,0,0,1,2
160239016419400,1,1,1,200,1,0,0,0,0,1,0,2,0,0,1,2
160239032367400,2,1,1,200,1,0,0,0,0,1,0,1,0,0,1,2
160239032471700,1,1,1,200,1,0,0,0,0,1,0,2,0,0,1,2
160239047901400,2,1,1,200,1,0,0,0,0,1,0,1,0,0,1,2
160239047928500,1,1,1,200,1,0,0,0,0,1,0,2,0,0,1,2
160239063239300,2,1,1,200,1,0,0,0,0,1,0,1,0,0,1,2
160239063283000,1,1,1,200,1,0,0,0,0,1,0,2,0,0,1,2
160239079077400,2,1,1,200,1,0,0,0,0,1,0,1,0,0,1,2
160239079128800,1,1,1,200,1,0,0,0,0,1,0,2,0,0,1,2
160239094528700,2,1,1,200,1,0,0,0,0,1,0,1,0,0,1,2
160239094578300,1,1,1,200,1,0,0,0,0,1,0,2,0,0,1,2
160239110198500,2,1,1,200,1,0,0,0,0,1,0,1,0,0,1,2
160239110244100,1,1,1,200,1,0,0,0,0,1,0,2,0,0,1,2
160239125268800,2,1,1,200,1,0,0,0,0,1,0,1,0,0,1,2
160239125298900,1,1,1,200,1,0,0,0,0,1,0,2,0,0,1,2
160239140925300,2,1,1,200,1,0,0,0,0,1,0,1,0,0,1,2
160239140967700,1,1,1,200,1,0,0,0,0,1,0,2,0,0,1,2
160239156555400,2,1,1,200,1,0,0,0,0,1,0,1,0,0,1,2
160239156589200,1,1,1,200,1,0,0,0,0,1,0,2,0,0,1,2
160239172584100,2,1,1,200,1,0,0,0,0,1,0,1,0,0,1,2
160239172632400,1,1,1,200,1,0,0,0,0,1,0,2,0,0,1,2
160239187921700,2,1,1,200,1,0,0,0,0,1,0,1,0,0,1,2
160239187992600,1,1,1,200,1,0,0,0,0,1,0,2,0,0,1,2
160239203364800,2,1,1,200,1,0,0,0,0,1,0,1,0,0,1,2
160239203403500,1,1,1,200,1,0,0,0,0,1,0,2,0,0,1,2
160239218927700,2,1,1,200,1,0,0,0,0,1,0,1,0,0,1,2
160239218972000,1,1,1,200,1,0,0,0,0,1,0,2,0,0,1,2
160239234456600,2,1,1,200,1,0,0,0,0,1,0,1,0,0,1,2
160239234611400,1,1,1,200,1,0,0,0,0,1,0,2,0,0,1,2
160239249936100,2,1,1,200,1,0,0,0,0,1,0,1,0,0,1,2
160239249964800,1,1,1,200,1,0,0,0,0,1,0,2,0,0,1,2
160239265484700,2,1,1,200,1,0,0,0,0,1,0,1,0,0,1,2
160239265521600,1,1,1,200,1,0,0,0,0,1,0,2,0,0,1,2
160239281028000,2,1,1,200,1,0,0,0,0,1,0,1,0,0,1,2
160239281053200,1,1,1,200,1,0,0,0,0,1,0,2,0,0,1,2
160239296664400,2,1,1,200,1,0,0,0,0,1,0,1,0,0,1,2
160239296717000,1,1,1,200,1,0,0,0,0,1,0,2,0,0,1,2
160239312484100,2,1,1,200,1,0,0,0,0,1,0,1,0,0,1,2
160239312565700,1,1,1,200,1,0,0,0,0,1,0,2,0,0,1,2
160239328037600,2,1,1,200,1,0,0,0,0,1,0,1,0,0,1,2
160239328084900,1,1,1,200,1,0,0,0,0,1,0,2,0,0,1,2
160239343382800,2,1,1,200,1,0,0,0,0,1,0,1,0,0,1,2
160239343428900,1,1,1,200,1,0,0,0,0,1,0,2,0,0,1,2
160239358803900,2,1,1,200,1,0,0,0,0,1,0,1,0,0,1,2
160239358846000,1,1,1,200,1,0,0,0,0,1,0,2,0,0,1,2
160239374129800,2,1,1,200,1,0,0,0,0,1,0,1,0,0,1,2
160239374158700,1,1,1,200,1,0,0,0,0,1,0,2,0,0,1,2
160239389527600,2,1,1,200,1,0,0,0,0,1,0,1,0,0,1,2
160239389615400,1,1,1,200,1,0,0,0,0,1,0,2,0,0,1,2
160239405533600,2,1,1,200,1,0,0,0,0,1,0,1,0,0,1,2
160239405564900,1,1,1,200,1,0,0,0,0,1,0,2,0,0,1,2
160239421512800,2,1,1,200,1,0,0,0,0,1,0,1,0,0,1,2
160239421557600,1,1,1,200,1,0,0,0,0,1,0,2,0,0,1,2
160239436838200,2,1,1,200,1,0,0,0,0,1,0,1,0,0,1,2
160239436884400,1,1,1,200,1,0,0,0,0,1,0,2,0,0,1,2
160239452776300,2,1,1,200,1,0,0,0,0,1,0,1,0,0,1,2
160239452819800,1,1,1,200,1,0,0,0,0,1,0,2,0,0,1,2
160239468372500,2,1,1,200,1,0,0,0,0,1,0,1,0,0,1,2
160239468412600,1,1,1,200,1,0,0,0,0,1,0,2,0,0,1,2
160239483487500,2,1,1,200,1,0,0,0,0,1,0,1,0,0,1,2
160239483531400,1,1,1,200,1,0,0,0,0,1,0,2,0,0,1,2
160239498775600,2,1,1,200,1,0,0,0,0,1,0,1,0,0,1,2
160239498814700,1,1,1,200,1,0,0,0,0,1,0,2,0,0,1,2
160239514377700,2,1,1,200,1,0,0,0,0,1,0,1,0,0,1,2
160239514422800,1,1,1,200,1,0,0,0,0,1,0,2,0,0,1,2
160239529687800,2,1,1,200,1,0,0,0,0,1,0,1,0,0,1,2
160239529743900,1,1,1,200,1,0,0,0,0,1,0,2,0,0,1,2
160239545111600,2,1,1,200,1,0,0,0,0,1,0,1,0,0,1,2
160239545205200,1,1,1,200,1,0,0,0,0,1,0,2,0,0,1,2
160239560305800,2,1,1,200,1,0,0,0,0,1,0,1,0,0,1,2
160239560467200,1,1,1,200,1,0,0,0,0,1,0,2,0,0,1,2
160239576327400,2,1,1,200,1,0,0,0,0,1,0,1,0,0,1,2
160239576355300,1,1,1,200,1,0,0,0,0,1,0,2,0,0,1,2
160239592013200,2,1,1,200,1,0,0,0,0,1,0,1,0,0,1,2
160239592053400,1,1,1,200,1,0,0,0,0,1,0,2,0,0,1,2
160239607422800,2,1,1,200,1,0,0,0,0,1,0,1,0,0,1,2
160239607453600,1,1,1,200,1,0,0,0,0,1,0,2,0,0,1,2
160239622832200,2,1,1,200,1,0,0,0,0,1,0,1,0,0,1,2
160239622869300,1,1,1,200,1,0,0,0,0,1,0,2,0,0,1,2
160239638344800,2,1,1,200,1,0,0,0,0,1,0,1,0,0,1,2
160239638384200,1,1,1,200,1,0,0,0,0,1,0,2,0,0,1,2
160239654311900,2,1,1,200,1,0,0,0,0,1,0,1,0,0,1,2
160239654344900,1,1,1,200,1,0,0,0,0,1,0,2,0,0,1,2
160239669907400,2,1,1,200,1,0,0,0,0,1,0,1,0,0,1,2
160239669938600,1,1,1,200,1,0,0,0,0,1,0,2,0,0,1,2
160239685502000,2,1,1,200,1,0,0,0,0,1,0,1,0,0,1,2
160239685544700,1,1,1,200,1,0,0,0,0,1,0,2,0,0,1,2
160239700786800,2,1,1,200,1,0,0,0,0,1,0,1,0,0,1,2
160239700827000,1,1,1,200,1,0,0,0,0,1,0,2,0,0,1,2
160239716193700,2,1,1,200,1,0,0,0,0,1,0,1,0,0,1,2
160239716228500,1,1,1,200,1,0,0,0,0,1,0,2,0,0,1,2
160239732304400,2,1,1,200,1,0,0,0,0,1,0,1,0,0,1,2
160239732340300,1,1,1,200,1,0,0,0,0,1,0,2,0,0,1,2
160239747848000,2,1,1,200,1,0,0,0,0,1,0,1,0,0,1,2
160239747964500,1,1,1,200,1,0,0,0,0,1,0,2,0,0,1,2
160239763302500,2,1,1,200,1,0,0,0,0,1,0,1,0,0,1,2
160239763380500,1,1,1,200,1,0,0,0,0,1,0,2,0,0,1,2
160239778577200,2,1,1,200,1,0,0,0,0,1,0,1,0,0,1,2
160239778611000,1,1,1,200,1,0,0,0,0,1,0,2,0,0,1,2
160239793967100,2,1,1,200,1,0,0,0,0,1,0,1,0,0,1,2
160239794009800,1,1,1,200,1,0,0,0,0,1,0,2,0,0,1,2
160239809198100,2,1,1,200,1,0,0,0,0,1,0,1,0,0,1,2
160239809228200,1,1,1,200,1,0,0,0,0,1,0,2,0,0,1,2
160239824699800,2,1,1,200,1,0,0,0,0,1,0,1,0,0,1,2
160239824733800,1,1,1,200,1,0,0,0,0,1,0,2,0,0,1,2
160239840126400,2,1,1,200,1,0,0,0,0,1,0,1,0,0,1,2
160239840155200,1,1,1,200,1,0,0,0,0,1,0,2,0,0,1,2
160239855613400,2,1,1,200,1,0,0,0,0,1,0,1,0,0,1,2
160239855716900,1,1,1,200,1,0,0,0,0,1,0,2,0,0,1,2
160239870734200,2,1,1,200,1,0,0,0,0,1,0,1,0,0,1,2
160239870918600,1,1,1,200,1,0,0,0,0,1,0,2,0,0,1,2
160239886332300,2,1,1,200,1,0,0,0,0,1,0,1,0,0,1,2
160239886378300,1,1,1,200,1,0,0,0,0,1,0,2,0,0,1,2
160239901362600,2,1,1,200,1,0,0,0,0,1,0,1,0,0,1,2
160239901393200,1,1,1,200,1,0,0,0,0,1,0,2,0,0,1,2
160239917438200,2,1,1,200,1,0,0,0,0,1,0,1,0,0,1,2
160239917635900,1,1,1,200,1,0,0,0,0,1,0,2,0,0,1,2
160239932808900,2,1,1,200,1,0,0,0,0,1,0,1,0,0,1,2
160239932865400,1,1,1,200,1,0,0,0,0,1,0,2,0,0,1,2
160239948308400,2,1,1,200,1,0,0,0,0,1,0,1,0,0,1,2
160239948338300,1,1,1,200,1,0,0,0,0,1,0,2,0,0,1,2
160239963922000,2,1,1,200,1,0,0,0,0,1,0,1,0,0,1,2
160239963963100,1,1,1,200,1,0,0,0,0,1,0,2,0,0,1,2
160239979143000,2,1,1,200,1,0,0,0,0,1,0,1,0,0,1,2
160239979185500,1,1,1,200,1,0,0,0,0,1,0,2,0,0,1,2
160239994322400,2,1,1,200,1,0,0,0,0,1,0,1,0,0,1,2
160239994353800,1,1,1,200,1,0,0,0,0,1,0,2,0,0,1,2
160240010421100,2,1,1,200,1,0,0,0,0,1,0,1,0,0,1,2
160240010468700,1,1,1,200,1,0,0,0,0,1,0,2,0,0,1,2
160240025644100,2,1,1,200,1,0,0,0,0,1,0,1,0,0,1,2
160240025688900,1,1,1,200,1,0,0,0,0,1,0,2,0,0,1,2
160240041181100,2,1,1,200,1,0,0,0,0,1,0,1,0,0,1,2
160240041245500,1,1,1,200,1,0,0,0,0,1,0,2,0,0,1,2
160240056655800,2,1,1,200,1,0,0,0,0,1,0,1,0,0,1,2
160240056765500,1,1,1,200,1,0,0,0,0,1,0,2,0,0,1,2
160240072644500,2,1,1,200,1,0,0,0,0,1,0,1,0,0,1,2
160240072738500,1,1,1,200,1,0,0,0,0,1,0,2,0,0,1,2
160240088256900,2,1,1,200,1,0,0,0,0,1,0,1,0,0,1,2
160240088339400,1,1,1,200,1,0,0,0,0,1,0,2,0,0,1,2
160240103879400,2,1,1,200,1,0,0,0,0,1,0,1,0,0,1,2
160240103940000,1,1,1,200,1,0,0,0,0,1,0,2,0,0,1,2
160240119235300,2,1,1,200,1,0,0,0,0,1,0,1,0,0,1,2
160240119375400,1,1,1,200,1,0,0,0,0,1,0,2,0,0,1,2
160240134772300,2,1,1,200,1,0,0,0,0,1,0,1,0,0,1,2
160240134836200,1,1,1,200,1,0,0,0,0,1,0,2,0,0,1,2
160240150471000,2,1,1,200,1,0,0,0,0,1,0,1,0,0,1,2
160240150508300,1,1,1,200,1,0,0,0,0,1,0,2,0,0,1,2
160240165592900,2,1,1,200,1,0,0,0,0,1,0,1,0,0,1,2
160240165620900,1,1,1,200,1,0,0,0,0,1,0,2,0,0,1,2
160240181204100,2,1,1,200,1,0,0,0,0,1,0,1,0,0,1,2
160240181254500,1,1,1,200,1,0,0,0,0,1,0,2,0,0,1,2
160240196650700,2,1,1,200,1,0,0,0,0,1,0,1,0,0,1,2
160240196687100,1,1,1,200,1,0,0,0,0,1,0,2,0,0,1,2
160240212641700,2,1,1,200,1,0,0,0,0,1,0,1,0,0,1,2
160240212761600,1,1,1,200,1,0,0,0,0,1,0,2,0,0,1,2
160240227862600,2,1,1,200,1,0,0,0,0,1,0,1,0,0,1,2
160240227906600,1,1,1,200,1,0,0,0,0,1,0,2,0,0,1,2
160240243418600,2,1,1,200,1,0,0,0,0,1,0,1,0,0,1,2
160240243470800,1,1,1,200,1,0,0,0,0,1,0,2,0,0,1,2
160240258848700,2,1,1,200,1,0,0,0,0,1,0,1,0,0,1,2
160240258889800,1,1,1,200,1,0,0,0,0,1,0,2,0,0,1,2
160240274376700,2,1,1,200,1,0,0,0,0,1,0,1,0,0,1,2
160240274478400,1,1,1,200,1,0,0,0,0,1,0,2,0,0,1,2
160240289966300,2,1,1,200,1,0,0,0,0,1,0,1,0,0,1,2
160240290061800,1,1,1,200,1,0,0,0,0,1,0,2,0,0,1,2
160240305323700,2,1,1,200,1,0,0,0,0,1,0,1,0,0,1,2
160240305369700,1,1,1,200,1,0,0,0,0,1,0,2,0,0,1,2
160240321294400,2,1,1,200,1,0,0,0,0,1,0,1,0,0,1,2
160240321331200,1,1,1,200,1,0,0,0,0,1,0,2,0,0,1,2
160240336801600,2,1,1,200,1,0,0,0,0,1,0,1,0,0,1,2
160240336868400,1,1,1,200,1,0,0,0,0,1,0,2,0,0,1,2
160240352536700,2,1,1,200,1,0,0,0,0,1,0,1,0,0,1,2
160240352575700,1,1,1,200,1,0,0,0,0,1,0,2,0,0,1,2
160240368169200,2,1,1,200,1,0,0,0,0,1,0,1,0,0,1,2
160240368203000,1,1,1,200,1,0,0,0,0,1,0,2,0,0,1,2
160240383622500,2,1,1,200,1,0,0,0,0,1,0,1,0,0,1,2
160240383663800,1,1,1,200,1,0,0,0,0,1,0,2,0,0,1,2
160240399308500,2,1,1,200,1,0,0,0,0,1,0,1,0,0,1,2
160240399340900,1,1,1,200,1,0,0,0,0,1,0,2,0,0,1,2
160240414635900,2,1,1,200,1,0,0,0,0,1,0,1,0,0,1,2
160240414694700,1,1,1,200,1,0,0,0,0,1,0,2,0,0,1,2
160240430081100,2,1,1,200,1,0,0,0,0,1,0,1,0,0,1,2
160240430130900,1,1,1,200,1,0,0,0,0,1,0,2,0,0,1,2
160240446094600,2,1,1,200,1,0,0,0,0,1,0,1,0,0,1,2
160240446125900,1,1,1,200,1,0,0,0,0,1,0,2,0,0,1,2
160240461691800,2,1,1,200,1,0,0,0,0,1,0,1,0,0,1,2
160240461732200,1,1,1,200,1,0,0,0,0,1,0,2,0,0,1,2
160240477262300,2,1,1,200,1,0,0,0,0,1,0,1,0,0,1,2
160240477303000,1,1,1,200,1,0,0,0,0,1,0,2,0,0,1,2
160240492570000,2,1,1,200,1,0,0,0,0,1,0,1,0,0,1,2
160240492606800,1,1,1,200,1,0,0,0,0,1,0,2,0,0,1,2
160240507812500,2,1,1,200,1,0,0,0,0,1,0,1,0,0,1,2
160240507923600,1,1,1,200,1,0,0,0,0,1,0,2,0,0,1,2
160240523286100,2,1,1,200,1,0,0,0,0,1,0,1,0,0,1,2
160240523334800,1,1,1,200,1,0,0,0,0,1,0,2,0,0,1,2
160240538944100,2,1,1,200,1,0,0,0,0,1,0,1,0,0,1,2
160240539000000,1,1,1,200,1,0,0,0,0,1,0,2,0,0,1,2
160240554543300,2,1,1,200,1,0,0,0,0,1,0,1,0,0,1,2
160240554584200,1,1,1,200,1,0,0,0,0,1,0,2,0,0,1,2
160240570616600,2,1,1,200,1,0,0,0,0,1,0,1,0,0,1,2
160240570652600,1,1,1,200,1,0,0,0,0,1,0,2,0,0,1,2
160240586256100,2,1,1,200,1,0,0,0,0,1,0,1,0,0,1,2
160240586349700,1,1,1,200,1,0,0,0,0,1,0,2,0,0,1,2
160240601525400,2,1,1,200,1,0,0,0,0,1,0,1,0,0,1,2
160240601564400,1,1,1,200,1,0,0,0,0,1,0,2,0,0,1,2
160240616957400,2,1,1,200,1,0,0,0,0,1,0,1,0,0,1,2
160240616998400,1,1,1,200,1,0,0,0,0,1,0,2,0,0,1,2
160240632365900,2,1,1,200,1,0,0,0,0,1,0,1,0,0,1,2
160240632393900,1,1,1,200,1,0,0,0,0,1,0,2,0,0,1,2
160240647613600,2,1,1,200,1,0,0,0,0,1,0,1,0,0,1,2
160240647641200,1,1,1,200,1,0,0,0,0,1,0,2,0,0,1,2
160240663288300,2,1,1,200,1,0,0,0,0,1,0,1,0,0,1,2
160240663329900,1,1,1,200,1,0,0,0,0,1,0,2,0,0,1,2
160240678921500,2,1,1,200,1,0,0,0,0,1,0,1,0,0,1,2
160240678998200,1,1,1,200,1,0,0,0,0,1,0,2,0,0,1,2
160240694392600,2,1,1,200,1,0,0,0,0,1,0,1,0,0,1,2
160240694458500,1,1,1,200,1,0,0,0,0,1,0,2,0,0,1,2
160240709970500,2,1,1,200,1,0,0,0,0,1,0,1,0,0,1,2
160240710023600,1,1,1,200,1,0,0,0,0,1,0,2,0,0,1,2
160240725452500,2,1,1,200,1,0,0,0,0,1,0,1,0,0,1,2
160240725542700,1,1,1,200,1,0,0,0,0,1,0,2,0,0,1,2
160240740741200,2,1,1,200,1,0,0,0,0,1,0,1,0,0,1,2
160240740782500,1,1,1,200,1,0,0,0,0,1,0,2,0,0,1,2
160240756348400,2,1,1,200,1,0,0,0,0,1,0,1,0,0,1,2
160240756384400,1,1,1,200,1,0,0,0,0,1,0,2,0,0,1,2
160240771551600,2,1,1,200,1,0,0,0,0,1,0,1,0,0,1,2
160240771585700,1,1,1,200,1,0,0,0,0,1,0,2,0,0,1,2
160240786916000,2,1,1,200,1,0,0,0,0,1,0,1,0,0,1,2
160240786955800,1,1,1,200,1,0,0,0,0,1,0,2,0,0,1,2
160240802595500,2,1,1,200,1,0,0,0,0,1,0,1,0,0,1,2
160240802704500,1,1,1,200,1,0,0,0,0,1,0,2,0,0,1,2
160240817831600,2,1,1,200,1,0,0,0,0,1,0,1,0,0,1,2
160240817859200,1,1,1,200,1,0,0,0,0,1,0,2,0,0,1,2
160240833398600,2,1,1,200,1,0,0,0,0,1,0,1,0,0,1,2
160240833423700,1,1,1,200,1,0,0,0,0,1,0,2,0,0,1,2
160240849097300,2,1,1,200,1,0,0,0,0,1,0,1,0,0,1,2
160240849197000,1,1,1,200,1,0,0,0,0,1,0,2,0,0,1,2
160240864200500,2,1,1,200,1,0,0,0,0,1,0,1,0,0,1,2
160240864340000,1,1,1,200,1,0,0,0,0,1,0,2,0,0,1,2
160240880122500,2,1,1,200,1,0,0,0,0,1,0,1,0,0,1,2
160240880149600,1,1,1,200,1,0,0,0,0,1,0,2,0,0,1,2
160240895696400,2,1,1,200,1,0,0,0,0,1,0,1,0,0,1,2
160240895811900,1,1,1,200,1,0,0,0,0,1,0,2,0,0,1,2
160240910996500,2,1,1,200,1,0,0,0,0,1,0,1,0,0,1,2
160240911042800,1,1,1,200,1,0,0,0,0,1,0,2,0,0,1,2
160240926501400,2,1,1,200,1,0,0,0,0,1,0,1,0,0,1,2
160240926545200,1,1,1,200,1,0,0,0,0,1,0,2,0,0,1,2
160240942030100,2,1,1,200,1,0,0,0,0,1,0,1,0,0,1,2
160240942074200,1,1,1,200,1,0,0,0,0,1,0,2,0,0,1,2
160240957457700,2,1,1,200,1,0,0,0,0,1,0,1,0,0,1,2
160240957496600,1,1,1,200,1,0,0,0,0,1,0,2,0,0,1,2
160240972915100,2,1,1,200,1,0,0,0,0,1,0,1,0,0,1,2
160240972960300,1,1,1,200,1,0,0,0,0,1,0,2,0,0,1,2
160240988828400,2,1,1,200,1,0,0,0,0,1,0,1,0,0,1,2
160240988857300,1,1,1,200,1,0,0,0,0,1,0,2,0,0,1,2
160241004259300,2,1,1,200,1,0,0,0,0,1,0,1,0,0,1,2
160241004288300,1,1,1,200,1,0,0,0,0,1,0,2,0,0,1,2
160241020021300,2,1,1,200,1,0,0,0,0,1,0,1,0,0,1,2
160241020063500,1,1,1,200,1,0,0,0,0,1,0,2,0,0,1,2
160241034989800,2,1,1,200,1,0,0,0,0,1,0,1,0,0,1,2
160241035127500,1,1,1,200,1,0,0,0,0,1,0,2,0,0,1,2
160241050758300,2,1,1,200,1,0,0,0,0,1,0,1,0,0,1,2
160241050803100,1,1,1,200,1,0,0,0,0,1,0,2,0,0,1,2
160241066164700,2,1,1,200,1,0,0,0,0,1,0,1,0,0,1,2
160241066189000,1,1,1,200,1,0,0,0,0,1,0,2,0,0,1,2
160241081698300,2,1,1,200,1,0,0,0,0,1,0,1,0,0,1,2
160241081902700,1,1,1,200,1,0,0,0,0,1,0,2,0,0,1,2
160241097085200,2,1,1,200,1,0,0,0,0,1,0,1,0,0,1,2
160241097146200,1,1,1,200,1,0,0,0,0,1,0,2,0,0,1,2
160241112560800,2,1,1,200,1,0,0,0,0,1,0,1,0,0,1,2
160241112600400,1,1,1,200,1,0,0,0,0,1,0,2,0,0,1,2
160241127701700,2,1,1,200,1,0,0,0,0,1,0,1,0,0,1,2
160241127742200,1,1,1,200,1,0,0,0,0,1,0,2,0,0,1,2
160241143893500,2,1,1,200,1,0,0,0,0,1,0,1,0,0,1,2
160241143936900,1,1,1,200,1,0,0,0,0,1,0,2,0,0,1,2
160241158902800,2,1,1,200,1,0,0,0,0,1,0,1,0,0,1,2
160241158985800,1,1,1,200,1,0,0,0,0,1,0,2,0,0,1,2
160241174463300,2,1,1,200,1,0,0,0,0,1,0,1,0,0,1,2
160241174521100,1,1,1,200,1,0,0,0,0,1,0,2,0,0,1,2
160241190109000,2,1,1,200,1,0,0,0,0,1,0,1,0,0,1,2
160241190171700,1,1,1,200,1,0,0,0,0,1,0,2,0,0,1,2
160241205433800,2,1,1,200,1,0,0,0,0,1,0,1,0,0,1,2
160241205463000,1,1,1,200,1,0,0,0,0,1,0,2,0,0,1,2
160241221105000,2,1,1,200,1,0,0,0,0,1,0,1,0,0,1,2
160241221146400,1,1,1,200,1,0,0,0,0,1,0,2,0,0,1,2
160241236349100,2,1,1,200,1,0,0,0,0,1,0,1,0,0,1,2
160241236443100,1,1,1,200,1,0,0,0,0,1,0,2,0,0,1,2
160241251861300,2,1,1,200,1,0,0,0,0,1,0,1,0,0,1,2
160241251894400,1,1,1,200,1,0,0,0,0,1,0,2,0,0,1,2
160241267452300,2,1,1,200,1,0,0,0,0,1,0,1,0,0,1,2
160241267490900,1,1,1,200,1,0,0,0,0,1,0,2,0,0,1,2
160241282608600,2,1,1,200,1,0,0,0,0,1,0,1,0,0,1,2
160241282636000,1,1,1,200,1,0,0,0,0,1,0,2,0,0,1,2
160241297980000,2,1,1,200,1,0,0,0,0,1,0,1,0,0,1,2
160241298059800,1,1,1,200,1,0,0,0,0,1,0,2,0,0,1,2
160241313401700,2,1,1,200,1,0,0,0,0,1,0,1,0,0,1,2
160241313520900,1,1,1,200,1,0,0,0,0,1,0,2,0,0,1,2
160241329053900,2,1,1,200,1,0,0,0,0,1,0,1,0,0,1,2
160241329098100,1,1,1,200,1,0,0,0,0,1,0,2,0,0,1,2
160241344199300,2,1,1,200,1,0,0,0,0,1,0,1,0,0,1,2
160241344273100,1,1,1,200,1,0,0,0,0,1,0,2,0,0,1,2
160241359606300,2,1,1,200,1,0,0,0,0,1,0,1,0,0,1,2
160241359665500,1,1,1,200,1,0,0,0,0,1,0,2,0,0,1,2
160241375577400,2,1,1,200,1,0,0,0,0,1,0,1,0,0,1,2
160241375667300,1,1,1,200,1,0,0,0,0,1,0,2,0,0,1,2
160241391235300,2,1,1,200,1,0,0,0,0,1,0,1,0,0,1,2
160241391271200,1,1,1,200,1,0,0,0,0,1,0,2,0,0,1,2
160241406746000,2,1,1,200,1,0,0,0,0,1,0,1,0,0,1,2
160241406780100,1,1,1,200,1,0,0,0,0,1,0,2,0,0,1,2
160241422494300,2,1,1,200,1,0,0,0,0,1,0,1,0,0,1,2
160241422530400,1,1,1,200,1,0,0,0,0,1,0,2,0,0,1,2
160241438092200,2,1,1,200,1,0,0,0,0,1,0,1,0,0,1,2
160241438135500,1,1,1,200,1,0,0,0,0,1,0,2,0,0,1,2
160241453230700,2,1,1,200,1,0,0,0,0,1,0,1,0,0,1,2
160241453277000,1,1,1,200,1,0,0,0,0,1,0,2,0,0,1,2
160241469024400,2,1,1,200,1,0,0,0,0,1,0,1,0,0,1,2
160241469050100,1,1,1,200,1,0,0,0,0,1,0,2,0,0,1,2
160241484482500,2,1,1,200,1,0,0,0,0,1,0,1,0,0,1,2
160241484521400,1,1,1,200,1,0,0,0,0,1,0,2,0,0,1,2
160241499980700,2,1,1,200,1,0,0,0,0,1,0,1,0,0,1,2
160241500005100,1,1,1,200,1,0,0,0,0,1,0,2,0,0,1,2
160241515389100,2,1,1,200,1,0,0,0,0,1,0,1,0,0,1,2
160241515418800,1,1,1,200,1,0,0,0,0,1,0,2,0,0,1,2
160241530965800,2,1,1,200,1,0,0,0,0,1,0,1,0,0,1,2
160241531097500,1,1,1,200,1,0,0,0,0,1,0,2,0,0,1,2
160241546487800,2,1,1,200,1,0,0,0,0,1,0,1,0,0,1,2
160241546582100,1,1,1,200,1,0,0,0,0,1,0,2,0,0,1,2
160241561740100,2,1,1,200,1,0,0,0,0,1,0,1,0,0,1,2
160241561846400,1,1,1,200,1,0,0,0,0,1,0,2,0,0,1,2
160241577116200,2,1,1,200,1,0,0,0,0,1,0,1,0,0,1,2
160241577155300,1,1,1,200,1,0,0,0,0,1,0,2,0,0,1,2
160241592798500,2,1,1,200,1,0,0,0,0,1,0,1,0,0,1,2
160241592838800,1,1,1,200,1,0,0,0,0,1,0,2,0,0,1,2
160241607821000,2,1,1,200,1,0,0,0,0,1,0,1,0,0,1,2
160241607849800,1,1,1,200,1,0,0,0,0,1,0,2,0,0,1,2
160241623474000,2,1,1,200,1,0,0,0,0,1,0,1,0,0,1,2
160241623541700,1,1,1,200,1,0,0,0,0,1,0,2,0,0,1,2
160241638551000,2,1,1,200,1,0,0,0,0,1,0,1,0,0,1,2
160241638625900,1,1,1,200,1,0,0,0,0,1,0,2,0,0,1,2
160241654594400,2,1,1,200,1,0,0,0,0,1,0,1,0,0,1,2
160241654635200,1,1,1,200,1,0,0,0,0,1,0,2,0,0,1,2
160241670078600,2,1,1,200,1,0,0,0,0,1,0,1,0,0,1,2
160241670119700,1,1,1,200,1,0,0,0,0,1,0,2,0,0,1,2
160241685569300,2,1,1,200,1,0,0,0,0,1,0,1,0,0,1,2
160241685622500,1,1,1,200,1,0,0,0,0,1,0,2,0,0,1,2
160241700886500,2,1,1,200,1,0,0,0,0,1,0,1,0,0,1,2
160241700910200,1,1,1,200,1,0,0,0,0,1,0,2,0,0,1,2
160241716568500,2,1,1,200,1,0,0,0,0,1,0,1,0,0,1,2
160241716685800,1,1,1,200,1,0,0,0,0,1,0,2,0,0,1,2
160241732593900,2,1,1,200,1,0,0,0,0,1,0,1,0,0,1,2
160241732638300,1,1,1,200,1,0,0,0,0,1,0,2,0,0,1,2
160241748096600,2,1,1,200,1,0,0,0,0,1,0,1,0,0,1,2
160241748124200,1,1,1,200,1,0,0,0,0,1,0,2,0,0,1,2
160241763640400,2,1,1,200,1,0,0,0,0,1,0,1,0,0,1,2
160241763676700,1,1,1,200,1,0,0,0,0,1,0,2,0,0,1,2
160241778828800,2,1,1,200,1,0,0,0,0,1,0,1,0,0,1,2
160241778862600,1,1,1,200,1,0,0,0,0,1,0,2,0,0,1,2
160241794259800,2,1,1,200,1,0,0,0,0,1,0,1,0,0,1,2
160241794302600,1,1,1,200,1,0,0,0,0,1,0,2,0,0,1,2
160241810062600,2,1,1,200,1,0,0,0,0,1,0,1,0,0,1,2
160241810112000,1,1,1,200,1,0,0,0,0,1,0,2,0,0,1,2
160241825659400,2,1,1,200,1,0,0,0,0,1,0,1,0,0,1,2
160241825701000,1,1,1,200,1,0,0,0,0,1,0,2,0,0,1,2
160241841086300,2,1,1,200,1,0,0,0,0,1,0,1,0,0,1,2
160241841113000,1,1,1,200,1,0,0,0,0,1,0,2,0,0,1,2
160241856629400,2,1,1,200,1,0,0,0,0,1,0,1,0,0,1,2
160241856658700,1,1,1,200,1,0,0,0,0,1,0,2,0,0,1,2
160241872579900,2,1,1,200,1,0,0,0,0,1,0,1,0,0,1,2
160241872608600,1,1,1,200,1,0,0,0,0,1,0,2,0,0,1,2
160241888123900,2,1,1,200,1,0,0,0,0,1,0,1,0,0,1,2
160241888170600,1,1,1,200,1,0,0,0,0,1,0,2,0,0,1,2
160241903756900,2,1,1,200,1,0,0,0,0,1,0,1,0,0,1,2
160241903799800,1,1,1,200,1,0,0,0,0,1,0,2,0,0,1,2
160241919550700,2,1,1,200,1,0,0,0,0,1,0,1,0,0,1,2
160241919595300,1,1,1,200,1,0,0,0,0,1,0,2,0,0,1,2
160241935056200,2,1,1,200,1,0,0,0,0,1,0,1,0,0,1,2
160241935091500,1,1,1,200,1,0,0,0,0,1,0,2,0,0,1,2
160241950503200,2,1,1,200,1,0,0,0,0,1,0,1,0,0,1,2
160241950533600,1,1,1,200,1,0,0,0,0,1,0,2,0,0,1,2
160241965997400,2,1,1,200,1,0,0,0,0,1,0,1,0,0,1,2
160241966105100,1,1,1,200,1,0,0,0,0,1,0,2,0,0,1,2
160241981543400,2,1,1,200,1,0,0,0,0,1,0,1,0,0,1,2
160241981621600,1,1,1,200,1,0,0,0,0,1,0,2,0,0,1,2
160241997076200,2,1,1,200,1,0,0,0,0,1,0,1,0,0,1,2
160241997109200,1,1,1,200,1,0,0,0,0,1,0,2,0,0,1,2
160242012700800,2,1,1,200,1,0,0,0,0,1,0,1,0,0,1,2
160242012729400,1,1,1,200,1,0,0,0,0,1,0,2,0,0,1,2
160242028025200,2,1,1,200,1,0,0,0,0,1,0,1,0,0,1,2
160242028055800,1,1,1,200,1,0,0,0,0,1,0,2,0,0,1,2
160242043751900,2,1,1,200,1,0,0,0,0,1,0,1,0,0,1,2
160242043797300,1,1,1,200,1,0,0,0,0,1,0,2,0,0,1,2
160242058855700,2,1,1,200,1,0,0,0,0,1,0,1,0,0,1,2
160242058914900,1,1,1,200,1,0,0,0,0,1,0,2,0,0,1,2
160242074129100,2,1,1,200,1,0,0,0,0,1,0,1,0,0,1,2
160242074167000,1,1,1,200,1,0,0,0,0,1,0,2,0,0,1,2
160242089536700,2,1,1,200,1,0,0,0,0,1,0,1,0,0,1,2
160242089575400,1,1,1,200,1,0,0,0,0,1,0,2,0,0,1,2
160242105282700,2,1,1,200,1,0,0,0,0,1,0,1,0,0,1,2
160242105320700,1,1,1,200,1,0,0,0,0,1,0,2,0,0,1,2
160242121061500,2,1,1,200,1,0,0,0,0,1,0,1,0,0,1,2
160242121109700,1,1,1,200,1,0,0,0,0,1,0,2,0,0,1,2
160242136178700,2,1,1,200,1,0,0,0,0,1,0,1,0,0,1,2
160242136215400,1,1,1,200,1,0,0,0,0,1,0,2,0,0,1,2
160242151460400,2,1,1,200,1,0,0,0,0,1,0,1,0,0,1,2
160242151607100,1,1,1,200,1,0,0,0,0,1,0,2,0,0,1,2
160242167091800,2,1,1,200,1,0,0,0,0,1,0,1,0,0,1,2
160242167187900,1,1,1,200,1,0,0,0,0,1,0,2,0,0,1,2
160242182694700,2,1,1,200,1,0,0,0,0,1,0,1,0,0,1,2
160242182735300,1,1,1,200,1,0,0,0,0,1,0,2,0,0,1,2
160242198104400,2,1,1,200,1,0,0,0,0,1,0,1,0,0,1,2
160242198294200,1,1,1,200,1,0,0,0,0,1,0,2,0,0,1,2
160242213598400,2,1,1,200,1,0,0,0,0,1,0,1,0,0,1,2
160242213645500,1,1,1,200,1,0,0,0,0,1,0,2,0,0,1,2
160242229531100,2,1,1,200,1,0,0,0,0,1,0,1,0,0,1,2
160242229583300,1,1,1,200,1,0,0,0,0,1,0,2,0,0,1,2
160242245125300,2,1,1,200,1,0,0,0,0,1,0,1,0,0,1,2
160242245159400,1,1,1,200,1,0,0,0,0,1,0,2,0,0,1,2
160242260746400,2,1,1,200,1,0,0,0,0,1,0,1,0,0,1,2
160242260789900,1,1,1,200,1,0,0,0,0,1,0,2,0,0,1,2
160242276283000,2,1,1,200,1,0,0,0,0,1,0,1,0,0,1,2
160242276336900,1,1,1,200,1,0,0,0,0,1,0,2,0,0,1,2
160242291326300,2,1,1,200,1,0,0,0,0,1,0,1,0,0,1,2
160242291428100,1,1,1,200,1,0,0,0,0,1,0,2,0,0,1,2
160242306911300,2,1,1,200,1,0,0,0,0,1,0,1,0,0,1,2
160242306964900,1,1,1,200,1,0,0,0,0,1,0,2,0,0,1,2
160242322835500,2,1,1,200,1,0,0,0,0,1,0,1,0,0,1,2
160242322880800,1,1,1,200,1,0,0,0,0,1,0,2,0,0,1,2
160242338253700,2,1,1,200,1,0,0,0,0,1,0,1,0,0,1,2
160242338297100,1,1,1,200,1,0,0,0,0,1,0,2,0,0,1,2
160242353774100,2,1,1,200,1,0,0,0,0,1,0,1,0,0,1,2
160242353877300,1,1,1,200,1,0,0,0,0,1,0,2,0,0,1,2
160242369352800,2,1,1,200,1,0,0,0,0,1,0,1,0,0,1,2
160242369385900,1,1,1,200,1,0,0,0,0,1,0,2,0,0,1,2
160242385046700,2,1,1,200,1,0,0,0,0,1,0,1,0,0,1,2
160242385086300,1,1,1,200,1,0,0,0,0,1,0,2,0,0,1,2
160242400548900,2,1,1,200,1,0,0,0,0,1,0,1,0,0,1,2
160242400608600,1,1,1,200,1,0,0,0,0,1,0,2,0,0,1,2
160242416313000,2,1,1,200,1,0,0,0,0,1,0,1,0,0,1,2
160242416355200,1,1,1,200,1,0,0,0,0,1,0,2,0,0,1,2
160242431410900,2,1,1,200,1,0,0,0,0,1,0,1,0,0,1,2
160242431548200,1,1,1,200,1,0,0,0,0,1,0,2,0,0,1,2
160242446681400,2,1,1,200,1,0,0,0,0,1,0,1,0,0,1,2
160242446715600,1,1,1,200,1,0,0,0,0,1,0,2,0,0,1,2
160242462845600,2,1,1,200,1,0,0,0,0,1,0,1,0,0,1,2
160242462885600,1,1,1,200,1,0,0,0,0,1,0,2,0,0,1,2
160242478371500,2,1,1,200,1,0,0,0,0,1,0,1,0,0,1,2
160242478410000,1,1,1,200,1,0,0,0,0,1,0,2,0,0,1,2
160242494224100,2,1,1,200,1,0,0,0,0,1,0,1,0,0,1,2
160242494254800,1,1,1,200,1,0,0,0,0,1,0,2,0,0,1,2
160242510138400,2,1,1,200,1,0,0,0,0,1,0,1,0,0,1,2
160242510172200,1,1,1,200,1,0,0,0,0,1,0,2,0,0,1,2
160242526146600,2,1,1,200,1,0,0,0,0,1,0,1,0,0,1,2
160242526190900,1,1,1,200,1,0,0,0,0,1,0,2,0,0,1,2
160242541581900,2,1,1,200,1,0,0,0,0,1,0,1,0,0,1,2
160242541647700,1,1,1,200,1,0,0,0,0,1,0,2,0,0,1,2
160242556872200,2,1,1,200,1,0,0,0,0,1,0,1,0,0,1,2
160242556898900,1,1,1,200,1,0,0,0,0,1,0,2,0,0,1,2
160242572809700,2,1,1,200,1,0,0,0,0,1,0,1,0,0,1,2
160242572846300,1,1,1,200,1,0,0,0,0,1,0,2,0,0,1,2
160242588306400,2,1,1,200,1,0,0,0,0,1,0,1,0,0,1,2
160242588415600,1,1,1,200,1,0,0,0,0,1,0,2,0,0,1,2
160242603850400,2,1,1,200,1,0,0,0,0,1,0,1,0,0,1,2
160242603879600,1,1,1,200,1,0,0,0,0,1,0,2,0,0,1,2
160242619394100,2,1,1,200,1,0,0,0,0,1,0,1,0,0,1,2
160242619433800,1,1,1,200,1,0,0,0,0,1,0,2,0,0,1,2
160242634531700,2,1,1,200,1,0,0,0,0,1,0,1,0,0,1,2
160242634556400,1,1,1,200,1,0,0,0,0,1,0,2,0,0,1,2
160242650179700,2,1,1,200,1,0,0,0,0,1,0,1,0,0,1,2
160242650222200,1,1,1,200,1,0,0,0,0,1,0,2,0,0,1,2
160242665743200,2,1,1,200,1,0,0,0,0,1,0,1,0,0,1,2
160242665849200,1,1,1,200,1,0,0,0,0,1,0,2,0,0,1,2
160242681046700,2,1,1,200,1,0,0,0,0,1,0,1,0,0,1,2
160242681179200,1,1,1,200,1,0,0,0,0,1,0,2,0,0,1,2
160242696773300,2,1,1,200,1,0,0,0,0,1,0,1,0,0,1,2
160242696817500,1,1,1,200,1,0,0,0,0,1,0,2,0,0,1,2
160242712701700,2,1,1,200,1,0,0,0,0,1,0,1,0,0,1,2
160242712745700,1,1,1,200,1,0,0,0,0,1,0,2,0,0,1,2
160242728084200,2,1,1,200,1,0,0,0,0,1,0,1,0,0,1,2
160242728128100,1,1,1,200,1,0,0,0,0,1,0,2,0,0,1,2
160242743553500,2,1,1,200,1,0,0,0,0,1,0,1,0,0,1,2
160242743584800,1,1,1,200,1,0,0,0,0,1,0,2,0,0,1,2
160242758859500,2,1,1,200,1,0,0,0,0,1,0,1,0,0,1,2
160242758897600,1,1,1,200,1,0,0,0,0,1,0,2,0,0,1,2
160242774296500,2,1,1,200,1,0,0,0,0,1,0,1,0,0,1,2
160242774329000,1,1,1,200,1,0,0,0,0,1,0,2,0,0,1,2
160242789894000,2,1,1,200,1,0,0,0,0,1,0,1,0,0,1,2
160242789931300,1,1,1,200,1,0,0,0,0,1,0,2,0,0,1,2
160242805350500,2,1,1,200,1,0,0,0,0,1,0,1,0,0,1,2
160242805396000,1,1,1,200,1,0,0,0,0,1,0,2,0,0,1,2
160242821519300,2,1,1,200,1,0,0,0,0,1,0,1,0,0,1,2
160242821564900,1,1,1,200,1,0,0,0,0,1,0,2,0,0,1,2
160242836872500,2,1,1,200,1,0,0,0,0,1,0,1,0,0,1,2
160242836946600,1,1,1,200,1,0,0,0,0,1,0,2,0,0,1,2
160242852491400,2,1,1,200,1,0,0,0,0,1,0,1,0,0,1,2
160242852527300,1,1,1,200,1,0,0,0,0,1,0,2,0,0,1,2
160242867763500,2,1,1,200,1,0,0,0,0,1,0,1,0,0,1,2
160242867796600,1,1,1,200,1,0,0,0,0,1,0,2,0,0,1,2
160242883312100,2,1,1,200,1,0,0,0,0,1,0,1,0,0,1,2
160242883356500,1,1,1,200,1,0,0,0,0,1,0,2,0,0,1,2
160242898717400,2,1,1,200,1,0,0,0,0,1,0,1,0,0,1,2
160242898874100,1,1,1,200,1,0,0,0,0,1,0,2,0,0,1,2
160242913956500,2,1,1,200,1,0,0,0,0,1,0,1,0,0,1,2
160242913994100,1,1,1,200,1,0,0,0,0,1,0,2,0,0,1,2
160242929476300,2,1,1,200,1,0,0,0,0,1,0,1,0,0,1,2
160242929516100,1,1,1,200,1,0,0,0,0,1,0,2,0,0,1,2
160242945192200,2,1,1,200,1,0,0,0,0,1,0,1,0,0,1,2
160242945307000,1,1,1,200,1,0,0,0,0,1,0,2,0,0,1,2
160242960672600,2,1,1,200,1,0,0,0,0,1,0,1,0,0,1,2
160242960708800,1,1,1,200,1,0,0,0,0,1,0,2,0,0,1,2
160242976450900,2,1,1,200,1,0,0,0,0,1,0,1,0,0,1,2
160242976496200,1,1,1,200,1,0,0,0,0,1,0,2,0,0,1,2
160242991853100,2,1,1,200,1,0,0,0,0,1,0,1,0,0,1,2
160242991882300,1,1,1,200,1,0,0,0,0,1,0,2,0,0,1,2
160243007013600,2,1,1,200,1,0,0,0,0,1,0,1,0,0,1,2
160243007044200,1,1,1,200,1,0,0,0,0,1,0,2,0,0,1,2
160243022805400,2,1,1,200,1,0,0,0,0,1,0,1,0,0,1,2
160243022949600,1,1,1,200,1,0,0,0,0,1,0,2,0,0,1,2
160243038109400,2,1,1,200,1,0,0,0,0,1,0,1,0,0,1,2
160243038154600,1,1,1,200,1,0,0,0,0,1,0,2,0,0,1,2
160243053612600,2,1,1,200,1,0,0,0,0,1,0,1,0,0,1,2
160243053669800,1,1,1,200,1,0,0,0,0,1,0,2,0,0,1,2
160243069068900,2,1,1,200,1,0,0,0,0,1,0,1,0,0,1,2
160243069204800,1,1,1,200,1,0,0,0,0,1,0,2,0,0,1,2
160243084383200,2,1,1,200,1,0,0,0,0,1,0,1,0,0,1,2
160243084460700,1,1,1,200,1,0,0,0,0,1,0,2,0,0,1,2
160243100013600,2,1,1,200,1,0,0,0,0,1,0,1,0,0,1,2
160243100051400,1,1,1,200,1,0,0,0,0,1,0,2,0,0,1,2
160243115182300,2,1,1,200,1,0,0,0,0,1,0,1,0,0,1,2
160243115222900,1,1,1,200,1,0,0,0,0,1,0,2,0,0,1,2
160243130701400,2,1,1,200,1,0,0,0,0,1,0,1,0,0,1,2
160243130735900,1,1,1,200,1,0,0,0,0,1,0,2,0,0,1,2
160243146247700,2,1,1,200,1,0,0,0,0,1,0,1,0,0,1,2
160243146292500,1,1,1,200,1,0,0,0,0,1,0,2,0,0,1,2
160243161800600,2,1,1,200,1,0,0,0,0,1,0,1,0,0,1,2
160243161843500,1,1,1,200,1,0,0,0,0,1,0,2,0,0,1,2
160243177341500,2,1,1,200,1,0,0,0,0,1,0,1,0,0,1,2
160243177384900,1,1,1,200,1,0,0,0,0,1,0,2,0,0,1,2
160243192597200,2,1,1,200,1,0,0,0,0,1,0,1,0,0,1,2
160243192644800,1,1,1,200,1,0,0,0,0,1,0,2,0,0,1,2
160243208069300,2,1,1,200,1,0,0,0,0,1,0,1,0,0,1,2
160243208129700,1,1,1,200,1,0,0,0,0,1,0,2,0,0,1,2
160243223556700,2,1,1,200,1,0,0,0,0,1,0,1,0,0,1,2
160243223580300,1,1,1,200,1,0,0,0,0,1,0,2,0,0,1,2
160243239070100,2,1,1,200,1,0,0,0,0,1,0,1,0,0,1,2
160243239098400,1,1,1,200,1,0,0,0,0,1,0,2,0,0,1,2
160243254774600,2,1,1,200,1,0,0,0,0,1,0,1,0,0,1,2
160243254821400,1,1,1,200,1,0,0,0,0,1,0,2,0,0,1,2
160243270714500,2,1,1,200,1,0,0,0,0,1,0,1,0,0,1,2
160243270740600,1,1,1,200,1,0,0,0,0,1,0,2,0,0,1,2
160243285925000,2,1,1,200,1,0,0,0,0,1,0,1,0,0,1,2
160243285975000,1,1,1,200,1,0,0,0,0,1,0,2,0,0,1,2
160243301324700,2,1,1,200,1,0,0,0,0,1,0,1,0,0,1,2
160243301352800,1,1,1,200,1,0,0,0,0,1,0,2,0,0,1,2
160243316551700,2,1,1,200,1,0,0,0,0,1,0,1,0,0,1,2
160243316631800,1,1,1,200,1,0,0,0,0,1,0,2,0,0,1,2
160243332545000,2,1,1,200,1,0,0,0,0,1,0,1,0,0,1,2
160243332588100,1,1,1,200,1,0,0,0,0,1,0,2,0,0,1,2
160243348076900,2,1,1,200,1,0,0,0,0,1,0,1,0,0,1,2
160243348107500,1,1,1,200,1,0,0,0,0,1,0,2,0,0,1,2
160243363711400,2,1,1,200,1,0,0,0,0,1,0,1,0,0,1,2
160243363757300,1,1,1,200,1,0,0,0,0,1,0,2,0,0,1,2
160243379779700,2,1,1,200,1,0,0,0,0,1,0,1,0,0,1,2
160243379827100,1,1,1,200,1,0,0,0,0,1,0,2,0,0,1,2
160243395369400,2,1,1,200,1,0,0,0,0,1,0,1,0,0,1,2
160243395440000,1,1,1,200,1,0,0,0,0,1,0,2,0,0,1,2
160243411218400,2,1,1,200,1,0,0,0,0,1,0,1,0,0,1,2
160243411257600,1,1,1,200,1,0,0,0,0,1,0,2,0,0,1,2
160243426610700,2,1,1,200,1,0,0,0,0,1,0,1,0,0,1,2
160243426652500,1,1,1,200,1,0,0,0,0,1,0,2,0,0,1,2
160243442731300,2,1,1,200,1,0,0,0,0,1,0,1,0,0,1,2
160243442773500,1,1,1,200,1,0,0,0,0,1,0,2,0,0,1,2
160243457991700,2,1,1,200,1,0,0,0,0,1,0,1,0,0,1,2
160243458025500,1,1,1,200,1,0,0,0,0,1,0,2,0,0,1,2
160243473909600,2,1,1,200,1,0,0,0,0,1,0,1,0,0,1,2
160243473937700,1,1,1,200,1,0,0,0,0,1,0,2,0,0,1,2
160243489950900,2,1,1,200,1,0,0,0,0,1,0,1,0,0,1,2
160243489991200,1,1,1,200,1,0,0,0,0,1,0,2,0,0,1,2
160243505465400,2,1,1,200,1,0,0,0,0,1,0,1,0,0,1,2
160243505535000,1,1,1,200,1,0,0,0,0,1,0,2,0,0,1,2
160243521218100,2,1,1,200,1,0,0,0,0,1,0,1,0,0,1,2
160243521257100,1,1,1,200,1,0,0,0,0,1,0,2,0,0,1,2
160243536331800,2,1,1,200,1,0,0,0,0,1,0,1,0,0,1,2
160243536453200,1,1,1,200,1,0,0,0,0,1,0,2,0,0,1,2
160243551644100,2,1,1,200,1,0,0,0,0,1,0,1,0,0,1,2
160243551680500,1,1,1,200,1,0,0,0,0,1,0,2,0,0,1,2
160243567222800,2,1,1,200,1,0,0,0,0,1,0,1,0,0,1,2
160243567259100,1,1,1,200,1,0,0,0,0,1,0,2,0,0,1,2
160243582639900,2,1,1,200,1,0,0,0,0,1,0,1,0,0,1,2
160243582678800,1,1,1,200,1,0,0,0,0,1,0,2,0,0,1,2
160243598032200,2,1,1,200,1,0,0,0,0,1,0,1,0,0,1,2
160243598068900,1,1,1,200,1,0,0,0,0,1,0,2,0,0,1,2
160243613404600,2,1,1,200,1,0,0,0,0,1,0,1,0,0,1,2
160243613448800,1,1,1,200,1,0,0,0,0,1,0,2,0,0,1,2
160243628860800,2,1,1,200,1,0,0,0,0,1,0,1,0,0,1,2
160243628921800,1,1,1,200,1,0,0,0,0,1,0,2,0,0,1,2
160243644575900,2,1,1,200,1,0,0,0,0,1,0,1,0,0,1,2
160243644652400,1,1,1,200,1,0,0,0,0,1,0,2,0,0,1,2
160243660036900,2,1,1,200,1,0,0,0,0,1,0,1,0,0,1,2
160243660074700,1,1,1,200,1,0,0,0,0,1,0,2,0,0,1,2
160243675416200,2,1,1,200,1,0,0,0,0,1,0,1,0,0,1,2
160243675575400,1,1,1,200,1,0,0,0,0,1,0,2,0,0,1,2
160243691091000,2,1,1,200,1,0,0,0,0,1,0,1,0,0,1,2
160243691126600,1,1,1,200,1,0,0,0,0,1,0,2,0,0,1,2
160243706623800,2,1,1,200,1,0,0,0,0,1,0,1,0,0,1,2
160243706667000,1,1,1,200,1,0,0,0,0,1,0,2,0,0,1,2
160243722654400,2,1,1,200,1,0,0,0,0,1,0,1,0,0,1,2
160243722681700,1,1,1,200,1,0,0,0,0,1,0,2,0,0,1,2
160243738154000,2,1,1,200,1,0,0,0,0,1,0,1,0,0,1,2
160243738233200,1,1,1,200,1,0,0,0,0,1,0,2,0,0,1,2
160243753777200,2,1,1,200,1,0,0,0,0,1,0,1,0,0,1,2
160243753819000,1,1,1,200,1,0,0,0,0,1,0,2,0,0,1,2
160243769152700,2,1,1,200,1,0,0,0,0,1,0,1,0,0,1,2
160243769195400,1,1,1,200,1,0,0,0,0,1,0,2,0,0,1,2
160243784655400,2,1,1,200,1,0,0,0,0,1,0,1,0,0,1,2
160243784796200,1,1,1,200,1,0,0,0,0,1,0,2,0,0,1,2
160243800671600,2,1,1,200,1,0,0,0,0,1,0,1,0,0,1,2
160243800709600,1,1,1,200,1,0,0,0,0,1,0,2,0,0,1,2
160243816712400,2,1,1,200,1,0,0,0,0,1,0,1,0,0,1,2
160243816757600,1,1,1,200,1,0,0,0,0,1,0,2,0,0,1,2
160243832561500,2,1,1,200,1,0,0,0,0,1,0,1,0,0,1,2
160243832654300,1,1,1,200,1,0,0,0,0,1,0,2,0,0,1,2
160243848027600,2,1,1,200,1,0,0,0,0,1,0,1,0,0,1,2
160243848057000,1,1,1,200,1,0,0,0,0,1,0,2,0,0,1,2
160243863686600,2,1,1,200,1,0,0,0,0,1,0,1,0,0,1,2
160243863729800,1,1,1,200,1,0,0,0,0,1,0,2,0,0,1,2
160243879227300,2,1,1,200,1,0,0,0,0,1,0,1,0,0,1,2
160243879296200,1,1,1,200,1,0,0,0,0,1,0,2,0,0,1,2
160243894386500,2,1,1,200,1,0,0,0,0,1,0,1,0,0,1,2
160243894445200,1,1,1,200,1,0,0,0,0,1,0,2,0,0,1,2
160243910182600,2,1,1,200,1,0,0,0,0,1,0,1,0,0,1,2
160243910227800,1,1,1,200,1,0,0,0,0,1,0,2,0,0,1,2
160243925561800,2,1,1,200,1,0,0,0,0,1,0,1,0,0,1,2
160243925621100,1,1,1,200,1,0,0,0,0,1,0,2,0,0,1,2
160243941128100,2,1,1,200,1,0,0,0,0,1,0,1,0,0,1,2
160243941165900,1,1,1,200,1,0,0,0,0,1,0,2,0,0,1,2
160243956678200,2,1,1,200,1,0,0,0,0,1,0,1,0,0,1,2
160243956711500,1,1,1,200,1,0,0,0,0,1,0,2,0,0,1,2
160243972589500,2,1,1,200,1,0,0,0,0,1,0,1,0,0,1,2
160243972631400,1,1,1,200,1,0,0,0,0,1,0,2,0,0,1,2
160243988068900,2,1,1,200,1,0,0,0,0,1,0,1,0,0,1,2
160243988117700,1,1,1,200,1,0,0,0,0,1,0,2,0,0,1,2
160244003670900,2,1,1,200,1,0,0,0,0,1,0,1,0,0,1,2
160244003706100,1,1,1,200,1,0,0,0,0,1,0,2,0,0,1,2
160244019093600,2,1,1,200,1,0,0,0,0,1,0,1,0,0,1,2
160244019126400,1,1,1,200,1,0,0,0,0,1,0,2,0,0,1,2
160244034610300,2,1,1,200,1,0,0,0,0,1,0,1,0,0,1,2
160244034658100,1,1,1,200,1,0,0,0,0,1,0,2,0,0,1,2
160244049931800,2,1,1,200,1,0,0,0,0,1,0,1,0,0,1,2
160244049992600,1,1,1,200,1,0,0,0,0,1,0,2,0,0,1,2
160244065664900,2,1,1,200,1,0,0,0,0,1,0,1,0,0,1,2
160244065703300,1,1,1,200,1,0,0,0,0,1,0,2,0,0,1,2
160244080711400,2,1,1,200,1,0,0,0,0,1,0,1,0,0,1,2
160244080739900,1,1,1,200,1,0,0,0,0,1,0,2,0,0,1,2
160244096403800,2,1,1,200,1,0,0,0,0,1,0,1,0,0,1,2
160244096446500,1,1,1,200,1,0,0,0,0,1,0,2,0,0,1,2
160244112296600,2,1,1,200,1,0,0,0,0,1,0,1,0,0,1,2
160244112342000,1,1,1,200,1,0,0,0,0,1,0,2,0,0,1,2
160244127898400,2,1,1,200,1,0,0,0,0,1,0,1,0,0,1,2
160244127978000,1,1,1,200,1,0,0,0,0,1,0,2,0,0,1,2
160244143542200,2,1,1,200,1,0,0,0,0,1,0,1,0,0,1,2
160244143620000,1,1,1,200,1,0,0,0,0,1,0,2,0,0,1,2
160244158924300,2,1,1,200,1,0,0,0,0,1,0,1,0,0,1,2
160244159005700,1,1,1,200,1,0,0,0,0,1,0,2,0,0,1,2
160244174295200,2,1,1,200,1,0,0,0,0,1,0,1,0,0,1,2
160244174322000,1,1,1,200,1,0,0,0,0,1,0,2,0,0,1,2
160244190287100,2,1,1,200,1,0,0,0,0,1,0,1,0,0,1,2
160244190316100,1,1,1,200,1,0,0,0,0,1,0,2,0,0,1,2
160244206519700,2,1,1,200,1,0,0,0,0,1,0,1,0,0,1,2
160244206560000,1,1,1,200,1,0,0,0,0,1,0,2,0,0,1,2
160244222611800,2,1,1,200,1,0,0,0,0,1,0,1,0,0,1,2
160244222721500,1,1,1,200,1,0,0,0,0,1,0,2,0,0,1,2
160244238593100,2,1,1,200,1,0,0,0,0,1,0,1,0,0,1,2
160244238632700,1,1,1,200,1,0,0,0,0,1,0,2,0,0,1,2
160244254747800,2,1,1,200,1,0,0,0,0,1,0,1,0,0,1,2
160244254789400,1,1,1,200,1,0,0,0,0,1,0,2,0,0,1,2
160244270296300,2,1,1,200,1,0,0,0,0,1,0,1,0,0,1,2
160244270354700,1,1,1,200,1,0,0,0,0,1,0,2,0,0,1,2
160244285484000,2,1,1,200,1,0,0,0,0,1,0,1,0,0,1,2
160244285524600,1,1,1,200,1,0,0,0,0,1,0,2,0,0,1,2
160244300909600,2,1,1,200,1,0,0,0,0,1,0,1,0,0,1,2
160244300938900,1,1,1,200,1,0,0,0,0,1,0,2,0,0,1,2
160244316586100,2,1,1,200,1,0,0,0,0,1,0,1,0,0,1,2
160244316620800,1,1,1,200,1,0,0,0,0,1,0,2,0,0,1,2
160244332227800,2,1,1,200,1,0,0,0,0,1,0,1,0,0,1,2
160244332261600,1,1,1,200,1,0,0,0,0,1,0,2,0,0,1,2
160244347736200,2,1,1,200,1,0,0,0,0,1,0,1,0,0,1,2
160244347772900,1,1,1,200,1,0,0,0,0,1,0,2,0,0,1,2
160244363145400,2,1,1,200,1,0,0,0,0,1,0,1,0,0,1,2
160244363277800,1,1,1,200,1,0,0,0,0,1,0,2,0,0,1,2
160244378375700,2,1,1,200,1,0,0,0,0,1,0,1,0,0,1,2
160244378486300,1,1,1,200,1,0,0,0,0,1,0,2,0,0,1,2
160244393705700,2,1,1,200,1,0,0,0,0,1,0,1,0,0,1,2
160244393742700,1,1,1,200,1,0,0,0,0,1,0,2,0,0,1,2
160244409060400,2,1,1,200,1,0,0,0,0,1,0,1,0,0,1,2
160244409155900,1,1,1,200,1,0,0,0,0,1,0,2,0,0,1,2
160244424398200,2,1,1,200,1,0,0,0,0,1,0,1,0,0,1,2
160244424432600,1,1,1,200,1,0,0,0,0,1,0,2,0,0,1,2
160244439890100,2,1,1,200,1,0,0,0,0,1,0,1,0,0,1,2
160244439923500,1,1,1,200,1,0,0,0,0,1,0,2,0,0,1,2
160244455318500,2,1,1,200,1,0,0,0,0,1,0,1,0,0,1,2
160244455347400,1,1,1,200,1,0,0,0,0,1,0,2,0,0,1,2
160244470901100,2,1,1,200,1,0,0,0,0,1,0,1,0,0,1,2
160244471005800,1,1,1,200,1,0,0,0,0,1,0,2,0,0,1,2
160244486492900,2,1,1,200,1,0,0,0,0,1,0,1,0,0,1,2
160244486565500,1,1,1,200,1,0,0,0,0,1,0,2,0,0,1,2
160244501995000,2,1,1,200,1,0,0,0,0,1,0,1,0,0,1,2
160244502036300,1,1,1,200,1,0,0,0,0,1,0,2,0,0,1,2
160244517491300,2,1,1,200,1,0,0,0,0,1,0,1,0,0,1,2
160244517623700,1,1,1,200,1,0,0,0,0,1,0,2,0,0,1,2
160244532969400,2,1,1,200,1,0,0,0,0,1,0,1,0,0,1,2
160244533017600,1,1,1,200,1,0,0,0,0,1,0,2,0,0,1,2
160244548286400,2,1,1,200,1,0,0,0,0,1,0,1,0,0,1,2
160244548430500,1,1,1,200,1,0,0,0,0,1,0,2,0,0,1,2
160244563875000,2,1,1,200,1,0,0,0,0,1,0,1,0,0,1,2
160244563915700,1,1,1,200,1,0,0,0,0,1,0,2,0,0,1,2
160244579838000,2,1,1,200,1,0,0,0,0,1,0,1,0,0,1,2
160244579881100,1,1,1,200,1,0,0,0,0,1,0,2,0,0,1,2
160244595023900,2,1,1,200,1,0,0,0,0,1,0,1,0,0,1,2
160244595063900,1,1,1,200,1,0,0,0,0,1,0,2,0,0,1,2
160244610501000,2,1,1,200,1,0,0,0,0,1,0,1,0,0,1,2
160244610601400,1,1,1,200,1,0,0,0,0,1,0,2,0,0,1,2
160244626672100,2,1,1,200,1,0,0,0,0,1,0,1,0,0,1,2
160244626711800,1,1,1,200,1,0,0,0,0,1,0,2,0,0,1,2
160244641843900,2,1,1,200,1,0,0,0,0,1,0,1,0,0,1,2
160244641984400,1,1,1,200,1,0,0,0,0,1,0,2,0,0,1,2
160244657112200,2,1,1,200,1,0,0,0,0,1,0,1,0,0,1,2
160244657203800,1,1,1,200,1,0,0,0,0,1,0,2,0,0,1,2
160244672617200,2,1,1,200,1,0,0,0,0,1,0,1,0,0,1,2
160244672694900,1,1,1,200,1,0,0,0,0,1,0,2,0,0,1,2
160244687956700,2,1,1,200,1,0,0,0,0,1,0,1,0,0,1,2
160244688001400,1,1,1,200,1,0,0,0,0,1,0,2,0,0,1,2
160244703379600,2,1,1,200,1,0,0,0,0,1,0,1,0,0,1,2
160244703420500,1,1,1,200,1,0,0,0,0,1,0,2,0,0,1,2
160244718660100,2,1,1,200,1,0,0,0,0,1,0,1,0,0,1,2
160244718699800,1,1,1,200,1,0,0,0,0,1,0,2,0,0,1,2
160244734198300,2,1,1,200,1,0,0,0,0,1,0,1,0,0,1,2
160244734234600,1,1,1,200,1,0,0,0,0,1,0,2,0,0,1,2
160244749744200,2,1,1,200,1,0,0,0,0,1,0,1,0,0,1,2
160244749788400,1,1,1,200,1,0,0,0,0,1,0,2,0,0,1,2
160244765781000,2,1,1,200,1,0,0,0,0,1,0,1,0,0,1,2
160244765809700,1,1,1,200,1,0,0,0,0,1,0,2,0,0,1,2
160244781015400,2,1,1,200,1,0,0,0,0,1,0,1,0,0,1,2
160244781054600,1,1,1,200,1,0,0,0,0,1,0,2,0,0,1,2
160244796383800,2,1,1,200,1,0,0,0,0,1,0,1,0,0,1,2
160244796567400,1,1,1,200,1,0,0,0,0,1,0,2,0,0,1,2
160244811675200,2,1,1,200,1,0,0,0,0,1,0,1,0,0,1,2
160244811711700,1,1,1,200,1,0,0,0,0,1,0,2,0,0,1,2
160244826842300,2,1,1,200,1,0,0,0,0,1,0,1,0,0,1,2
160244826885600,1,1,1,200,1,0,0,0,0,1,0,2,0,0,1,2
160244842596900,2,1,1,200,1,0,0,0,0,1,0,1,0,0,1,2
160244842629300,1,1,1,200,1,0,0,0,0,1,0,2,0,0,1,2
160244857904400,2,1,1,200,1,0,0,0,0,1,0,1,0,0,1,2
160244857948100,1,1,1,200,1,0,0,0,0,1,0,2,0,0,1,2
160244873413800,2,1,1,200,1,0,0,0,0,1,0,1,0,0,1,2
160244873453700,1,1,1,200,1,0,0,0,0,1,0,2,0,0,1,2
160244888959500,2,1,1,200,1,0,0,0,0,1,0,1,0,0,1,2
160244889023300,1,1,1,200,1,0,0,0,0,1,0,2,0,0,1,2
160244904378900,2,1,1,200,1,0,0,0,0,1,0,1,0,0,1,2
160244904411700,1,1,1,200,1,0,0,0,0,1,0,2,0,0,1,2
160244919881400,2,1,1,200,1,0,0,0,0,1,0,1,0,0,1,2
160244919912300,1,1,1,200,1,0,0,0,0,1,0,2,0,0,1,2
160244935509400,2,1,1,200,1,0,0,0,0,1,0,1,0,0,1,2
160244935550500,1,1,1,200,1,0,0,0,0,1,0,2,0,0,1,2
160244950917600,2,1,1,200,1,0,0,0,0,1,0,1,0,0,1,2
160244950945700,1,1,1,200,1,0,0,0,0,1,0,2,0,0,1,2
160244966542400,2,1,1,200,1,0,0,0,0,1,0,1,0,0,1,2
160244966576900,1,1,1,200,1,0,0,0,0,1,0,2,0,0,1,2
160244982741100,2,1,1,200,1,0,0,0,0,1,0,1,0,0,1,2
160244982782100,1,1,1,200,1,0,0,0,0,1,0,2,0,0,1,2
160244998198100,2,1,1,200,1,0,0,0,0,1,0,1,0,0,1,2
160244998243000,1,1,1,200,1,0,0,0,0,1,0,2,0,0,1,2
160245013628000,2,1,1,200,1,0,0,0,0,1,0,1,0,0,1,2
160245013689900,1,1,1,200,1,0,0,0,0,1,0,2,0,0,1,2
160245028862200,2,1,1,200,1,0,0,0,0,1,0,1,0,0,1,2
160245028901100,1,1,1,200,1,0,0,0,0,1,0,2,0,0,1,2
160245044758100,2,1,1,200,1,0,0,0,0,1,0,1,0,0,1,2
160245044787300,1,1,1,200,1,0,0,0,0,1,0,2,0,0,1,2
160245060649000,2,1,1,200,1,0,0,0,0,1,0,1,0,0,1,2
160245060688400,1,1,1,200,1,0,0,0,0,1,0,2,0,0,1,2
160245076487400,2,1,1,200,1,0,0,0,0,1,0,1,0,0,1,2
160245076536900,1,1,1,200,1,0,0,0,0,1,0,2,0,0,1,2
160245092505300,2,1,1,200,1,0,0,0,0,1,0,1,0,0,1,2
160245092543000,1,1,1,200,1,0,0,0,0,1,0,2,0,0,1,2
160245107937900,2,1,1,200,1,0,0,0,0,1,0,1,0,0,1,2
160245107975700,1,1,1,200,1,0,0,0,0,1,0,2,0,0,1,2
160245123494400,2,1,1,200,1,0,0,0,0,1,0,1,0,0,1,2
160245123522200,1,1,1,200,1,0,0,0,0,1,0,2,0,0,1,2
160245139020700,2,1,1,200,1,0,0,0,0,1,0,1,0,0,1,2
160245139091900,1,1,1,200,1,0,0,0,0,1,0,2,0,0,1,2
160245154364800,2,1,1,200,1,0,0,0,0,1,0,1,0,0,1,2
160245154415300,1,1,1,200,1,0,0,0,0,1,0,2,0,0,1,2
160245169970800,2,1,1,200,1,0,0,0,0,1,0,1,0,0,1,2
160245170066700,1,1,1,200,1,0,0,0,0,1,0,2,0,0,1,2
160245185879700,2,1,1,200,1,0,0,0,0,1,0,1,0,0,1,2
160245185938100,1,1,1,200,1,0,0,0,0,1,0,2,0,0,1,2
160245201113300,2,1,1,200,1,0,0,0,0,1,0,1,0,0,1,2
160245201161300,1,1,1,200,1,0,0,0,0,1,0,2,0,0,1,2
160245216653300,2,1,1,200,1,0,0,0,0,1,0,1,0,0,1,2
160245216720200,1,1,1,200,1,0,0,0,0,1,0,2,0,0,1,2
160245232467300,2,1,1,200,1,0,0,0,0,1,0,1,0,0,1,2
160245232589500,1,1,1,200,1,0,0,0,0,1,0,2,0,0,1,2
160245247829900,2,1,1,200,1,0,0,0,0,1,0,1,0,0,1,2
160245247874600,1,1,1,200,1,0,0,0,0,1,0,2,0,0,1,2
160245263441900,2,1,1,200,1,0,0,0,0,1,0,1,0,0,1,2
160245263483800,1,1,1,200,1,0,0,0,0,1,0,2,0,0,1,2
160245279047500,2,1,1,200,1,0,0,0,0,1,0,1,0,0,1,2
160245279082200,1,1,1,200,1,0,0,0,0,1,0,2,0,0,1,2
160245294440100,2,1,1,200,1,0,0,0,0,1,0,1,0,0,1,2
160245294479900,1,1,1,200,1,0,0,0,0,1,0,2,0,0,1,2
160245310346400,2,1,1,200,1,0,0,0,0,1,0,1,0,0,1,2
160245310390900,1,1,1,200,1,0,0,0,0,1,0,2,0,0,1,2
160245326253000,2,1,1,200,1,0,0,0,0,1,0,1,0,0,1,2
160245326291800,1,1,1,200,1,0,0,0,0,1,0,2,0,0,1,2
160245341555300,2,1,1,200,1,0,0,0,0,1,0,1,0,0,1,2
160245341600700,1,1,1,200,1,0,0,0,0,1,0,2,0,0,1,2
160245357025100,2,1,1,200,1,0,0,0,0,1,0,1,0,0,1,2
160245357142400,1,1,1,200,1,0,0,0,0,1,0,2,0,0,1,2
160245372583100,2,1,1,200,1,0,0,0,0,1,0,1,0,0,1,2
160245372646200,1,1,1,200,1,0,0,0,0,1,0,2,0,0,1,2
160245388081800,2,1,1,200,1,0,0,0,0,1,0,1,0,0,1,2
160245388115700,1,1,1,200,1,0,0,0,0,1,0,2,0,0,1,2
160245403739600,2,1,1,200,1,0,0,0,0,1,0,1,0,0,1,2
160245403776400,1,1,1,200,1,0,0,0,0,1,0,2,0,0,1,2
160245419328900,2,1,1,200,1,0,0,0,0,1,0,1,0,0,1,2
160245419373200,1,1,1,200,1,0,0,0,0,1,0,2,0,0,1,2
160245434730900,2,1,1,200,1,0,0,0,0,1,0,1,0,0,1,2
160245434756900,1,1,1,200,1,0,0,0,0,1,0,2,0,0,1,2
160245449990100,2,1,1,200,1,0,0,0,0,1,0,1,0,0,1,2
160245450017700,1,1,1,200,1,0,0,0,0,1,0,2,0,0,1,2
160245465764300,2,1,1,200,1,0,0,0,0,1,0,1,0,0,1,2
160245465839200,1,1,1,200,1,0,0,0,0,1,0,2,0,0,1,2
160245480927300,2,1,1,200,1,0,0,0,0,1,0,1,0,0,1,2
160245480971300,1,1,1,200,1,0,0,0,0,1,0,2,0,0,1,2
160245496318800,2,1,1,200,1,0,0,0,0,1,0,1,0,0,1,2
160245496352600,1,1,1,200,1,0,0,0,0,1,0,2,0,0,1,2
160245511562100,2,1,1,200,1,0,0,0,0,1,0,1,0,0,1,2
160245511600300,1,1,1,200,1,0,0,0,0,1,0,2,0,0,1,2
160245527060800,2,1,1,200,1,0,0,0,0,1,0,1,0,0,1,2
160245527102900,1,1,1,200,1,0,0,0,0,1,0,2,0,0,1,2
160245542460200,2,1,1,200,1,0,0,0,0,1,0,1,0,0,1,2
160245542491100,1,1,1,200,1,0,0,0,0,1,0,2,0,0,1,2
160245557859700,2,1,1,200,1,0,0,0,0,1,0,1,0,0,1,2
160245557930900,1,1,1,200,1,0,0,0,0,1,0,2,0,0,1,2
160245573365900,2,1,1,200,1,0,0,0,0,1,0,1,0,0,1,2
160245573409500,1,1,1,200,1,0,0,0,0,1,0,2,0,0,1,2
160245589042800,2,1,1,200,1,0,0,0,0,1,0,1,0,0,1,2
160245589078600,1,1,1,200,1,0,0,0,0,1,0,2,0,0,1,2
160245604461100,2,1,1,200,1,0,0,0,0,1,0,1,0,0,1,2
160245604525100,1,1,1,200,1,0,0,0,0,1,0,2,0,0,1,2
160245620185500,2,1,1,200,1,0,0,0,0,1,0,1,0,0,1,2
160245620228700,1,1,1,200,1,0,0,0,0,1,0,2,0,0,1,2
160245635769600,2,1,1,200,1,0,0,0,0,1,0,1,0,0,1,2
160245635811800,1,1,1,200,1,0,0,0,0,1,0,2,0,0,1,2
160245650923200,2,1,1,200,1,0,0,0,0,1,0,1,0,0,1,2
160245650970300,1,1,1,200,1,0,0,0,0,1,0,2,0,0,1,2
160245666594500,2,1,1,200,1,0,0,0,0,1,0,1,0,0,1,2
160245666632400,1,1,1,200,1,0,0,0,0,1,0,2,0,0,1,2
160245682521900,2,1,1,200,1,0,0,0,0,1,0,1,0,0,1,2
160245682637800,1,1,1,200,1,0,0,0,0,1,0,2,0,0,1,2
160245697912200,2,1,1,200,1,0,0,0,0,1,0,1,0,0,1,2
160245698036400,1,1,1,200,1,0,0,0,0,1,0,2,0,0,1,2
160245713542900,2,1,1,200,1,0,0,0,0,1,0,1,0,0,1,2
160245713580200,1,1,1,200,1,0,0,0,0,1,0,2,0,0,1,2
160245728818200,2,1,1,200,1,0,0,0,0,1,0,1,0,0,1,2
160245728858500,1,1,1,200,1,0,0,0,0,1,0,2,0,0,1,2
160245744300500,2,1,1,200,1,0,0,0,0,1,0,1,0,0,1,2
160245744336800,1,1,1,200,1,0,0,0,0,1,0,2,0,0,1,2
160245760008300,2,1,1,200,1,0,0,0,0,1,0,1,0,0,1,2
160245760041200,1,1,1,200,1,0,0,0,0,1,0,2,0,0,1,2
160245775321300,2,1,1,200,1,0,0,0,0,1,0,1,0,0,1,2
160245775425800,1,1,1,200,1,0,0,0,0,1,0,2,0,0,1,2
160245790609600,2,1,1,200,1,0,0,0,0,1,0,1,0,0,1,2
160245790704800,1,1,1,200,1,0,0,0,0,1,0,2,0,0,1,2
160245806305800,2,1,1,200,1,0,0,0,0,1,0,1,0,0,1,2
160245806415100,1,1,1,200,1,0,0,0,0,1,0,2,0,0,1,2
160245821607300,2,1,1,200,1,0,0,0,0,1,0,1,0,0,1,2
160245821635200,1,1,1,200,1,0,0,0,0,1,0,2,0,0,1,2
160245837238400,2,1,1,200,1,0,0,0,0,1,0,1,0,0,1,2
160245837287100,1,1,1,200,1,0,0,0,0,1,0,2,0,0,1,2
160245852752100,2,1,1,200,1,0,0,0,0,1,0,1,0,0,1,2
160245852792400,1,1,1,200,1,0,0,0,0,1,0,2,0,0,1,2
160245867825300,2,1,1,200,1,0,0,0,0,1,0,1,0,0,1,2
160245867862300,1,1,1,200,1,0,0,0,0,1,0,2,0,0,1,2
160245883165100,2,1,1,200,1,0,0,0,0,1,0,1,0,0,1,2
160245883206200,1,1,1,200,1,0,0,0,0,1,0,2,0,0,1,2
160245898844000,2,1,1,200,1,0,0,0,0,1,0,1,0,0,1,2
160245898885400,1,1,1,200,1,0,0,0,0,1,0,2,0,0,1,2
160245914085800,2,1,1,200,1,0,0,0,0,1,0,1,0,0,1,2
160245914187500,1,1,1,200,1,0,0,0,0,1,0,2,0,0,1,2
160245929499500,2,1,1,200,1,0,0,0,0,1,0,1,0,0,1,2
160245929540500,1,1,1,200,1,0,0,0,0,1,0,2,0,0,1,2
160245944864400,2,1,1,200,1,0,0,0,0,1,0,1,0,0,1,2
160245944909900,1,1,1,200,1,0,0,0,0,1,0,2,0,0,1,2
160245960517600,2,1,1,200,1,0,0,0,0,1,0,1,0,0,1,2
160245960562100,1,1,1,200,1,0,0,0,0,1,0,2,0,0,1,2
160245976321100,2,1,1,200,1,0,0,0,0,1,0,1,0,0,1,2
160245976350700,1,1,1,200,1,0,0,0,0,1,0,2,0,0,1,2
160245991803800,2,1,1,200,1,0,0,0,0,1,0,1,0,0,1,2
160245991831000,1,1,1,200,1,0,0,0,0,1,0,2,0,0,1,2
160246007230100,2,1,1,200,1,0,0,0,0,1,0,1,0,0,1,2
160246007378200,1,1,1,200,1,0,0,0,0,1,0,2,0,0,1,2
160246022705900,2,1,1,200,1,0,0,0,0,1,0,1,0,0,1,2
160246022748200,1,1,1,200,1,0,0,0,0,1,0,2,0,0,1,2
160246038020100,2,1,1,200,1,0,0,0,0,1,0,1,0,0,1,2
160246038092100,1,1,1,200,1,0,0,0,0,1,0,2,0,0,1,2
160246053432600,2,1,1,200,1,0,0,0,0,1,0,1,0,0,1,2
160246053476600,1,1,1,200,1,0,0,0,0,1,0,2,0,0,1,2
160246068700500,2,1,1,200,1,0,0,0,0,1,0,1,0,0,1,2
160246068755700,1,1,1,200,1,0,0,0,0,1,0,2,0,0,1,2
160246084144300,2,1,1,200,1,0,0,0,0,1,0,1,0,0,1,2
160246084199300,1,1,1,200,1,0,0,0,0,1,0,2,0,0,1,2
160246099282400,2,1,1,200,1,0,0,0,0,1,0,1,0,0,1,2
160246099354200,1,1,1,200,1,0,0,0,0,1,0,2,0,0,1,2
160246114773700,2,1,1,200,1,0,0,0,0,1,0,1,0,0,1,2
160246114812000,1,1,1,200,1,0,0,0,0,1,0,2,0,0,1,2
160246130203600,2,1,1,200,1,0,0,0,0,1,0,1,0,0,1,2
160246130246600,1,1,1,200,1,0,0,0,0,1,0,2,0,0,1,2
160246146183900,2,1,1,200,1,0,0,0,0,1,0,1,0,0,1,2
160246146322000,1,1,1,200,1,0,0,0,0,1,0,2,0,0,1,2
160246161430000,2,1,1,200,1,0,0,0,0,1,0,1,0,0,1,2
160246161540500,1,1,1,200,1,0,0,0,0,1,0,2,0,0,1,2
160246176910800,2,1,1,200,1,0,0,0,0,1,0,1,0,0,1,2
160246176953400,1,1,1,200,1,0,0,0,0,1,0,2,0,0,1,2
160246192716100,2,1,1,200,1,0,0,0,0,1,0,1,0,0,1,2
160246192751800,1,1,1,200,1,0,0,0,0,1,0,2,0,0,1,2
160246207898700,2,1,1,200,1,0,0,0,0,1,0,1,0,0,1,2
160246207940200,1,1,1,200,1,0,0,0,0,1,0,2,0,0,1,2
160246223295600,2,1,1,200,1,0,0,0,0,1,0,1,0,0,1,2
160246223331300,1,1,1,200,1,0,0,0,0,1,0,2,0,0,1,2
160246239209400,2,1,1,200,1,0,0,0,0,1,0,1,0,0,1,2
160246239246700,1,1,1,200,1,0,0,0,0,1,0,2,0,0,1,2
160246254327100,2,1,1,200,1,0,0,0,0,1,0,1,0,0,1,2
160246254449300,1,1,1,200,1,0,0,0,0,1,0,2,0,0,1,2
160246269783300,2,1,1,200,1,0,0,0,0,1,0,1,0,0,1,2
160246269811400,1,1,1,200,1,0,0,0,0,1,0,2,0,0,1,2
160246285374600,2,1,1,200,1,0,0,0,0,1,0,1,0,0,1,2
160246285409400,1,1,1,200,1,0,0,0,0,1,0,2,0,0,1,2
160246300659200,2,1,1,200,1,0,0,0,0,1,0,1,0,0,1,2
160246300705000,1,1,1,200,1,0,0,0,0,1,0,2,0,0,1,2
160246316240000,2,1,1,200,1,0,0,0,0,1,0,1,0,0,1,2
160246316348400,1,1,1,200,1,0,0,0,0,1,0,2,0,0,1,2
160246332354700,2,1,1,200,1,0,0,0,0,1,0,1,0,0,1,2
160246332394000,1,1,1,200,1,0,0,0,0,1,0,2,0,0,1,2
160246347862700,2,1,1,200,1,0,0,0,0,1,0,1,0,0,1,2
160246347947500,1,1,1,200,1,0,0,0,0,1,0,2,0,0,1,2
160246363428100,2,1,1,200,1,0,0,0,0,1,0,1,0,0,1,2
160246363555200,1,1,1,200,1,0,0,0,0,1,0,2,0,0,1,2
160246379107500,2,1,1,200,1,0,0,0,0,1,0,1,0,0,1,2
160246379150200,1,1,1,200,1,0,0,0,0,1,0,2,0,0,1,2
160246394586200,2,1,1,200,1,0,0,0,0,1,0,1,0,0,1,2
160246394648100,1,1,1,200,1,0,0,0,0,1,0,2,0,0,1,2
160246410358900,2,1,1,200,1,0,0,0,0,1,0,1,0,0,1,2
160246410500800,1,1,1,200,1,0,0,0,0,1,0,2,0,0,1,2
160246425457000,2,1,1,200,1,0,0,0,0,1,0,1,0,0,1,2
160246425554900,1,1,1,200,1,0,0,0,0,1,0,2,0,0,1,2
160246440927100,2,1,1,200,1,0,0,0,0,1,0,1,0,0,1,2
160246440966100,1,1,1,200,1,0,0,0,0,1,0,2,0,0,1,2
160246456472700,2,1,1,200,1,0,0,0,0,1,0,1,0,0,1,2
160246456500500,1,1,1,200,1,0,0,0,0,1,0,2,0,0,1,2
160246472553100,2,1,1,200,1,0,0,0,0,1,0,1,0,0,1,2
160246472585100,1,1,1,200,1,0,0,0,0,1,0,2,0,0,1,2
160246487898000,2,1,1,200,1,0,0,0,0,1,0,1,0,0,1,2
160246488023600,1,1,1,200,1,0,0,0,0,1,0,2,0,0,1,2
160246503647500,2,1,1,200,1,0,0,0,0,1,0,1,0,0,1,2
160246503690700,1,1,1,200,1,0,0,0,0,1,0,2,0,0,1,2
160246519060400,2,1,1,200,1,0,0,0,0,1,0,1,0,0,1,2
160246519090900,1,1,1,200,1,0,0,0,0,1,0,2,0,0,1,2
160246534500100,2,1,1,200,1,0,0,0,0,1,0,1,0,0,1,2
160246534526500,1,1,1,200,1,0,0,0,0,1,0,2,0,0,1,2
160246550121300,2,1,1,200,1,0,0,0,0,1,0,1,0,0,1,2
160246550148900,1,1,1,200,1,0,0,0,0,1,0,2,0,0,1,2
160246565529200,2,1,1,200,1,0,0,0,0,1,0,1,0,0,1,2
160246565609500,1,1,1,200,1,0,0,0,0,1,0,2,0,0,1,2
160246580790800,2,1,1,200,1,0,0,0,0,1,0,1,0,0,1,2
160246580880800,1,1,1,200,1,0,0,0,0,1,0,2,0,0,1,2
160246596362000,2,1,1,200,1,0,0,0,0,1,0,1,0,0,1,2
160246596390500,1,1,1,200,1,0,0,0,0,1,0,2,0,0,1,2
160246612101500,2,1,1,200,1,0,0,0,0,1,0,1,0,0,1,2
160246612181200,1,1,1,200,1,0,0,0,0,1,0,2,0,0,1,2
160246627435500,2,1,1,200,1,0,0,0,0,1,0,1,0,0,1,2
160246627481000,1,1,1,200,1,0,0,0,0,1,0,2,0,0,1,2
160246643479300,2,1,1,200,1,0,0,0,0,1,0,1,0,0,1,2
160246643655200,1,1,1,200,1,0,0,0,0,1,0,2,0,0,1,2
160246659112900,2,1,1,200,1,0,0,0,0,1,0,1,0,0,1,2
160246659161100,1,1,1,200,1,0,0,0,0,1,0,2,0,0,1,2
160246674619000,2,1,1,200,1,0,0,0,0,1,0,1,0,0,1,2
160246674648800,1,1,1,200,1,0,0,0,0,1,0,2,0,0,1,2
160246689886800,2,1,1,200,1,0,0,0,0,1,0,1,0,0,1,2
160246689910400,1,1,1,200,1,0,0,0,0,1,0,2,0,0,1,2
160246705127400,2,1,1,200,1,0,0,0,0,1,0,1,0,0,1,2
160246705185800,1,1,1,200,1,0,0,0,0,1,0,2,0,0,1,2
160246720406600,2,1,1,200,1,0,0,0,0,1,0,1,0,0,1,2
160246720509300,1,1,1,200,1,0,0,0,0,1,0,2,0,0,1,2
160246736516100,2,1,1,200,1,0,0,0,0,1,0,1,0,0,1,2
160246736645700,1,1,1,200,1,0,0,0,0,1,0,2,0,0,1,2
160246752579500,2,1,1,200,1,0,0,0,0,1,0,1,0,0,1,2
160246752715200,1,1,1,200,1,0,0,0,0,1,0,2,0,0,1,2
160246768184900,2,1,1,200,1,0,0,0,0,1,0,1,0,0,1,2
160246768218000,1,1,1,200,1,0,0,0,0,1,0,2,0,0,1,2
160246783329500,2,1,1,200,1,0,0,0,0,1,0,1,0,0,1,2
160246783358200,1,1,1,200,1,0,0,0,0,1,0,2,0,0,1,2
160246798808400,2,1,1,200,1,0,0,0,0,1,0,1,0,0,1,2
160246798943500,1,1,1,200,1,0,0,0,0,1,0,2,0,0,1,2
160246814283200,2,1,1,200,1,0,0,0,0,1,0,1,0,0,1,2
160246814348800,1,1,1,200,1,0,0,0,0,1,0,2,0,0,1,2
160246829764800,2,1,1,200,1,0,0,0,0,1,0,1,0,0,1,2
160246829809000,1,1,1,200,1,0,0,0,0,1,0,2,0,0,1,2
160246845615000,2,1,1,200,1,0,0,0,0,1,0,1,0,0,1,2
160246845653500,1,1,1,200,1,0,0,0,0,1,0,2,0,0,1,2
160246860958900,2,1,1,200,1,0,0,0,0,1,0,1,0,0,1,2
160246861001600,1,1,1,200,1,0,0,0,0,1,0,2,0,0,1,2
160246876558400,2,1,1,200,1,0,0,0,0,1,0,1,0,0,1,2
160246876613200,1,1,1,200,1,0,0,0,0,1,0,2,0,0,1,2
160246892730200,2,1,1,200,1,0,0,0,0,1,0,1,0,0,1,2
160246892770300,1,1,1,200,1,0,0,0,0,1,0,2,0,0,1,2
160246908129500,2,1,1,200,1,0,0,0,0,1,0,1,0,0,1,2
160246908220400,1,1,1,200,1,0,0,0,0,1,0,2,0,0,1,2
160246923286600,2,1,1,200,1,0,0,0,0,1,0,1,0,0,1,2
160246923353800,1,1,1,200,1,0,0,0,0,1,0,2,0,0,1,2
160246938584000,2,1,1,200,1,0,0,0,0,1,0,1,0,0,1,2
160246938613500,1,1,1,200,1,0,0,0,0,1,0,2,0,0,1,2
160246954691800,2,1,1,200,1,0,0,0,0,1,0,1,0,0,1,2
160246954728700,1,1,1,200,1,0,0,0,0,1,0,2,0,0,1,2
160246970305300,2,1,1,200,1,0,0,0,0,1,0,1,0,0,1,2
160246970343100,1,1,1,200,1,0,0,0,0,1,0,2,0,0,1,2
160246986269300,2,1,1,200,1,0,0,0,0,1,0,1,0,0,1,2
160246986302400,1,1,1,200,1,0,0,0,0,1,0,2,0,0,1,2
160247002373400,2,1,1,200,1,0,0,0,0,1,0,1,0,0,1,2
160247002400700,1,1,1,200,1,0,0,0,0,1,0,2,0,0,1,2
160247017734100,2,1,1,200,1,0,0,0,0,1,0,1,0,0,1,2
160247017785100,1,1,1,200,1,0,0,0,0,1,0,2,0,0,1,2
160247033212000,2,1,1,200,1,0,0,0,0,1,0,1,0,0,1,2
160247033239500,1,1,1,200,1,0,0,0,0,1,0,2,0,0,1,2
160247048440000,2,1,1,200,1,0,0,0,0,1,0,1,0,0,1,2
160247048470000,1,1,1,200,1,0,0,0,0,1,0,2,0,0,1,2
160247064005000,2,1,1,200,1,0,0,0,0,1,0,1,0,0,1,2
160247064034500,1,1,1,200,1,0,0,0,0,1,0,2,0,0,1,2
160247079734400,2,1,1,200,1,0,0,0,0,1,0,1,0,0,1,2
160247079775200,1,1,1,200,1,0,0,0,0,1,0,2,0,0,1,2
160247095162600,2,1,1,200,1,0,0,0,0,1,0,1,0,0,1,2
160247095202500,1,1,1,200,1,0,0,0,0,1,0,2,0,0,1,2
160247111184500,2,1,1,200,1,0,0,0,0,1,0,1,0,0,1,2
160247111302200,1,1,1,200,1,0,0,0,0,1,0,2,0,0,1,2
160247126839800,2,1,1,200,1,0,0,0,0,1,0,1,0,0,1,2
160247126880500,1,1,1,200,1,0,0,0,0,1,0,2,0,0,1,2
160247142206400,2,1,1,200,1,0,0,0,0,1,0,1,0,0,1,2
160247142276000,1,1,1,200,1,0,0,0,0,1,0,2,0,0,1,2
160247157273300,2,1,1,200,1,0,0,0,0,1,0,1,0,0,1,2
160247157300100,1,1,1,200,1,0,0,0,0,1,0,2,0,0,1,2
160247172808300,2,1,1,200,1,0,0,0,0,1,0,1,0,0,1,2
160247172897200,1,1,1,200,1,0,0,0,0,1,0,2,0,0,1,2
160247188187600,2,1,1,200,1,0,0,0,0,1,0,1,0,0,1,2
160247188267700,1,1,1,200,1,0,0,0,0,1,0,2,0,0,1,2
160247203367900,2,1,1,200,1,0,0,0,0,1,0,1,0,0,1,2
160247203401100,1,1,1,200,1,0,0,0,0,1,0,2,0,0,1,2
160247218958400,2,1,1,200,1,0,0,0,0,1,0,1,0,0,1,2
160247219034700,1,1,1,200,1,0,0,0,0,1,0,2,0,0,1,2
160247234053100,2,1,1,200,1,0,0,0,0,1,0,1,0,0,1,2
160247234078000,1,1,1,200,1,0,0,0,0,1,0,2,0,0,1,2
160247249596000,2,1,1,200,1,0,0,0,0,1,0,1,0,0,1,2
160247249623600,1,1,1,200,1,0,0,0,0,1,0,2,0,0,1,2
160247265578500,2,1,1,200,1,0,0,0,0,1,0,1,0,0,1,2
160247265623300,1,1,1,200,1,0,0,0,0,1,0,2,0,0,1,2
160247281131500,2,1,1,200,1,0,0,0,0,1,0,1,0,0,1,2
160247281171500,1,1,1,200,1,0,0,0,0,1,0,2,0,0,1,2
160247296566700,2,1,1,200,1,0,0,0,0,1,0,1,0,0,1,2
160247296615800,1,1,1,200,1,0,0,0,0,1,0,2,0,0,1,2
160247312308500,2,1,1,200,1,0,0,0,0,1,0,1,0,0,1,2
160247312357500,1,1,1,200,1,0,0,0,0,1,0,2,0,0,1,2
160247327561000,2,1,1,200,1,0,0,0,0,1,0,1,0,0,1,2
160247327644100,1,1,1,200,1,0,0,0,0,1,0,2,0,0,1,2
160247342937000,2,1,1,200,1,0,0,0,0,1,0,1,0,0,1,2
160247342998500,1,1,1,200,1,0,0,0,0,1,0,2,0,0,1,2
160247358464800,2,1,1,200,1,0,0,0,0,1,0,1,0,0,1,2
160247358540400,1,1,1,200,1,0,0,0,0,1,0,2,0,0,1,2
160247373946500,2,1,1,200,1,0,0,0,0,1,0,1,0,0,1,2
160247373974900,1,1,1,200,1,0,0,0,0,1,0,2,0,0,1,2
160247389403300,2,1,1,200,1,0,0,0,0,1,0,1,0,0,1,2
160247389427600,1,1,1,200,1,0,0,0,0,1,0,2,0,0,1,2
160247404854400,2,1,1,200,1,0,0,0,0,1,0,1,0,0,1,2
160247404885100,1,1,1,200,1,0,0,0,0,1,0,2,0,0,1,2
160247420938500,2,1,1,200,1,0,0,0,0,1,0,1,0,0,1,2
160247421054600,1,1,1,200,1,0,0,0,0,1,0,2,0,0,1,2
160247436514500,2,1,1,200,1,0,0,0,0,1,0,1,0,0,1,2
160247436548500,1,1,1,200,1,0,0,0,0,1,0,2,0,0,1,2
160247451929400,2,1,1,200,1,0,0,0,0,1,0,1,0,0,1,2
160247451972700,1,1,1,200,1,0,0,0,0,1,0,2,0,0,1,2
160247467471200,2,1,1,200,1,0,0,0,0,1,0,1,0,0,1,2
160247467501400,1,1,1,200,1,0,0,0,0,1,0,2,0,0,1,2
160247482709400,2,1,1,200,1,0,0,0,0,1,0,1,0,0,1,2
160247482750100,1,1,1,200,1,0,0,0,0,1,0,2,0,0,1,2
160247498922200,2,1,1,200,1,0,0,0,0,1,0,1,0,0,1,2
160247498993700,1,1,1,200,1,0,0,0,0,1,0,2,0,0,1,2
160247514632500,2,1,1,200,1,0,0,0,0,1,0,1,0,0,1,2
160247514663900,1,1,1,200,1,0,0,0,0,1,0,2,0,0,1,2
160247530198900,2,1,1,200,1,0,0,0,0,1,0,1,0,0,1,2
160247530276200,1,1,1,200,1,0,0,0,0,1,0,2,0,0,1,2
160247546344700,2,1,1,200,1,0,0,0,0,1,0,1,0,0,1,2
160247546391600,1,1,1,200,1,0,0,0,0,1,0,2,0,0,1,2
160247561897300,2,1,1,200,1,0,0,0,0,1,0,1,0,0,1,2
160247561948200,1,1,1,200,1,0,0,0,0,1,0,2,0,0,1,2
160247577375400,2,1,1,200,1,0,0,0,0,1,0,1,0,0,1,2
160247577420400,1,1,1,200,1,0,0,0,0,1,0,2,0,0,1,2
160247592724700,2,1,1,200,1,0,0,0,0,1,0,1,0,0,1,2
160247592799500,1,1,1,200,1,0,0,0,0,1,0,2,0,0,1,2
160247608095900,2,1,1,200,1,0,0,0,0,1,0,1,0,0,1,2
160247608189600,1,1,1,200,1,0,0,0,0,1,0,2,0,0,1,2
160247623337900,2,1,1,200,1,0,0,0,0,1,0,1,0,0,1,2
160247623428300,1,1,1,200,1,0,0,0,0,1,0,2,0,0,1,2
160247638733600,2,1,1,200,1,0,0,0,0,1,0,1,0,0,1,2
160247638761300,1,1,1,200,1,0,0,0,0,1,0,2,0,0,1,2
160247654251700,2,1,1,200,1,0,0,0,0,1,0,1,0,0,1,2
160247654285000,1,1,1,200,1,0,0,0,0,1,0,2,0,0,1,2
160247669847600,2,1,1,200,1,0,0,0,0,1,0,1,0,0,1,2
160247669882500,1,1,1,200,1,0,0,0,0,1,0,2,0,0,1,2
160247685014600,2,1,1,200,1,0,0,0,0,1,0,1,0,0,1,2
160247685078800,1,1,1,200,1,0,0,0,0,1,0,2,0,0,1,2
160247700086000,2,1,1,200,1,0,0,0,0,1,0,1,0,0,1,2
160247700113300,1,1,1,200,1,0,0,0,0,1,0,2,0,0,1,2
160247715335900,2,1,1,200,1,0,0,0,0,1,0,1,0,0,1,2
160247715365500,1,1,1,200,1,0,0,0,0,1,0,2,0,0,1,2
160247730798700,2,1,1,200,1,0,0,0,0,1,0,1,0,0,1,2
160247730881200,1,1,1,200,1,0,0,0,0,1,0,2,0,0,1,2
160247746575200,2,1,1,200,1,0,0,0,0,1,0,1,0,0,1,2
160247746623600,1,1,1,200,1,0,0,0,0,1,0,2,0,0,1,2
160247762523400,2,1,1,200,1,0,0,0,0,1,0,1,0,0,1,2
160247762565600,1,1,1,200,1,0,0,0,0,1,0,2,0,0,1,2
160247778291500,2,1,1,200,1,0,0,0,0,1,0,1,0,0,1,2
160247778351400,1,1,1,200,1,0,0,0,0,1,0,2,0,0,1,2
160247793751000,2,1,1,200,1,0,0,0,0,1,0,1,0,0,1,2
160247793801200,1,1,1,200,1,0,0,0,0,1,0,2,0,0,1,2
160247809180100,2,1,1,200,1,0,0,0,0,1,0,1,0,0,1,2
160247809224600,1,1,1,200,1,0,0,0,0,1,0,2,0,0,1,2
160247824677100,2,1,1,200,1,0,0,0,0,1,0,1,0,0,1,2
160247824709100,1,1,1,200,1,0,0,0,0,1,0,2,0,0,1,2
160247840231000,2,1,1,200,1,0,0,0,0,1,0,1,0,0,1,2
160247840276200,1,1,1,200,1,0,0,0,0,1,0,2,0,0,1,2
160247855544700,2,1,1,200,1,0,0,0,0,1,0,1,0,0,1,2
160247855584200,1,1,1,200,1,0,0,0,0,1,0,2,0,0,1,2
160247871199700,2,1,1,200,1,0,0,0,0,1,0,1,0,0,1,2
160247871243800,1,1,1,200,1,0,0,0,0,1,0,2,0,0,1,2
160247886829800,2,1,1,200,1,0,0,0,0,1,0,1,0,0,1,2
160247886917400,1,1,1,200,1,0,0,0,0,1,0,2,0,0,1,2
160247902744400,2,1,1,200,1,0,0,0,0,1,0,1,0,0,1,2
160247902772400,1,1,1,200,1,0,0,0,0,1,0,2,0,0,1,2
160247918111800,2,1,1,200,1,0,0,0,0,1,0,1,0,0,1,2
160247918206800,1,1,1,200,1,0,0,0,0,1,0,2,0,0,1,2
160247933712900,2,1,1,200,1,0,0,0,0,1,0,1,0,0,1,2
160247933748500,1,1,1,200,1,0,0,0,0,1,0,2,0,0,1,2
160247948873600,2,1,1,200,1,0,0,0,0,1,0,1,0,0,1,2
160247949006200,1,1,1,200,1,0,0,0,0,1,0,2,0,0,1,2
160247964517400,2,1,1,200,1,0,0,0,0,1,0,1,0,0,1,2
160247964560700,1,1,1,200,1,0,0,0,0,1,0,2,0,0,1,2
160247979861200,2,1,1,200,1,0,0,0,0,1,0,1,0,0,1,2
160247979900700,1,1,1,200,1,0,0,0,0,1,0,2,0,0,1,2
160247995047800,2,1,1,200,1,0,0,0,0,1,0,1,0,0,1,2
160247995108000,1,1,1,200,1,0,0,0,0,1,0,2,0,0,1,2
160248010233900,2,1,1,200,1,0,0,0,0,1,0,1,0,0,1,2
160248010276700,1,1,1,200,1,0,0,0,0,1,0,2,0,0,1,2
160248025563800,2,1,1,200,1,0,0,0,0,1,0,1,0,0,1,2
160248025599500,1,1,1,200,1,0,0,0,0,1,0,2,0,0,1,2
160248040803600,2,1,1,200,1,0,0,0,0,1,0,1,0,0,1,2
160248040833100,1,1,1,200,1,0,0,0,0,1,0,2,0,0,1,2
160248056285400,2,1,1,200,1,0,0,0,0,1,0,1,0,0,1,2
160248056310800,1,1,1,200,1,0,0,0,0,1,0,2,0,0,1,2
160248072134000,2,1,1,200,1,0,0,0,0,1,0,1,0,0,1,2
160248072162800,1,1,1,200,1,0,0,0,0,1,0,2,0,0,1,2
160248087803000,2,1,1,200,1,0,0,0,0,1,0,1,0,0,1,2
160248087849200,1,1,1,200,1,0,0,0,0,1,0,2,0,0,1,2
160248103827000,2,1,1,200,1,0,0,0,0,1,0,1,0,0,1,2
160248103868300,1,1,1,200,1,0,0,0,0,1,0,2,0,0,1,2
160248119243200,2,1,1,200,1,0,0,0,0,1,0,1,0,0,1,2
160248119291500,1,1,1,200,1,0,0,0,0,1,0,2,0,0,1,2
160248134451800,2,1,1,200,1,0,0,0,0,1,0,1,0,0,1,2
160248134481500,1,1,1,200,1,0,0,0,0,1,0,2,0,0,1,2
160248150150600,2,1,1,200,1,0,0,0,0,1,0,1,0,0,1,2
160248150193600,1,1,1,200,1,0,0,0,0,1,0,2,0,0,1,2
160248165734700,2,1,1,200,1,0,0,0,0,1,0,1,0,0,1,2
160248165776700,1,1,1,200,1,0,0,0,0,1,0,2,0,0,1,2
160248180935100,2,1,1,200,1,0,0,0,0,1,0,1,0,0,1,2
160248181065000,1,1,1,200,1,0,0,0,0,1,0,2,0,0,1,2
160248196524300,2,1,1,200,1,0,0,0,0,1,0,1,0,0,1,2
160248196587600,1,1,1,200,1,0,0,0,0,1,0,2,0,0,1,2
160248212672000,2,1,1,200,1,0,0,0,0,1,0,1,0,0,1,2
160248212711900,1,1,1,200,1,0,0,0,0,1,0,2,0,0,1,2
160248228200300,2,1,1,200,1,0,0,0,0,1,0,1,0,0,1,2
160248228241300,1,1,1,200,1,0,0,0,0,1,0,2,0,0,1,2
160248243755300,2,1,1,200,1,0,0,0,0,1,0,1,0,0,1,2
160248243807700,1,1,1,200,1,0,0,0,0,1,0,2,0,0,1,2
160248258776400,2,1,1,200,1,0,0,0,0,1,0,1,0,0,1,2
160248258827200,1,1,1,200,1,0,0,0,0,1,0,2,0,0,1,2
160248274318200,2,1,1,200,1,0,0,0,0,1,0,1,0,0,1,2
160248274374400,1,1,1,200,1,0,0,0,0,1,0,2,0,0,1,2
160248290056100,2,1,1,200,1,0,0,0,0,1,0,1,0,0,1,2
160248290102700,1,1,1,200,1,0,0,0,0,1,0,2,0,0,1,2
160248306072400,2,1,1,200,1,0,0,0,0,1,0,1,0,0,1,2
160248306107500,1,1,1,200,1,0,0,0,0,1,0,2,0,0,1,2
160248321498100,2,1,1,200,1,0,0,0,0,1,0,1,0,0,1,2
160248321561600,1,1,1,200,1,0,0,0,0,1,0,2,0,0,1,2
160248337152900,2,1,1,200,1,0,0,0,0,1,0,1,0,0,1,2
160248337194600,1,1,1,200,1,0,0,0,0,1,0,2,0,0,1,2
160248352489400,2,1,1,200,1,0,0,0,0,1,0,1,0,0,1,2
160248352526500,1,1,1,200,1,0,0,0,0,1,0,2,0,0,1,2
160248367622200,2,1,1,200,1,0,0,0,0,1,0,1,0,0,1,2
160248367756800,1,1,1,200,1,0,0,0,0,1,0,2,0,0,1,2
160248383174400,2,1,1,200,1,0,0,0,0,1,0,1,0,0,1,2
160248383203500,1,1,1,200,1,0,0,0,0,1,0,2,0,0,1,2
160248399289400,2,1,1,200,1,0,0,0,0,1,0,1,0,0,1,2
160248399400500,1,1,1,200,1,0,0,0,0,1,0,2,0,0,1,2
160248414484600,2,1,1,200,1,0,0,0,0,1,0,1,0,0,1,2
160248414512200,1,1,1,200,1,0,0,0,0,1,0,2,0,0,1,2
160248430068800,2,1,1,200,1,0,0,0,0,1,0,1,0,0,1,2
160248430103200,1,1,1,200,1,0,0,0,0,1,0,2,0,0,1,2
160248446279800,2,1,1,200,1,0,0,0,0,1,0,1,0,0,1,2
160248446320000,1,1,1,200,1,0,0,0,0,1,0,2,0,0,1,2
160248461691300,2,1,1,200,1,0,0,0,0,1,0,1,0,0,1,2
160248461733500,1,1,1,200,1,0,0,0,0,1,0,2,0,0,1,2
160248477647200,2,1,1,200,1,0,0,0,0,1,0,1,0,0,1,2
160248477679800,1,1,1,200,1,0,0,0,0,1,0,2,0,0,1,2
160248493151200,2,1,1,200,1,0,0,0,0,1,0,1,0,0,1,2
160248493187100,1,1,1,200,1,0,0,0,0,1,0,2,0,0,1,2
160248508432700,2,1,1,200,1,0,0,0,0,1,0,1,0,0,1,2
160248508490300,1,1,1,200,1,0,0,0,0,1,0,2,0,0,1,2
160248523744400,2,1,1,200,1,0,0,0,0,1,0,1,0,0,1,2
160248523805700,1,1,1,200,1,0,0,0,0,1,0,2,0,0,1,2
160248539286000,2,1,1,200,1,0,0,0,0,1,0,1,0,0,1,2
160248539328600,1,1,1,200,1,0,0,0,0,1,0,2,0,0,1,2
160248554652900,2,1,1,200,1,0,0,0,0,1,0,1,0,0,1,2
160248554692400,1,1,1,200,1,0,0,0,0,1,0,2,0,0,1,2
160248570639000,2,1,1,200,1,0,0,0,0,1,0,1,0,0,1,2
160248570672500,1,1,1,200,1,0,0,0,0,1,0,2,0,0,1,2
160248586416600,2,1,1,200,1,0,0,0,0,1,0,1,0,0,1,2
160248586515100,1,1,1,200,1,0,0,0,0,1,0,2,0,0,1,2
160248601660500,2,1,1,200,1,0,0,0,0,1,0,1,0,0,1,2
160248601704200,1,1,1,200,1,0,0,0,0,1,0,2,0,0,1,2
160248617179400,2,1,1,200,1,0,0,0,0,1,0,1,0,0,1,2
160248617222800,1,1,1,200,1,0,0,0,0,1,0,2,0,0,1,2
160248632545400,2,1,1,200,1,0,0,0,0,1,0,1,0,0,1,2
160248632602400,1,1,1,200,1,0,0,0,0,1,0,2,0,0,1,2
160248648174800,2,1,1,200,1,0,0,0,0,1,0,1,0,0,1,2
160248648223200,1,1,1,200,1,0,0,0,0,1,0,2,0,0,1,2
160248663442600,2,1,1,200,1,0,0,0,0,1,0,1,0,0,1,2
160248663540200,1,1,1,200,1,0,0,0,0,1,0,2,0,0,1,2
160248678588800,2,1,1,200,1,0,0,0,0,1,0,1,0,0,1,2
160248678662400,1,1,1,200,1,0,0,0,0,1,0,2,0,0,1,2
160248694092100,2,1,1,200,1,0,0,0,0,1,0,1,0,0,1,2
160248694134200,1,1,1,200,1,0,0,0,0,1,0,2,0,0,1,2
160248709979000,2,1,1,200,1,0,0,0,0,1,0,1,0,0,1,2
160248710062200,1,1,1,200,1,0,0,0,0,1,0,2,0,0,1,2
160248725583500,2,1,1,200,1,0,0,0,0,1,0,1,0,0,1,2
160248725628400,1,1,1,200,1,0,0,0,0,1,0,2,0,0,1,2
160248741161000,2,1,1,200,1,0,0,0,0,1,0,1,0,0,1,2
160248741203600,1,1,1,200,1,0,0,0,0,1,0,2,0,0,1,2
160248756519500,2,1,1,200,1,0,0,0,0,1,0,1,0,0,1,2
160248756590700,1,1,1,200,1,0,0,0,0,1,0,2,0,0,1,2
160248771551300,2,1,1,200,1,0,0,0,0,1,0,1,0,0,1,2
160248771591900,1,1,1,200,1,0,0,0,0,1,0,2,0,0,1,2
160248787066700,2,1,1,200,1,0,0,0,0,1,0,1,0,0,1,2
160248787111700,1,1,1,200,1,0,0,0,0,1,0,2,0,0,1,2
160248803024900,2,1,1,200,1,0,0,0,0,1,0,1,0,0,1,2
160248803077800,1,1,1,200,1,0,0,0,0,1,0,2,0,0,1,2
160248818295400,2,1,1,200,1,0,0,0,0,1,0,1,0,0,1,2
160248818328000,1,1,1,200,1,0,0,0,0,1,0,2,0,0,1,2
160248833711900,2,1,1,200,1,0,0,0,0,1,0,1,0,0,1,2
160248833762000,1,1,1,200,1,0,0,0,0,1,0,2,0,0,1,2
160248849246000,2,1,1,200,1,0,0,0,0,1,0,1,0,0,1,2
160248849285900,1,1,1,200,1,0,0,0,0,1,0,2,0,0,1,2
160248864770700,2,1,1,200,1,0,0,0,0,1,0,1,0,0,1,2
160248864819800,1,1,1,200,1,0,0,0,0,1,0,2,0,0,1,2
160248880259100,2,1,1,200,1,0,0,0,0,1,0,1,0,0,1,2
160248880299500,1,1,1,200,1,0,0,0,0,1,0,2,0,0,1,2
160248895551900,2,1,1,200,1,0,0,0,0,1,0,1,0,0,1,2
160248895595000,1,1,1,200,1,0,0,0,0,1,0,2,0,0,1,2
160248911124600,2,1,1,200,1,0,0,0,0,1,0,1,0,0,1,2
160248911175700,1,1,1,200,1,0,0,0,0,1,0,2,0,0,1,2
160248926667500,2,1,1,200,1,0,0,0,0,1,0,1,0,0,1,2
160248926731800,1,1,1,200,1,0,0,0,0,1,0,2,0,0,1,2
160248942687100,2,1,1,200,1,0,0,0,0,1,0,1,0,0,1,2
160248942733200,1,1,1,200,1,0,0,0,0,1,0,2,0,0,1,2
160248958155300,2,1,1,200,1,0,0,0,0,1,0,1,0,0,1,2
160248958259200,1,1,1,200,1,0,0,0,0,1,0,2,0,0,1,2
160248973516300,2,1,1,200,1,0,0,0,0,1,0,1,0,0,1,2
160248973551800,1,1,1,200,1,0,0,0,0,1,0,2,0,0,1,2
160248988878200,2,1,1,200,1,0,0,0,0,1,0,1,0,0,1,2
160248988922500,1,1,1,200,1,0,0,0,0,1,0,2,0,0,1,2
160249004403900,2,1,1,200,1,0,0,0,0,1,0,1,0,0,1,2
160249004463200,1,1,1,200,1,0,0,0,0,1,0,2,0,0,1,2
160249019731500,2,1,1,200,1,0,0,0,0,1,0,1,0,0,1,2
160249019780500,1,1,1,200,1,0,0,0,0,1,0,2,0,0,1,2
160249034910000,2,1,1,200,1,0,0,0,0,1,0,1,0,0,1,2
160249034956400,1,1,1,200,1,0,0,0,0,1,0,2,0,0,1,2
160249050491400,2,1,1,200,1,0,0,0,0,1,0,1,0,0,1,2
160249050539600,1,1,1,200,1,0,0,0,0,1,0,2,0,0,1,2
160249066554300,2,1,1,200,1,0,0,0,0,1,0,1,0,0,1,2
160249066599900,1,1,1,200,1,0,0,0,0,1,0,2,0,0,1,2
160249082002500,2,1,1,200,1,0,0,0,0,1,0,1,0,0,1,2
160249082108100,1,1,1,200,1,0,0,0,0,1,0,2,0,0,1,2
160249097697400,2,1,1,200,1,0,0,0,0,1,0,1,0,0,1,2
160249097735100,1,1,1,200,1,0,0,0,0,1,0,2,0,0,1,2
160249112883500,2,1,1,200,1,0,0,0,0,1,0,1,0,0,1,2
160249112946800,1,1,1,200,1,0,0,0,0,1,0,2,0,0,1,2
160249128373000,2,1,1,200,1,0,0,0,0,1,0,1,0,0,1,2
160249128448900,1,1,1,200,1,0,0,0,0,1,0,2,0,0,1,2
160249143855400,2,1,1,200,1,0,0,0,0,1,0,1,0,0,1,2
160249143900400,1,1,1,200,1,0,0,0,0,1,0,2,0,0,1,2
160249159189800,2,1,1,200,1,0,0,0,0,1,0,1,0,0,1,2
160249159231700,1,1,1,200,1,0,0,0,0,1,0,2,0,0,1,2
160249174949200,2,1,1,200,1,0,0,0,0,1,0,1,0,0,1,2
160249174979900,1,1,1,200,1,0,0,0,0,1,0,2,0,0,1,2
160249190233500,2,1,1,200,1,0,0,0,0,1,0,1,0,0,1,2
160249190262400,1,1,1,200,1,0,0,0,0,1,0,2,0,0,1,2
160249206215000,2,1,1,200,1,0,0,0,0,1,0,1,0,0,1,2
160249206254200,1,1,1,200,1,0,0,0,0,1,0,2,0,0,1,2
160249221551100,2,1,1,200,1,0,0,0,0,1,0,1,0,0,1,2
160249221592500,1,1,1,200,1,0,0,0,0,1,0,2,0,0,1,2
160249237079300,2,1,1,200,1,0,0,0,0,1,0,1,0,0,1,2
160249237124300,1,1,1,200,1,0,0,0,0,1,0,2,0,0,1,2
160249252958400,2,1,1,200,1,0,0,0,0,1,0,1,0,0,1,2
160249253001900,1,1,1,200,1,0,0,0,0,1,0,2,0,0,1,2
160249268015700,2,1,1,200,1,0,0,0,0,1,0,1,0,0,1,2
160249268045400,1,1,1,200,1,0,0,0,0,1,0,2,0,0,1,2
160249283652700,2,1,1,200,1,0,0,0,0,1,0,1,0,0,1,2
160249283705100,1,1,1,200,1,0,0,0,0,1,0,2,0,0,1,2
160249299289000,2,1,1,200,1,0,0,0,0,1,0,1,0,0,1,2
160249299318400,1,1,1,200,1,0,0,0,0,1,0,2,0,0,1,2
160249314712200,2,1,1,200,1,0,0,0,0,1,0,1,0,0,1,2
160249314748100,1,1,1,200,1,0,0,0,0,1,0,2,0,0,1,2
160249330127500,2,1,1,200,1,0,0,0,0,1,0,1,0,0,1,2
160249330206500,1,1,1,200,1,0,0,0,0,1,0,2,0,0,1,2
160249346299900,2,1,1,200,1,0,0,0,0,1,0,1,0,0,1,2
160249346352700,1,1,1,200,1,0,0,0,0,1,0,2,0,0,1,2
160249361629200,2,1,1,200,1,0,0,0,0,1,0,1,0,0,1,2
160249361677400,1,1,1,200,1,0,0,0,0,1,0,2,0,0,1,2
160249377076200,2,1,1,200,1,0,0,0,0,1,0,1,0,0,1,2
160249377129100,1,1,1,200,1,0,0,0,0,1,0,2,0,0,1,2
160249392630900,2,1,1,200,1,0,0,0,0,1,0,1,0,0,1,2
160249392729200,1,1,1,200,1,0,0,0,0,1,0,2,0,0,1,2
160249408090000,2,1,1,200,1,0,0,0,0,1,0,1,0,0,1,2
160249408214900,1,1,1,200,1,0,0,0,0,1,0,2,0,0,1,2
160249423269800,2,1,1,200,1,0,0,0,0,1,0,1,0,0,1,2
160249423305800,1,1,1,200,1,0,0,0,0,1,0,2,0,0,1,2
160249438563400,2,1,1,200,1,0,0,0,0,1,0,1,0,0,1,0
160249438601400,1,1,1,200,1,0,0,0,0,1,0,2,0,0,1,0
160249454082800,2,1,1,200,1,0,0,0,0,1,0,1,0,0,1,0
160249454130700,1,1,1,200,1,0,0,0,0,1,0,2,0,0,1,0
160249469510200,2,1,1,200,1,0,0,0,0,1,0,1,0,0,1,0
160249469539200,1,1,1,200,1,0,0,0,0,1,0,2,0,0,1,0
160249485176700,2,1,1,200,1,0,0,0,0,1,0,1,0,0,1,0
160249485216100,1,1,1,200,1,0,0,0,0,1,0,2,0,0,1,0
160249500608700,2,1,1,200,1,0,0,0,0,1,0,1,0,0,1,0
160249500737800,1,1,1,200,1,0,0,0,0,1,0,2,0,0,1,0
160249516296100,2,1,1,200,1,0,0,0,0,1,0,1,0,0,1,0
160249516323400,1,1,1,200,1,0,0,0,0,1,0,2,0,0,1,0
160249531818200,2,1,1,200,1,0,0,0,0,1,0,1,0,0,1,0
160249531879100,1,1,1,200,1,0,0,0,0,1,0,2,0,0,1,0
160249547274300,2,1,1,200,1,0,0,0,0,1,0,1,0,0,1,0
160249547304100,1,1,1,200,1,0,0,0,0,1,0,2,0,0,1,0
160249562821400,2,1,1,200,1,0,0,0,0,1,0,1,0,0,1,0
160249562954300,1,1,1,200,1,0,0,0,0,1,0,2,0,0,1,0
160249578088400,2,1,1,200,1,0,0,0,0,1,0,1,0,0,1,0
160249578125300,1,1,1,200,1,0,0,0,0,1,0,2,0,0,1,0
160249593872000,2,1,1,200,1,0,0,0,0,1,0,1,0,0,1,0
160249593920400,1,1,1,200,1,0,0,0,0,1,0,2,0,0,1,0
160249609492300,2,1,1,200,1,0,0,0,0,1,0,1,0,0,1,0
160249609534600,1,1,1,200,1,0,0,0,0,1,0,2,0,0,1,0
160249625013500,2,1,1,200,1,0,0,0,0,1,0,1,0,0,1,0
160249625054700,1,1,1,200,1,0,0,0,0,1,0,2,0,0,1,0
160249640886700,2,1,1,200,1,0,0,0,0,1,0,1,0,0,1,0
160249640961000,1,1,1,200,1,0,0,0,0,1,0,2,0,0,1,0
160249656556500,2,1,1,200,1,0,0,0,0,1,0,1,0,0,1,0
160249656602200,1,1,1,200,1,0,0,0,0,1,0,2,0,0,1,0
160249671670400,2,1,1,200,1,0,0,0,0,1,0,1,0,0,1,0
160249671719200,1,1,1,200,1,0,0,0,0,1,0,2,0,0,1,0
160249687287300,2,1,1,200,1,0,0,0,0,1,0,1,0,0,1,0
160249687338800,1,1,1,200,1,0,0,0,0,1,0,2,0,0,1,0
160249702561900,2,1,1,200,1,0,0,0,0,1,0,1,0,0,1,0
160249702610400,1,1,1,200,1,0,0,0,0,1,0,2,0,0,1,0
160249717854900,2,1,1,200,1,0,0,0,0,1,0,1,0,0,1,0
160249717897500,1,1,1,200,1,0,0,0,0,1,0,2,0,0,1,0
160249733659800,2,1,1,200,1,0,0,0,0,1,0,1,0,0,1,0
160249733704300,1,1,1,200,1,0,0,0,0,1,0,2,0,0,1,0
160249748956600,2,1,1,200,1,0,0,0,0,1,0,1,0,0,1,0
160249749073300,1,1,1,200,1,0,0,0,0,1,0,2,0,0,1,0
160249764603900,2,1,1,200,1,0,0,0,0,1,0,1,0,0,1,0
160249764634000,1,1,1,200,1,0,0,0,0,1,0,2,0,0,1,0
160249780440300,2,1,1,200,1,0,0,0,0,1,0,1,0,0,1,0
160249780485600,1,1,1,200,1,0,0,0,0,1,0,2,0,0,1,0
160249796399000,2,1,1,200,1,0,0,0,0,1,0,1,0,0,1,0
160249796487600,1,1,1,200,1,0,0,0,0,1,0,2,0,0,1,0
160249811658300,2,1,1,200,1,0,0,0,0,1,0,1,0,0,1,0
160249811721100,1,1,1,200,1,0,0,0,0,1,0,2,0,0,1,0
160249827077200,2,1,1,200,1,0,0,0,0,1,0,1,0,0,1,0
160249827117600,1,1,1,200,1,0,0,0,0,1,0,2,0,0,1,0
160249842670100,2,1,1,200,1,0,0,0,0,1,0,1,0,0,1,0
160249842730300,1,1,1,200,1,0,0,0,0,1,0,2,0,0,1,0
160249857798600,2,1,1,200,1,0,0,0,0,1,0,1,0,0,1,0
160249857872200,1,1,1,200,1,0,0,0,0,1,0,2,0,0,1,0
160249873273600,2,1,1,200,1,0,0,0,0,1,0,1,0,0,1,0
160249873306600,1,1,1,200,1,0,0,0,0,1,0,2,0,0,1,0
160249888716800,2,1,1,200,1,0,0,0,0,1,0,1,0,0,1,0
160249888746800,1,1,1,200,1,0,0,0,0,1,0,2,0,0,1,0
160249904195100,2,1,1,200,1,0,0,0,0,1,0,1,0,0,1,0
160249904228500,1,1,1,200,1,0,0,0,0,1,0,2,0,0,1,0
160249919838800,2,1,1,200,1,0,0,0,0,1,0,1,0,0,1,0
160249919885300,1,1,1,200,1,0,0,0,0,1,0,2,0,0,1,0
160249935298700,2,1,1,200,1,0,0,0,0,1,0,1,0,0,1,0
160249935346100,1,1,1,200,1,0,0,0,0,1,0,2,0,0,1,0
160249950741600,2,1,1,200,1,0,0,0,0,1,0,1,0,0,1,0
160249950775600,1,1,1,200,1,0,0,0,0,1,0,2,0,0,1,0
160249966344100,2,1,1,200,1,0,0,0,0,1,0,1,0,0,1,0
160249966376700,1,1,1,200,1,0,0,0,0,1,0,2,0,0,1,0
160249981572900,2,1,1,200,1,0,0,0,0,1,0,1,0,0,1,0
160249981687700,1,1,1,200,1,0,0,0,0,1,0,2,0,0,1,0
160249997025300,2,1,1,200,1,0,0,0,0,1,0,1,0,0,1,0
160249997115000,1,1,1,200,1,0,0,0,0,1,0,2,0,0,1,0
160250012138400,2,1,1,200,1,0,0,0,0,1,0,1,0,0,1,0
160250012253200,1,1,1,200,1,0,0,0,0,1,0,2,0,0,1,0
160250027454900,2,1,1,200,1,0,0,0,0,1,0,1,0,0,1,0
160250027506100,1,1,1,200,1,0,0,0,0,1,0,2,0,0,1,0
160250042510700,2,1,1,200,1,0,0,0,0,1,0,1,0,0,1,0
160250042799900,1,1,1,200,1,0,0,0,0,1,0,2,0,0,1,0
160250057835400,2,1,1,200,1,0,0,0,0,1,0,1,0,0,1,0
160250057867200,1,1,1,200,1,0,0,0,0,1,0,2,0,0,1,0
160250073339300,2,1,1,200,1,0,0,0,0,1,0,1,0,0,1,0
160250073367800,1,1,1,200,1,0,0,0,0,1,0,2,0,0,1,0
160250088528400,2,1,1,200,1,0,0,0,0,1,0,1,0,0,1,0
160250088560700,1,1,1,200,1,0,0,0,0,1,0,2,0,0,1,0
160250104022300,2,1,1,200,1,0,0,0,0,1,0,1,0,0,1,0
160250104065900,1,1,1,200,1,0,0,0,0,1,0,2,0,0,1,0
160250119447000,2,1,1,200,1,0,0,0,0,1,0,1,0,0,1,0
160250119490700,1,1,1,200,1,0,0,0,0,1,0,2,0,0,1,0
160250134777700,2,1,1,200,1,0,0,0,0,1,0,1,0,0,1,0
160250134819000,1,1,1,200,1,0,0,0,0,1,0,2,0,0,1,0
160250150235100,2,1,1,200,1,0,0,0,0,1,0,1,0,0,1,0
160250150292200,1,1,1,200,1,0,0,0,0,1,0,2,0,0,1,0
160250166349500,2,1,1,200,1,0,0,0,0,1,0,1,0,0,1,0
160250166432900,1,1,1,200,1,0,0,0,0,1,0,2,0,0,1,0
160250181964300,2,1,1,200,1,0,0,0,0,1,0,1,0,0,1,0
160250182004500,1,1,1,200,1,0,0,0,0,1,0,2,0,0,1,0
160250197049600,2,1,1,200,1,0,0,0,0,1,0,1,0,0,1,0
160250197112100,1,1,1,200,1,0,0,0,0,1,0,2,0,0,1,0
160250212643800,2,1,1,200,1,0,0,0,0,1,0,1,0,0,1,0
160250212702200,1,1,1,200,1,0,0,0,0,1,0,2,0,0,1,0
160250228168700,2,1,1,200,1,0,0,0,0,1,0,1,0,0,1,0
160250228211900,1,1,1,200,1,0,0,0,0,1,0,2,0,0,1,0
160250243655100,2,1,1,200,1,0,0,0,0,1,0,1,0,0,1,0
160250243702600,1,1,1,200,1,0,0,0,0,1,0,2,0,0,1,0
160250258789100,2,1,1,200,1,0,0,0,0,1,0,1,0,0,1,0
160250258828600,1,1,1,200,1,0,0,0,0,1,0,2,0,0,1,0
160250274060000,2,1,1,200,1,0,0,0,0,1,0,1,0,0,1,0
160250274102500,1,1,1,200,1,0,0,0,0,1,0,2,0,0,1,0
160250290147500,2,1,1,200,1,0,0,0,0,1,0,1,0,0,1,0
160250290290100,1,1,1,200,1,0,0,0,0,1,0,2,0,0,1,0
160250305489800,2,1,1,200,1,0,0,0,0,1,0,1,0,0,1,0
160250305584500,1,1,1,200,1,0,0,0,0,1,0,2,0,0,1,0
160250320725200,2,1,1,200,1,0,0,0,0,1,0,1,0,0,1,0
160250320838000,1,1,1,200,1,0,0,0,0,1,0,2,0,0,1,0
160250336524100,2,1,1,200,1,0,0,0,0,1,0,1,0,0,1,0
160250336570600,1,1,1,200,1,0,0,0,0,1,0,2,0,0,1,0
160250352659500,2,1,1,200,1,0,0,0,0,1,0,1,0,0,1,0
160250352718900,1,1,1,200,1,0,0,0,0,1,0,2,0,0,1,0
160250367991700,2,1,1,200,1,0,0,0,0,1,0,1,0,0,1,0
160250368022900,1,1,1,200,1,0,0,0,0,1,0,2,0,0,1,0
160250383531900,2,1,1,200,1,0,0,0,0,1,0,1,0,0,1,0
160250383672100,1,1,1,200,1,0,0,0,0,1,0,2,0,0,1,0
160250398770800,2,1,1,200,1,0,0,0,0,1,0,1,0,0,1,0
160250398811400,1,1,1,200,1,0,0,0,0,1,0,2,0,0,1,0
160250414253900,2,1,1,200,1,0,0,0,0,1,0,1,0,0,1,0
160250414354000,1,1,1,200,1,0,0,0,0,1,0,2,0,0,1,0
160250429532500,2,1,1,200,1,0,0,0,0,1,0,1,0,0,1,0
160250429566800,1,1,1,200,1,0,0,0,0,1,0,2,0,0,1,0
160250444782100,2,1,1,200,1,0,0,0,0,1,0,1,0,0,1,0
160250444828500,1,1,1,200,1,0,0,0,0,1,0,2,0,0,1,0
160250460101200,2,1,1,200,1,0,0,0,0,1,0,1,0,0,1,0
160250460140400,1,1,1,200,1,0,0,0,0,1,0,2,0,0,1,0
160250475705200,2,1,1,200,1,0,0,0,0,1,0,1,0,0,1,0
160250475747100,1,1,1,200,1,0,0,0,0,1,0,2,0,0,1,0
160250490773200,2,1,1,200,1,0,0,0,0,1,0,1,0,0,1,0
160250490877100,1,1,1,200,1,0,0,0,0,1,0,2,0,0,1,0
160250506456900,2,1,1,200,1,0,0,0,0,1,0,1,0,0,1,0
160250506494900,1,1,1,200,1,0,0,0,0,1,0,2,0,0,1,0
160250521504900,2,1,1,200,1,0,0,0,0,1,0,1,0,0,1,0
160250521534900,1,1,1,200,1,0,0,0,0,1,0,2,0,0,1,0
160250537085400,2,1,1,200,1,0,0,0,0,1,0,1,0,0,1,0
160250537118100,1,1,1,200,1,0,0,0,0,1,0,2,0,0,1,0
160250552747000,2,1,1,200,1,0,0,0,0,1,0,1,0,0,1,0
160250552818300,1,1,1,200,1,0,0,0,0,1,0,2,0,0,1,0
160250568168900,2,1,1,200,1,0,0,0,0,1,0,1,0,0,1,0
160250568198700,1,1,1,200,1,0,0,0,0,1,0,2,0,0,1,0
160250583654200,2,1,1,200,1,0,0,0,0,1,0,1,0,0,1,0
160250583693300,1,1,1,200,1,0,0,0,0,1,0,2,0,0,1,0
160250598914400,2,1,1,200,1,0,0,0,0,1,0,1,0,0,1,0
160250598972500,1,1,1,200,1,0,0,0,0,1,0,2,0,0,1,0
160250614671200,2,1,1,200,1,0,0,0,0,1,0,1,0,0,1,0
160250614709400,1,1,1,200,1,0,0,0,0,1,0,2,0,0,1,0
160250629890900,2,1,1,200,1,0,0,0,0,1,0,1,0,0,1,0
160250629928100,1,1,1,200,1,0,0,0,0,1,0,2,0,0,1,0
160250645393500,2,1,1,200,1,0,0,0,0,1,0,1,0,0,1,0
160250645504000,1,1,1,200,1,0,0,0,0,1,0,2,0,0,1,0
160250661074600,2,1,1,200,1,0,0,0,0,1,0,1,0,0,1,0
160250661117100,1,1,1,200,1,0,0,0,0,1,0,2,0,0,1,0
160250676360500,2,1,1,200,1,0,0,0,0,1,0,1,0,0,1,0
160250676446700,1,1,1,200,1,0,0,0,0,1,0,2,0,0,1,0
160250691991500,2,1,1,200,1,0,0,0,0,1,0,1,0,0,1,0
160250692041700,1,1,1,200,1,0,0,0,0,1,0,2,0,0,1,0
160250707436100,2,1,1,200,1,0,0,0,0,1,0,1,0,0,1,0
160250707532100,1,1,1,200,1,0,0,0,0,1,0,2,0,0,1,0
160250723197900,2,1,1,200,1,0,0,0,0,1,0,1,0,0,1,0
160250723236500,1,1,1,200,1,0,0,0,0,1,0,2,0,0,1,0
160250738625300,2,1,1,200,1,0,0,0,0,1,0,1,0,0,1,0
160250738661500,1,1,1,200,1,0,0,0,0,1,0,2,0,0,1,0
160250754166200,2,1,1,200,1,0,0,0,0,1,0,1,0,0,1,0
160250754201700,1,1,1,200,1,0,0,0,0,1,0,2,0,0,1,0
160250769438300,2,1,1,200,1,0,0,0,0,1,0,1,0,0,1,0
160250769476900,1,1,1,200,1,0,0,0,0,1,0,2,0,0,1,0
160250785030200,2,1,1,200,1,0,0,0,0,1,0,1,0,0,1,0
160250785070700,1,1,1,200,1,0,0,0,0,1,0,2,0,0,1,0
160250800540900,2,1,1,200,1,0,0,0,0,1,0,1,0,0,1,0
160250800576500,1,1,1,200,1,0,0,0,0,1,0,2,0,0,1,0
160250816606200,2,1,1,200,1,0,0,0,0,1,0,1,0,0,1,0
160250816637300,1,1,1,200,1,0,0,0,0,1,0,2,0,0,1,0
160250832563000,2,1,1,200,1,0,0,0,0,1,0,1,0,0,1,0
160250832593900,1,1,1,200,1,0,0,0,0,1,0,2,0,0,1,0
160250848206700,2,1,1,200,1,0,0,0,0,1,0,1,0,0,1,0
160250848249800,1,1,1,200,1,0,0,0,0,1,0,2,0,0,1,0
160250864167700,2,1,1,200,1,0,0,0,0,1,0,1,0,0,1,0
160250864212900,1,1,1,200,1,0,0,0,0,1,0,2,0,0,1,0
160250879419300,2,1,1,200,1,0,0,0,0,1,0,1,0,0,1,0
160250879489000,1,1,1,200,1,0,0,0,0,1,0,2,0,0,1,0
160250895169200,2,1,1,200,1,0,0,0,0,1,0,1,0,0,1,0
160250895209900,1,1,1,200,1,0,0,0,0,1,0,2,0,0,1,0
160250910377300,2,1,1,200,1,0,0,0,0,1,0,1,0,0,1,0
160250910566900,1,1,1,200,1,0,0,0,0,1,0,2,0,0,1,0
160250926517100,2,1,1,200,1,0,0,0,0,1,0,1,0,0,1,0
160250926567400,1,1,1,200,1,0,0,0,0,1,0,2,0,0,1,0
160250941785300,2,1,1,200,1,0,0,0,0,1,0,1,0,0,1,0
160250941860800,1,1,1,200,1,0,0,0,0,1,0,2,0,0,1,0
160250957682400,2,1,1,200,1,0,0,0,0,1,0,1,0,0,1,0
160250957742400,1,1,1,200,1,0,0,0,0,1,0,2,0,0,1,0
160250972900300,2,1,1,200,1,0,0,0,0,1,0,1,0,0,1,0
160250972927900,1,1,1,200,1,0,0,0,0,1,0,2,0,0,1,0
160250988485500,2,1,1,200,1,0,0,0,0,1,0,1,0,0,1,0
160250988514500,1,1,1,200,1,0,0,0,0,1,0,2,0,0,1,0
160251003986900,2,1,1,200,1,0,0,0,0,1,0,1,0,0,1,0
160251004030300,1,1,1,200,1,0,0,0,0,1,0,2,0,0,1,0
160251019444500,2,1,1,200,1,0,0,0,0,1,0,1,0,0,1,0
160251019488100,1,1,1,200,1,0,0,0,0,1,0,2,0,0,1,0
160251034529900,2,1,1,200,1,0,0,0,0,1,0,1,0,0,1,0
160251034625700,1,1,1,200,1,0,0,0,0,1,0,2,0,0,1,0
160251049789600,2,1,1,200,1,0,0,0,0,1,0,1,0,0,1,0
160251049836800,1,1,1,200,1,0,0,0,0,1,0,2,0,0,1,0
160251065112100,2,1,1,200,1,0,0,0,0,1,0,1,0,0,1,0
160251065147400,1,1,1,200,1,0,0,0,0,1,0,2,0,0,1,0
160251080267700,2,1,1,200,1,0,0,0,0,1,0,1,0,0,1,0
160251080319800,1,1,1,200,1,0,0,0,0,1,0,2,0,0,1,0
160251095508000,2,1,1,200,1,0,0,0,0,1,0,1,0,0,1,0
160251095548500,1,1,1,200,1,0,0,0,0,1,0,2,0,0,1,0
160251111111400,2,1,1,200,1,0,0,0,0,1,0,1,0,0,1,0
160251111151800,1,1,1,200,1,0,0,0,0,1,0,2,0,0,1,0
160251126658600,2,1,1,200,1,0,0,0,0,1,0,1,0,0,1,0
160251126700400,1,1,1,200,1,0,0,0,0,1,0,2,0,0,1,0
160251142747700,2,1,1,200,1,0,0,0,0,1,0,1,0,0,1,0
160251142789300,1,1,1,200,1,0,0,0,0,1,0,2,0,0,1,0
160251157786500,2,1,1,200,1,0,0,0,0,1,0,1,0,0,1,0
160251157959800,1,1,1,200,1,0,0,0,0,1,0,2,0,0,1,0
160251173227600,2,1,1,200,1,0,0,0,0,1,0,1,0,0,1,0
160251173267500,1,1,1,200,1,0,0,0,0,1,0,2,0,0,1,0
160251188838300,2,1,1,200,1,0,0,0,0,1,0,1,0,0,1,0
160251188879600,1,1,1,200,1,0,0,0,0,1,0,2,0,0,1,0
160251204220700,2,1,1,200,1,0,0,0,0,1,0,1,0,0,1,0
160251204269200,1,1,1,200,1,0,0,0,0,1,0,2,0,0,1,0
160251219530700,2,1,1,200,1,0,0,0,0,1,0,1,0,0,1,0
160251219575200,1,1,1,200,1,0,0,0,0,1,0,2,0,0,1,0
160251234936300,2,1,1,200,1,0,0,0,0,1,0,1,0,0,1,0
160251234966300,1,1,1,200,1,0,0,0,0,1,0,2,0,0,1,0
160251250573600,2,1,1,200,1,0,0,0,0,1,0,1,0,0,1,0
160251250623600,1,1,1,200,1,0,0,0,0,1,0,2,0,0,1,0
160251266678000,2,1,1,200,1,0,0,0,0,1,0,1,0,0,1,0
160251266721800,1,1,1,200,1,0,0,0,0,1,0,2,0,0,1,0
160251282565300,2,1,1,200,1,0,0,0,0,1,0,1,0,0,1,0
160251282599200,1,1,1,200,1,0,0,0,0,1,0,2,0,0,1,0
160251297822600,2,1,1,200,1,0,0,0,0,1,0,1,0,0,1,0
160251297851600,1,1,1,200,1,0,0,0,0,1,0,2,0,0,1,0
160251313161700,2,1,1,200,1,0,0,0,0,1,0,1,0,0,1,0
160251313246400,1,1,1,200,1,0,0,0,0,1,0,2,0,0,1,0
160251328682600,2,1,1,200,1,0,0,0,0,1,0,1,0,0,1,0
160251328716800,1,1,1,200,1,0,0,0,0,1,0,2,0,0,1,0
160251344200300,2,1,1,200,1,0,0,0,0,1,0,1,0,0,1,0
160251344241100,1,1,1,200,1,0,0,0,0,1,0,2,0,0,1,0
160251359206900,2,1,1,200,1,0,0,0,0,1,0,1,0,0,1,0
160251359236800,1,1,1,200,1,0,0,0,0,1,0,2,0,0,1,0
160251374839800,2,1,1,200,1,0,0,0,0,1,0,1,0,0,1,0
160251374872900,1,1,1,200,1,0,0,0,0,1,0,2,0,0,1,0
160251390192200,2,1,1,200,1,0,0,0,0,1,0,1,0,0,1,0
160251390327000,1,1,1,200,1,0,0,0,0,1,0,2,0,0,1,0
160251406176300,2,1,1,200,1,0,0,0,0,1,0,1,0,0,1,0
160251406303900,1,1,1,200,1,0,0,0,0,1,0,2,0,0,1,0
160251421333300,2,1,1,200,1,0,0,0,0,1,0,1,0,0,1,0
160251421365600,1,1,1,200,1,0,0,0,0,1,0,2,0,0,1,0
160251436964300,2,1,1,200,1,0,0,0,0,1,0,1,0,0,1,0
160251437004600,1,1,1,200,1,0,0,0,0,1,0,2,0,0,1,0
160251452742800,2,1,1,200,1,0,0,0,0,1,0,1,0,0,1,0
160251452773400,1,1,1,200,1,0,0,0,0,1,0,2,0,0,1,0
160251468309500,2,1,1,200,1,0,0,0,0,1,0,1,0,0,1,0
160251468351300,1,1,1,200,1,0,0,0,0,1,0,2,0,0,1,0
160251483516700,2,1,1,200,1,0,0,0,0,1,0,1,0,0,1,0
160251483645700,1,1,1,200,1,0,0,0,0,1,0,2,0,0,1,0
160251498652000,2,1,1,200,1,0,0,0,0,1,0,1,0,0,1,0
160251498710500,1,1,1,200,1,0,0,0,0,1,0,2,0,0,1,0
160251514263300,2,1,1,200,1,0,0,0,0,1,0,1,0,0,1,0
160251514328700,1,1,1,200,1,0,0,0,0,1,0,2,0,0,1,0
160251529805000,2,1,1,200,1,0,0,0,0,1,0,1,0,0,1,0
160251529845100,1,1,1,200,1,0,0,0,0,1,0,2,0,0,1,0
160251545331100,2,1,1,200,1,0,0,0,0,1,0,1,0,0,1,0
160251545374600,1,1,1,200,1,0,0,0,0,1,0,2,0,0,1,0
160251560858900,2,1,1,200,1,0,0,0,0,1,0,1,0,0,1,0
160251561001700,1,1,1,200,1,0,0,0,0,1,0,2,0,0,1,0
160251576663600,2,1,1,200,1,0,0,0,0,1,0,1,0,0,1,0
160251576698500,1,1,1,200,1,0,0,0,0,1,0,2,0,0,1,0
160251592193800,2,1,1,200,1,0,0,0,0,1,0,1,0,0,1,0
160251592336500,1,1,1,200,1,0,0,0,0,1,0,2,0,0,1,0
160251607762100,2,1,1,200,1,0,0,0,0,1,0,1,0,0,1,0
160251607799300,1,1,1,200,1,0,0,0,0,1,0,2,0,0,1,0
160251623191100,2,1,1,200,1,0,0,0,0,1,0,1,0,0,1,0
160251623280400,1,1,1,200,1,0,0,0,0,1,0,2,0,0,1,0
160251638628100,2,1,1,200,1,0,0,0,0,1,0,1,0,0,1,0
160251638669000,1,1,1,200,1,0,0,0,0,1,0,2,0,0,1,0
160251653796900,2,1,1,200,1,0,0,0,0,1,0,1,0,0,1,0
160251653828700,1,1,1,200,1,0,0,0,0,1,0,2,0,0,1,0
160251669027700,2,1,1,200,1,0,0,0,0,1,0,1,0,0,1,0
160251669057500,1,1,1,200,1,0,0,0,0,1,0,2,0,0,1,0
160251684642200,2,1,1,200,1,0,0,0,0,1,0,1,0,0,1,0
160251684695600,1,1,1,200,1,0,0,0,0,1,0,2,0,0,1,0
160251700089900,2,1,1,200,1,0,0,0,0,1,0,1,0,0,1,0
160251700129900,1,1,1,200,1,0,0,0,0,1,0,2,0,0,1,0
160251716167300,2,1,1,200,1,0,0,0,0,1,0,1,0,0,1,0
160251716203500,1,1,1,200,1,0,0,0,0,1,0,2,0,0,1,0
160251731551300,2,1,1,200,1,0,0,0,0,1,0,1,0,0,1,0
160251731579700,1,1,1,200,1,0,0,0,0,1,0,2,0,0,1,0
160251747081000,2,1,1,200,1,0,0,0,0,1,0,1,0,0,1,0
160251747146300,1,1,1,200,1,0,0,0,0,1,0,2,0,0,1,0
160251762570100,2,1,1,200,1,0,0,0,0,1,0,1,0,0,1,0
160251762636600,1,1,1,200,1,0,0,0,0,1,0,2,0,0,1,0
160251778133800,2,1,1,200,1,0,0,0,0,1,0,1,0,0,1,0
160251778185400,1,1,1,200,1,0,0,0,0,1,0,2,0,0,1,0
160251793518900,2,1,1,200,1,0,0,0,0,1,0,1,0,0,1,0
160251793572100,1,1,1,200,1,0,0,0,0,1,0,2,0,0,1,0
160251809355000,2,1,1,200,1,0,0,0,0,1,0,1,0,0,1,0
160251809393900,1,1,1,200,1,0,0,0,0,1,0,2,0,0,1,0
160251824433800,2,1,1,200,1,0,0,0,0,1,0,1,0,0,1,0
160251824464800,1,1,1,200,1,0,0,0,0,1,0,2,0,0,1,0
160251839948100,2,1,1,200,1,0,0,0,0,1,0,1,0,0,1,0
160251839981200,1,1,1,200,1,0,0,0,0,1,0,2,0,0,1,0
160251855522400,2,1,1,200,1,0,0,0,0,1,0,1,0,0,1,0
160251855570600,1,1,1,200,1,0,0,0,0,1,0,2,0,0,1,0
160251870976600,2,1,1,200,1,0,0,0,0,1,0,1,0,0,1,0
160251871030000,1,1,1,200,1,0,0,0,0,1,0,2,0,0,1,0
160251886252300,2,1,1,200,1,0,0,0,0,1,0,1,0,0,1,0
160251886296500,1,1,1,200,1,0,0,0,0,1,0,2,0,0,1,0
160251901414500,2,1,1,200,1,0,0,0,0,1,0,1,0,0,1,0
160251901448000,1,1,1,200,1,0,0,0,0,1,0,2,0,0,1,0
160251917053500,2,1,1,200,1,0,0,0,0,1,0,1,0,0,1,0
160251917085400,1,1,1,200,1,0,0,0,0,1,0,2,0,0,1,0
160251932695200,2,1,1,200,1,0,0,0,0,1,0,1,0,0,1,0
160251932740700,1,1,1,200,1,0,0,0,0,1,0,2,0,0,1,0
160251948070700,2,1,1,200,1,0,0,0,0,1,0,1,0,0,1,0
160251948144800,1,1,1,200,1,0,0,0,0,1,0,2,0,0,1,0
160251963272800,2,1,1,200,1,0,0,0,0,1,0,1,0,0,1,0
160251963346200,1,1,1,200,1,0,0,0,0,1,0,2,0,0,1,0
160251978633500,2,1,1,200,1,0,0,0,0,1,0,1,0,0,1,0
160251978672600,1,1,1,200,1,0,0,0,0,1,0,2,0,0,1,0
160251993794900,2,1,1,200,1,0,0,0,0,1,0,1,0,0,1,0
160251993841400,1,1,1,200,1,0,0,0,0,1,0,2,0,0,1,0
160252008928100,2,1,1,200,1,0,0,0,0,1,0,1,0,0,1,0
160252008968500,1,1,1,200,1,0,0,0,0,1,0,2,0,0,1,0
160252024384900,2,1,1,200,1,0,0,0,0,1,0,1,0,0,1,0
160252024421900,1,1,1,200,1,0,0,0,0,1,0,2,0,0,1,0
160252039854700,2,1,1,200,1,0,0,0,0,1,0,1,0,0,1,0
160252039885000,1,1,1,200,1,0,0,0,0,1,0,2,0,0,1,0
160252055349800,2,1,1,200,1,0,0,0,0,1,0,1,0,0,1,0
160252055381200,1,1,1,200,1,0,0,0,0,1,0,2,0,0,1,0
160252070978800,2,1,1,200,1,0,0,0,0,1,0,1,0,0,1,0
160252071014900,1,1,1,200,1,0,0,0,0,1,0,2,0,0,1,0
160252086566200,2,1,1,200,1,0,0,0,0,1,0,1,0,0,1,0
160252086603200,1,1,1,200,1,0,0,0,0,1,0,2,0,0,1,0
160252102072000,2,1,1,200,1,0,0,0,0,1,0,1,0,0,1,0
160252102114400,1,1,1,200,1,0,0,0,0,1,0,2,0,0,1,0
160252117706000,2,1,1,200,1,0,0,0,0,1,0,1,0,0,1,0
160252117738400,1,1,1,200,1,0,0,0,0,1,0,2,0,0,1,0
160252132946400,2,1,1,200,1,0,0,0,0,1,0,1,0,0,1,0
160252132981900,1,1,1,200,1,0,0,0,0,1,0,2,0,0,1,0
160252148426000,2,1,1,200,1,0,0,0,0,1,0,1,0,0,1,0
160252148452100,1,1,1,200,1,0,0,0,0,1,0,2,0,0,1,0
160252164056900,2,1,1,200,1,0,0,0,0,1,0,1,0,0,1,0
160252164083000,1,1,1,200,1,0,0,0,0,1,0,2,0,0,1,0
160252179660900,2,1,1,200,1,0,0,0,0,1,0,1,0,0,1,0
160252179710300,1,1,1,200,1,0,0,0,0,1,0,2,0,0,1,0
160252195624900,2,1,1,200,1,0,0,0,0,1,0,1,0,0,1,0
160252195659500,1,1,1,200,1,0,0,0,0,1,0,2,0,0,1,0
160252211191000,2,1,1,200,1,0,0,0,0,1,0,1,0,0,1,0
160252211383200,1,1,1,200,1,0,0,0,0,1,0,2,0,0,1,0
160252226869600,2,1,1,200,1,0,0,0,0,1,0,1,0,0,1,0
160252226931300,1,1,1,200,1,0,0,0,0,1,0,2,0,0,1,0
160252241933500,2,1,1,200,1,0,0,0,0,1,0,1,0,0,1,0
160252241968300,1,1,1,200,1,0,0,0,0,1,0,2,0,0,1,0
160252257068600,2,1,1,200,1,0,0,0,0,1,0,1,0,0,1,0
160252257099800,1,1,1,200,1,0,0,0,0,1,0,2,0,0,1,0
160252272562500,2,1,1,200,1,0,0,0,0,1,0,1,0,0,1,0
160252272595200,1,1,1,200,1,0,0,0,0,1,0,2,0,0,1,0
160252288192900,2,1,1,200,1,0,0,0,0,1,0,1,0,0,1,0
160252288256900,1,1,1,200,1,0,0,0,0,1,0,2,0,0,1,0
160252303562400,2,1,1,200,1,0,0,0,0,1,0,1,0,0,1,0
160252303637100,1,1,1,200,1,0,0,0,0,1,0,2,0,0,1,0
160252319055300,2,1,1,200,1,0,0,0,0,1,0,1,0,0,1,0
160252319105900,1,1,1,200,1,0,0,0,0,1,0,2,0,0,1,0
160252334565500,2,1,1,200,1,0,0,0,0,1,0,1,0,0,1,0
160252334607100,1,1,1,200,1,0,0,0,0,1,0,2,0,0,1,0
160252350257100,2,1,1,200,1,0,0,0,0,1,0,1,0,0,1,0
160252350323400,1,1,1,200,1,0,0,0,0,1,0,2,0,0,1,0
160252366127200,2,1,1,200,1,0,0,0,0,1,0,1,0,0,1,0
160252366155200,1,1,1,200,1,0,0,0,0,1,0,2,0,0,1,0
160252381697100,2,1,1,200,1,0,0,0,0,1,0,1,0,0,1,0
160252381754500,1,1,1,200,1,0,0,0,0,1,0,2,0,0,1,0
160252397089000,2,1,1,200,1,0,0,0,0,1,0,1,0,0,1,0
160252397141700,1,1,1,200,1,0,0,0,0,1,0,2,0,0,1,0
160252412539500,2,1,1,200,1,0,0,0,0,1,0,1,0,0,1,0
160252412669100,1,1,1,200,1,0,0,0,0,1,0,2,0,0,1,0
160252428114000,2,1,1,200,1,0,0,0,0,1,0,1,0,0,1,0
160252428200200,1,1,1,200,1,0,0,0,0,1,0,2,0,0,1,0
160252443656900,2,1,1,200,1,0,0,0,0,1,0,1,0,0,1,0
160252443711900,1,1,1,200,1,0,0,0,0,1,0,2,0,0,1,0
160252458838100,2,1,1,200,1,0,0,0,0,1,0,1,0,0,1,0
160252458929900,1,1,1,200,1,0,0,0,0,1,0,2,0,0,1,0
160252474107200,2,1,1,200,1,0,0,0,0,1,0,1,0,0,1,0
160252474147600,1,1,1,200,1,0,0,0,0,1,0,2,0,0,1,0
160252489365000,2,1,1,200,1,0,0,0,0,1,0,1,0,0,1,0
160252489405000,1,1,1,200,1,0,0,0,0,1,0,2,0,0,1,0
160252504873000,2,1,1,200,1,0,0,0,0,1,0,1,0,0,1,0
160252504923600,1,1,1,200,1,0,0,0,0,1,0,2,0,0,1,0
160252520151300,2,1,1,200,1,0,0,0,0,1,0,1,0,0,1,0
160252520181200,1,1,1,200,1,0,0,0,0,1,0,2,0,0,1,0
160252535666000,2,1,1,200,1,0,0,0,0,1,0,1,0,0,1,0
160252535709100,1,1,1,200,1,0,0,0,0,1,0,2,0,0,1,0
160252550791200,2,1,1,200,1,0,0,0,0,1,0,1,0,0,1,0
160252550824300,1,1,1,200,1,0,0,0,0,1,0,2,0,0,1,0
160252566628500,2,1,1,200,1,0,0,0,0,1,0,1,0,0,1,0
160252566669700,1,1,1,200,1,0,0,0,0,1,0,2,0,0,1,0
160252581746100,2,1,1,200,1,0,0,0,0,1,0,1,0,0,1,0
160252581820400,1,1,1,200,1,0,0,0,0,1,0,2,0,0,1,0
160252596989300,2,1,1,200,1,0,0,0,0,1,0,1,0,0,1,0
160252597094500,1,1,1,200,1,0,0,0,0,1,0,2,0,0,1,0
160252612504200,2,1,1,200,1,0,0,0,0,1,0,1,0,0,1,0
160252612565700,1,1,1,200,1,0,0,0,0,1,0,2,0,0,1,0
160252627919800,2,1,1,200,1,0,0,0,0,1,0,1,0,0,1,0
160252627984000,1,1,1,200,1,0,0,0,0,1,0,2,0,0,1,0
160252643383600,2,1,1,200,1,0,0,0,0,1,0,1,0,0,1,0
160252643420800,1,1,1,200,1,0,0,0,0,1,0,2,0,0,1,0
160252658872200,2,1,1,200,1,0,0,0,0,1,0,1,0,0,1,0
160252658916800,1,1,1,200,1,0,0,0,0,1,0,2,0,0,1,0
160252673880000,2,1,1,200,1,0,0,0,0,1,0,1,0,0,1,0
160252673911400,1,1,1,200,1,0,0,0,0,1,0,2,0,0,1,0
160252689864600,2,1,1,200,1,0,0,0,0,1,0,1,0,0,1,0
160252689913800,1,1,1,200,1,0,0,0,0,1,0,2,0,0,1,0
160252705699000,2,1,1,200,1,0,0,0,0,1,0,1,0,0,1,0
160252705738700,1,1,1,200,1,0,0,0,0,1,0,2,0,0,1,0
160252720802800,2,1,1,200,1,0,0,0,0,1,0,1,0,0,1,0
160252720904800,1,1,1,200,1,0,0,0,0,1,0,2,0,0,1,0
160252736208000,2,1,1,200,1,0,0,0,0,1,0,1,0,0,1,0
160252736239400,1,1,1,200,1,0,0,0,0,1,0,2,0,0,1,0
160252751753200,2,1,1,200,1,0,0,0,0,1,0,1,0,0,1,0
160252751877600,1,1,1,200,1,0,0,0,0,1,0,2,0,0,1,0
160252767345300,2,1,1,200,1,0,0,0,0,1,0,1,0,0,1,0
160252767393300,1,1,1,200,1,0,0,0,0,1,0,2,0,0,1,0
160252782984000,2,1,1,200,1,0,0,0,0,1,0,1,0,0,1,0
160252783023500,1,1,1,200,1,0,0,0,0,1,0,2,0,0,1,0
160252798456400,2,1,1,200,1,0,0,0,0,1,0,1,0,0,1,0
160252798500500,1,1,1,200,1,0,0,0,0,1,0,2,0,0,1,0
160252813848200,2,1,1,200,1,0,0,0,0,1,0,1,0,0,1,0
160252813877500,1,1,1,200,1,0,0,0,0,1,0,2,0,0,1,0
160252829479500,2,1,1,200,1,0,0,0,0,1,0,1,0,0,1,0
160252829525600,1,1,1,200,1,0,0,0,0,1,0,2,0,0,1,0
160252845359600,2,1,1,200,1,0,0,0,0,1,0,1,0,0,1,0
160252845417200,1,1,1,200,1,0,0,0,0,1,0,2,0,0,1,0
160252860684400,2,1,1,200,1,0,0,0,0,1,0,1,0,0,1,0
160252860727100,1,1,1,200,1,0,0,0,0,1,0,2,0,0,1,0
160252876263900,2,1,1,200,1,0,0,0,0,1,0,1,0,0,1,0
160252876308200,1,1,1,200,1,0,0,0,0,1,0,2,0,0,1,0
160252891951200,2,1,1,200,1,0,0,0,0,1,0,1,0,0,1,0
160252891992300,1,1,1,200,1,0,0,0,0,1,0,2,0,0,1,0
160252907376900,2,1,1,200,1,0,0,0,0,1,0,1,0,0,1,0
160252907404600,1,1,1,200,1,0,0,0,0,1,0,2,0,0,1,0
160252922866400,2,1,1,200,1,0,0,0,0,1,0,1,0,0,1,0
160252922900500,1,1,1,200,1,0,0,0,0,1,0,2,0,0,1,0
160252938848400,2,1,1,200,1,0,0,0,0,1,0,1,0,0,1,0
160252938879000,1,1,1,200,1,0,0,0,0,1,0,2,0,0,1,0
160252954751800,2,1,1,200,1,0,0,0,0,1,0,1,0,0,1,0
160252954795200,1,1,1,200,1,0,0,0,0,1,0,2,0,0,1,0
160252969970600,2,1,1,200,1,0,0,0,0,1,0,1,0,0,1,0
160252970009400,1,1,1,200,1,0,0,0,0,1,0,2,0,0,1,0
160252985328300,2,1,1,200,1,0,0,0,0,1,0,1,0,0,1,0
160252985466500,1,1,1,200,1,0,0,0,0,1,0,2,0,0,1,0
160253001368800,2,1,1,200,1,0,0,0,0,1,0,1,0,0,1,0
160253001421700,1,1,1,200,1,0,0,0,0,1,0,2,0,0,1,0
160253016927500,2,1,1,200,1,0,0,0,0,1,0,1,0,0,1,0
160253016965200,1,1,1,200,1,0,0,0,0,1,0,2,0,0,1,0
160253032849400,2,1,1,200,1,0,0,0,0,1,0,1,0,0,1,0
160253032954100,1,1,1,200,1,0,0,0,0,1,0,2,0,0,1,0
160253048489200,2,1,1,200,1,0,0,0,0,1,0,1,0,0,1,0
160253048523200,1,1,1,200,1,0,0,0,0,1,0,2,0,0,1,0
160253063996000,2,1,1,200,1,0,0,0,0,1,0,1,0,0,1,0
160253064033100,1,1,1,200,1,0,0,0,0,1,0,2,0,0,1,0
160253079600700,2,1,1,200,1,0,0,0,0,1,0,1,0,0,1,0
160253079629100,1,1,1,200,1,0,0,0,0,1,0,2,0,0,1,0
160253095251200,2,1,1,200,1,0,0,0,0,1,0,1,0,0,1,0
160253095293600,1,1,1,200,1,0,0,0,0,1,0,2,0,0,1,0
160253110804600,2,1,1,200,1,0,0,0,0,1,0,1,0,0,1,0
160253110857900,1,1,1,200,1,0,0,0,0,1,0,2,0,0,1,0
160253126095800,2,1,1,200,1,0,0,0,0,1,0,1,0,0,1,0
160253126186400,1,1,1,200,1,0,0,0,0,1,0,2,0,0,1,0
160253141394600,2,1,1,200,1,0,0,0,0,1,0,1,0,0,1,0
160253141434100,1,1,1,200,1,0,0,0,0,1,0,2,0,0,1,0
160253156819800,2,1,1,200,1,0,0,0,0,1,0,1,0,0,1,0
160253156916500,1,1,1,200,1,0,0,0,0,1,0,2,0,0,1,0
160253172750000,2,1,1,200,1,0,0,0,0,1,0,1,0,0,1,0
160253172869000,1,1,1,200,1,0,0,0,0,1,0,2,0,0,1,0
160253188350000,2,1,1,200,1,0,0,0,0,1,0,1,0,0,1,0
160253188390100,1,1,1,200,1,0,0,0,0,1,0,2,0,0,1,0
160253204160200,2,1,1,200,1,0,0,0,0,1,0,1,0,0,1,0
160253204210700,1,1,1,200,1,0,0,0,0,1,0,2,0,0,1,0
160253219973100,2,1,1,200,1,0,0,0,0,1,0,1,0,0,1,0
160253220047600,1,1,1,200,1,0,0,0,0,1,0,2,0,0,1,0
160253235171700,2,1,1,200,1,0,0,0,0,1,0,1,0,0,1,0
160253235203300,1,1,1,200,1,0,0,0,0,1,0,2,0,0,1,0
160253250725100,2,1,1,200,1,0,0,0,0,1,0,1,0,0,1,0
160253250793000,1,1,1,200,1,0,0,0,0,1,0,2,0,0,1,0
160253266571000,2,1,1,200,1,0,0,0,0,1,0,1,0,0,1,0
160253266617600,1,1,1,200,1,0,0,0,0,1,0,2,0,0,1,0
160253282522400,2,1,1,200,1,0,0,0,0,1,0,1,0,0,1,0
160253282560600,1,1,1,200,1,0,0,0,0,1,0,2,0,0,1,0
160253298031500,2,1,1,200,1,0,0,0,0,1,0,1,0,0,1,0
160253298061900,1,1,1,200,1,0,0,0,0,1,0,2,0,0,1,0
160253313569200,2,1,1,200,1,0,0,0,0,1,0,1,0,0,1,0
160253313623800,1,1,1,200,1,0,0,0,0,1,0,2,0,0,1,0
160253329098400,2,1,1,200,1,0,0,0,0,1,0,1,0,0,1,0
160253329129500,1,1,1,200,1,0,0,0,0,1,0,2,0,0,1,0
160253345022500,2,1,1,200,1,0,0,0,0,1,0,1,0,0,1,0
160253345053400,1,1,1,200,1,0,0,0,0,1,0,2,0,0,1,0
160253360298700,2,1,1,200,1,0,0,0,0,1,0,1,0,0,1,0
160253360384100,1,1,1,200,1,0,0,0,0,1,0,2,0,0,1,0
160253376489300,2,1,1,200,1,0,0,0,0,1,0,1,0,0,1,0
160253376566000,1,1,1,200,1,0,0,0,0,1,0,2,0,0,1,0
160253391856100,2,1,1,200,1,0,0,0,0,1,0,1,0,0,1,0
160253391901600,1,1,1,200,1,0,0,0,0,1,0,2,0,0,1,0
160253407243100,2,1,1,200,1,0,0,0,0,1,0,1,0,0,1,0
160253407337700,1,1,1,200,1,0,0,0,0,1,0,2,0,0,1,0
160253422875600,2,1,1,200,1,0,0,0,0,1,0,1,0,0,1,0
160253422918500,1,1,1,200,1,0,0,0,0,1,0,2,0,0,1,0
160253438312900,2,1,1,200,1,0,0,0,0,1,0,1,0,0,1,0
160253438413200,1,1,1,200,1,0,0,0,0,1,0,2,0,0,1,0
160253454147600,2,1,1,200,1,0,0,0,0,1,0,1,0,0,1,0
160253454182300,1,1,1,200,1,0,0,0,0,1,0,2,0,0,1,0
160253469375000,2,1,1,200,1,0,0,0,0,1,0,1,0,0,1,0
160253469406900,1,1,1,200,1,0,0,0,0,1,0,2,0,0,1,0
160253484540500,2,1,1,200,1,0,0,0,0,1,0,1,0,0,1,0
160253484650100,1,1,1,200,1,0,0,0,0,1,0,2,0,0,1,0
160253499921500,2,1,1,200,1,0,0,0,0,1,0,1,0,0,1,0
160253499951100,1,1,1,200,1,0,0,0,0,1,0,2,0,0,1,0
160253515591400,2,1,1,200,1,0,0,0,0,1,0,1,0,0,1,0
160253515633600,1,1,1,200,1,0,0,0,0,1,0,2,0,0,1,0
160253530867100,2,1,1,200,1,0,0,0,0,1,0,1,0,0,1,0
160253530896100,1,1,1,200,1,0,0,0,0,1,0,2,0,0,1,0
160253546360800,2,1,1,200,1,0,0,0,0,1,0,1,0,0,1,0
160253546394400,1,1,1,200,1,0,0,0,0,1,0,2,0,0,1,0
160253562487400,2,1,1,200,1,0,0,0,0,1,0,1,0,0,1,0
160253562518100,1,1,1,200,1,0,0,0,0,1,0,2,0,0,1,0
160253578011400,2,1,1,200,1,0,0,0,0,1,0,1,0,0,1,0
160253578043500,1,1,1,200,1,0,0,0,0,1,0,2,0,0,1,0
160253593407700,2,1,1,200,1,0,0,0,0,1,0,1,0,0,1,0
160253593458500,1,1,1,200,1,0,0,0,0,1,0,2,0,0,1,0
160253608839100,2,1,1,200,1,0,0,0,0,1,0,1,0,0,1,0
160253608878400,1,1,1,200,1,0,0,0,0,1,0,2,0,0,1,0
160253624077100,2,1,1,200,1,0,0,0,0,1,0,1,0,0,1,0
160253624192900,1,1,1,200,1,0,0,0,0,1,0,2,0,0,1,0
160253639520200,2,1,1,200,1,0,0,0,0,1,0,1,0,0,1,0
160253639561600,1,1,1,200,1,0,0,0,0,1,0,2,0,0,1,0
160253654807800,2,1,1,200,1,0,0,0,0,1,0,1,0,0,1,0
160253654838600,1,1,1,200,1,0,0,0,0,1,0,2,0,0,1,0
160253670393500,2,1,1,200,1,0,0,0,0,1,0,1,0,0,1,0
160253670425000,1,1,1,200,1,0,0,0,0,1,0,2,0,0,1,0
160253686356400,2,1,1,200,1,0,0,0,0,1,0,1,0,0,1,0
160253686394500,1,1,1,200,1,0,0,0,0,1,0,2,0,0,1,0
160253701518200,2,1,1,200,1,0,0,0,0,1,0,1,0,0,1,0
160253701549400,1,1,1,200,1,0,0,0,0,1,0,2,0,0,1,0
160253716718800,2,1,1,200,1,0,0,0,0,1,0,1,0,0,1,0
160253716762700,1,1,1,200,1,0,0,0,0,1,0,2,0,0,1,0
160253732491700,2,1,1,200,1,0,0,0,0,1,0,1,0,0,1,0
160253732523300,1,1,1,200,1,0,0,0,0,1,0,2,0,0,1,0
160253748192500,2,1,1,200,1,0,0,0,0,1,0,1,0,0,1,0
160253748284400,1,1,1,200,1,0,0,0,0,1,0,2,0,0,1,0
160253763769800,2,1,1,200,1,0,0,0,0,1,0,1,0,0,1,0
160253763797200,1,1,1,200,1,0,0,0,0,1,0,2,0,0,1,0
160253779897400,2,1,1,200,1,0,0,0,0,1,0,1,0,0,1,0
160253779938000,1,1,1,200,1,0,0,0,0,1,0,2,0,0,1,0
160253795587500,2,1,1,200,1,0,0,0,0,1,0,1,0,0,1,0
160253795696700,1,1,1,200,1,0,0,0,0,1,0,2,0,0,1,0
160253811568700,2,1,1,200,1,0,0,0,0,1,0,1,0,0,1,0
160253811612500,1,1,1,200,1,0,0,0,0,1,0,2,0,0,1,0
160253826646400,2,1,1,200,1,0,0,0,0,1,0,1,0,0,1,0
160253826701900,1,1,1,200,1,0,0,0,0,1,0,2,0,0,1,0
160253842890500,2,1,1,200,1,0,0,0,0,1,0,1,0,0,1,0
160253842936000,1,1,1,200,1,0,0,0,0,1,0,2,0,0,1,0
160253858218000,2,1,1,200,1,0,0,0,0,1,0,1,0,0,1,0
160253858295200,1,1,1,200,1,0,0,0,0,1,0,2,0,0,1,0
160253874176700,2,1,1,200,1,0,0,0,0,1,0,1,0,0,1,0
160253874208600,1,1,1,200,1,0,0,0,0,1,0,2,0,0,1,0
160253889771700,2,1,1,200,1,0,0,0,0,1,0,1,0,0,1,0
160253889818800,1,1,1,200,1,0,0,0,0,1,0,2,0,0,1,0
160253905346000,2,1,1,200,1,0,0,0,0,1,0,1,0,0,1,0
160253905389700,1,1,1,200,1,0,0,0,0,1,0,2,0,0,1,0
160253920853300,2,1,1,200,1,0,0,0,0,1,0,1,0,0,1,0
160253920889600,1,1,1,200,1,0,0,0,0,1,0,2,0,0,1,0
160253936338900,2,1,1,200,1,0,0,0,0,1,0,1,0,0,1,0
160253936454600,1,1,1,200,1,0,0,0,0,1,0,2,0,0,1,0
160253951513300,2,1,1,200,1,0,0,0,0,1,0,1,0,0,1,0
160253951592900,1,1,1,200,1,0,0,0,0,1,0,2,0,0,1,0
160253967037900,2,1,1,200,1,0,0,0,0,1,0,1,0,0,1,0
160253967140500,1,1,1,200,1,0,0,0,0,1,0,2,0,0,1,0
160253982689000,2,1,1,200,1,0,0,0,0,1,0,1,0,0,1,0
160253982727900,1,1,1,200,1,0,0,0,0,1,0,2,0,0,1,0
160253998164900,2,1,1,200,1,0,0,0,0,1,0,1,0,0,1,0
160253998287900,1,1,1,200,1,0,0,0,0,1,0,2,0,0,1,0
160254013713700,2,1,1,200,1,0,0,0,0,1,0,1,0,0,1,0
160254013845300,1,1,1,200,1,0,0,0,0,1,0,2,0,0,1,0
160254029146100,2,1,1,200,1,0,0,0,0,1,0,1,0,0,1,0
160254029208000,1,1,1,200,1,0,0,0,0,1,0,2,0,0,1,0
160254044501300,2,1,1,200,1,0,0,0,0,1,0,1,0,0,1,0
160254044612000,1,1,1,200,1,0,0,0,0,1,0,2,0,0,1,0
160254059914900,2,1,1,200,1,0,0,0,0,1,0,1,0,0,1,0
160254060036700,1,1,1,200,1,0,0,0,0,1,0,2,0,0,1,0
160254075138600,2,1,1,200,1,0,0,0,0,1,0,1,0,0,1,0
160254075207700,1,1,1,200,1,0,0,0,0,1,0,2,0,0,1,0
160254090719400,2,1,1,200,1,0,0,0,0,1,0,1,0,0,1,0
160254090758200,1,1,1,200,1,0,0,0,0,1,0,2,0,0,1,0
160254106219500,2,1,1,200,1,0,0,0,0,1,0,1,0,0,1,0
160254106261900,1,1,1,200,1,0,0,0,0,1,0,2,0,0,1,0
160254121803500,2,1,1,200,1,0,0,0,0,1,0,1,0,0,1,0
160254121842400,1,1,1,200,1,0,0,0,0,1,0,2,0,0,1,0
160254137265800,2,1,1,200,1,0,0,0,0,1,0,1,0,0,1,0
160254137294700,1,1,1,200,1,0,0,0,0,1,0,2,0,0,1,0
160254152422000,2,1,1,200,1,0,0,0,0,1,0,1,0,0,1,0
160254152450000,1,1,1,200,1,0,0,0,0,1,0,2,0,0,1,0
160254167789500,2,1,1,200,1,0,0,0,0,1,0,1,0,0,1,0
160254167821200,1,1,1,200,1,0,0,0,0,1,0,2,0,0,1,0
160254183342600,2,1,1,200,1,0,0,0,0,1,0,1,0,0,1,0
160254183370400,1,1,1,200,1,0,0,0,0,1,0,2,0,0,1,0
160254198844700,2,1,1,200,1,0,0,0,0,1,0,1,0,0,1,0
160254198981500,1,1,1,200,1,0,0,0,0,1,0,2,0,0,1,0
160254214419400,2,1,1,200,1,0,0,0,0,1,0,1,0,0,1,0
160254214447500,1,1,1,200,1,0,0,0,0,1,0,2,0,0,1,0
160254230003000,2,1,1,200,1,0,0,0,0,1,0,1,0,0,1,0
160254230041600,1,1,1,200,1,0,0,0,0,1,0,2,0,0,1,0
160254245761800,2,1,1,200,1,0,0,0,0,1,0,1,0,0,1,0
160254245900100,1,1,1,200,1,0,0,0,0,1,0,2,0,0,1,0
160254261176500,2,1,1,200,1,0,0,0,0,1,0,1,0,0,1,0
160254261235400,1,1,1,200,1,0,0,0,0,1,0,2,0,0,1,0
160254276432300,2,1,1,200,1,0,0,0,0,1,0,1,0,0,1,0
160254276569200,1,1,1,200,1,0,0,0,0,1,0,2,0,0,1,0
160254291904300,2,1,1,200,1,0,0,0,0,1,0,1,0,0,1,0
160254291951800,1,1,1,200,1,0,0,0,0,1,0,2,0,0,1,0
160254306981100,2,1,1,200,1,0,0,0,0,1,0,1,0,0,1,0
160254307076900,1,1,1,200,1,0,0,0,0,1,0,2,0,0,1,0
160254322696200,2,1,1,200,1,0,0,0,0,1,0,1,0,0,1,0
160254322735600,1,1,1,200,1,0,0,0,0,1,0,2,0,0,1,0
160254337817500,2,1,1,200,1,0,0,0,0,1,0,1,0,0,1,0
160254337896600,1,1,1,200,1,0,0,0,0,1,0,2,0,0,1,0
160254353465600,2,1,1,200,1,0,0,0,0,1,0,1,0,0,1,0
160254353509400,1,1,1,200,1,0,0,0,0,1,0,2,0,0,1,0
160254368761700,2,1,1,200,1,0,0,0,0,1,0,1,0,0,1,0
160254368799100,1,1,1,200,1,0,0,0,0,1,0,2,0,0,1,0
160254384606100,2,1,1,200,1,0,0,0,0,1,0,1,0,0,1,0
160254384649400,1,1,1,200,1,0,0,0,0,1,0,2,0,0,1,0
160254399960300,2,1,1,200,1,0,0,0,0,1,0,1,0,0,1,0
160254399997100,1,1,1,200,1,0,0,0,0,1,0,2,0,0,1,0
160254415524100,2,1,1,200,1,0,0,0,0,1,0,1,0,0,1,0
160254415555600,1,1,1,200,1,0,0,0,0,1,0,2,0,0,1,0
160254430806700,2,1,1,200,1,0,0,0,0,1,0,1,0,0,1,0
160254430846200,1,1,1,200,1,0,0,0,0,1,0,2,0,0,1,0
160254446514600,2,1,1,200,1,0,0,0,0,1,0,1,0,0,1,0
160254446546400,1,1,1,200,1,0,0,0,0,1,0,2,0,0,1,0
160254461896100,2,1,1,200,1,0,0,0,0,1,0,1,0,0,1,0
160254462012200,1,1,1,200,1,0,0,0,0,1,0,2,0,0,1,0
160254477217800,2,1,1,200,1,0,0,0,0,1,0,1,0,0,1,0
160254477261500,1,1,1,200,1,0,0,0,0,1,0,2,0,0,1,0
160254492491900,2,1,1,200,1,0,0,0,0,1,0,1,0,0,1,0
160254492575200,1,1,1,200,1,0,0,0,0,1,0,2,0,0,1,0
160254507912000,2,1,1,200,1,0,0,0,0,1,0,1,0,0,1,0
160254507941400,1,1,1,200,1,0,0,0,0,1,0,2,0,0,1,0
160254523535800,2,1,1,200,1,0,0,0,0,1,0,1,0,0,1,0
160254523671800,1,1,1,200,1,0,0,0,0,1,0,2,0,0,1,0
160254539187600,2,1,1,200,1,0,0,0,0,1,0,1,0,0,1,0
160254539231700,1,1,1,200,1,0,0,0,0,1,0,2,0,0,1,0
160254554599600,2,1,1,200,1,0,0,0,0,1,0,1,0,0,1,0
160254554640700,1,1,1,200,1,0,0,0,0,1,0,2,0,0,1,0
160254570007200,2,1,1,200,1,0,0,0,0,1,0,1,0,0,1,0
160254570157800,1,1,1,200,1,0,0,0,0,1,0,2,0,0,1,0
160254586116500,2,1,1,200,1,0,0,0,0,1,0,1,0,0,1,0
160254586163000,1,1,1,200,1,0,0,0,0,1,0,2,0,0,1,0
160254601375600,2,1,1,200,1,0,0,0,0,1,0,1,0,0,1,0
160254601405800,1,1,1,200,1,0,0,0,0,1,0,2,0,0,1,0
160254617474900,2,1,1,200,1,0,0,0,0,1,0,1,0,0,1,0
160254617516300,1,1,1,200,1,0,0,0,0,1,0,2,0,0,1,0
160254632807200,2,1,1,200,1,0,0,0,0,1,0,1,0,0,1,0
160254632839300,1,1,1,200,1,0,0,0,0,1,0,2,0,0,1,0
160254648431700,2,1,1,200,1,0,0,0,0,1,0,1,0,0,1,0
160254648505700,1,1,1,200,1,0,0,0,0,1,0,2,0,0,1,0
160254663890100,2,1,1,200,1,0,0,0,0,1,0,1,0,0,1,0
160254663923000,1,1,1,200,1,0,0,0,0,1,0,2,0,0,1,0
160254679651500,2,1,1,200,1,0,0,0,0,1,0,1,0,0,1,0
160254679681900,1,1,1,200,1,0,0,0,0,1,0,2,0,0,1,0
160254695112800,2,1,1,200,1,0,0,0,0,1,0,1,0,0,1,0
160254695156400,1,1,1,200,1,0,0,0,0,1,0,2,0,0,1,0
160254710284100,2,1,1,200,1,0,0,0,0,1,0,1,0,0,1,0
160254710350700,1,1,1,200,1,0,0,0,0,1,0,2,0,0,1,0
160254725719200,2,1,1,200,1,0,0,0,0,1,0,1,0,0,1,0
160254725765500,1,1,1,200,1,0,0,0,0,1,0,2,0,0,1,0
160254740825500,2,1,1,200,1,0,0,0,0,1,0,1,0,0,1,0
160254740866200,1,1,1,200,1,0,0,0,0,1,0,2,0,0,1,0
160254756311000,2,1,1,200,1,0,0,0,0,1,0,1,0,0,1,0
160254756346500,1,1,1,200,1,0,0,0,0,1,0,2,0,0,1,0
160254771474300,2,1,1,200,1,0,0,0,0,1,0,1,0,0,1,0
160254771520500,1,1,1,200,1,0,0,0,0,1,0,2,0,0,1,0
160254786978400,2,1,1,200,1,0,0,0,0,1,0,1,0,0,1,0
160254787012600,1,1,1,200,1,0,0,0,0,1,0,2,0,0,1,0
160254802479600,2,1,1,200,1,0,0,0,0,1,0,1,0,0,1,0
160254802514600,1,1,1,200,1,0,0,0,0,1,0,2,0,0,1,0
160254817570000,2,1,1,200,1,0,0,0,0,1,0,1,0,0,1,0
160254817603000,1,1,1,200,1,0,0,0,0,1,0,2,0,0,1,0
160254833079400,2,1,1,200,1,0,0,0,0,1,0,1,0,0,1,0
160254833110900,1,1,1,200,1,0,0,0,0,1,0,2,0,0,1,0
160254848727300,2,1,1,200,1,0,0,0,0,1,0,1,0,0,1,0
160254848756100,1,1,1,200,1,0,0,0,0,1,0,2,0,0,1,0
160254864276100,2,1,1,200,1,0,0,0,0,1,0,1,0,0,1,0
160254864305200,1,1,1,200,1,0,0,0,0,1,0,2,0,0,1,0
160254879810200,2,1,1,200,1,0,0,0,0,1,0,1,0,0,1,0
160254879857400,1,1,1,200,1,0,0,0,0,1,0,2,0,0,1,0
160254895512700,2,1,1,200,1,0,0,0,0,1,0,1,0,0,1,0
160254895558100,1,1,1,200,1,0,0,0,0,1,0,2,0,0,1,0
160254910907200,2,1,1,200,1,0,0,0,0,1,0,1,0,0,1,0
160254910947900,1,1,1,200,1,0,0,0,0,1,0,2,0,0,1,0
160254926494500,2,1,1,200,1,0,0,0,0,1,0,1,0,0,1,0
160254926540700,1,1,1,200,1,0,0,0,0,1,0,2,0,0,1,0
160254942542400,2,1,1,200,1,0,0,0,0,1,0,1,0,0,1,0
160254942586300,1,1,1,200,1,0,0,0,0,1,0,2,0,0,1,0
160254957908800,2,1,1,200,1,0,0,0,0,1,0,1,0,0,1,0
160254957985200,1,1,1,200,1,0,0,0,0,1,0,2,0,0,1,0
160254973441200,2,1,1,200,1,0,0,0,0,1,0,1,0,0,1,0
160254973469400,1,1,1,200,1,0,0,0,0,1,0,2,0,0,1,0
