sampleNs,origin,connected,valid,result,m00,m01,m02,x,m10,m11,m12,y,m20,m21,m22,z
160269013341700,2,1,1,200,1,0,0,0,0,1,0,1,0,0,1,0
160269013492800,1,1,1,200,1,0,0,0,0,1,0,2,0,0,1,0
160269024130900,2,1,1,200,1,0,0,0,0,1,0,1,0,0,1,0
160269024163100,1,1,1,200,1,0,0,0,0,1,0,2,0,0,1,0
160269039756300,2,1,1,200,1,0,0,0,0,1,0,1,0,0,1,0
160269039807600,1,1,1,200,1,0,0,0,0,1,0,2,0,0,1,0
160269055298000,2,1,1,200,1,0,0,0,0,1,0,1,0,0,1,0
160269055341500,1,1,1,200,1,0,0,0,0,1,0,2,0,0,1,0
160269070749500,2,1,1,200,1,0,0,0,0,1,0,1,0,0,1,0
160269070789600,1,1,1,200,1,0,0,0,0,1,0,2,0,0,1,0
160269086361300,2,1,1,200,1,0,0,0,0,1,0,1,0,0,1,0
160269086406200,1,1,1,200,1,0,0,0,0,1,0,2,0,0,1,0
160269101465600,2,1,1,200,1,0,0,0,0,1,0,1,0,0,1,0
160269101528100,1,1,1,200,1,0,0,0,0,1,0,2,0,0,1,0
160269116703000,2,1,1,200,1,0,0,0,0,1,0,1,0,0,1,0
160269116780300,1,1,1,200,1,0,0,0,0,1,0,2,0,0,1,0
160269132663800,2,1,1,200,1,0,0,0,0,1,0,1,0,0,1,0
160269132690600,1,1,1,200,1,0,0,0,0,1,0,2,0,0,1,0
160269148298300,2,1,1,200,1,0,0,0,0,1,0,1,0,0,1,0
160269148339300,1,1,1,200,1,0,0,0,0,1,0,2,0,0,1,0
160269164298900,2,1,1,200,1,0,0,0,0,1,0,1,0,0,1,0
160269164344600,1,1,1,200,1,0,0,0,0,1,0,2,0,0,1,0
160269179875800,2,1,1,200,1,0,0,0,0,1,0,1,0,0,1,0
160269179922000,1,1,1,200,1,0,0,0,0,1,0,2,0,0,1,0
160269195424200,2,1,1,200,1,0,0,0,0,1,0,1,0,0,1,0
160269195531300,1,1,1,200,1,0,0,0,0,1,0,2,0,0,1,0
160269210826900,2,1,1,200,1,0,0,0,0,1,0,1,0,0,1,0
160269210866000,1,1,1,200,1,0,0,0,0,1,0,2,0,0,1,0
160269226654100,2,1,1,200,1,0,0,0,0,1,0,1,0,0,1,0
160269226692900,1,1,1,200,1,0,0,0,0,1,0,2,0,0,1,0
160269241912900,2,1,1,200,1,0,0,0,0,1,0,1,0,0,1,0
160269241951700,1,1,1,200,1,0,0,0,0,1,0,2,0,0,1,0
160269257381900,2,1,1,200,1,0,0,0,0,1,0,1,0,0,1,0
160269257409800,1,1,1,200,1,0,0,0,0,1,0,2,0,0,1,0
160269273083400,2,1,1,200,1,0,0,0,0,1,0,1,0,0,1,0
160269273130800,1,1,1,200,1,0,0,0,0,1,0,2,0,0,1,0
160269288563900,2,1,1,200,1,0,0,0,0,1,0,1,0,0,1,0
160269288605100,1,1,1,200,1,0,0,0,0,1,0,2,0,0,1,0
160269303883800,2,1,1,200,1,0,0,0,0,1,0,1,0,0,1,0
160269303925300,1,1,1,200,1,0,0,0,0,1,0,2,0,0,1,0
160269319609800,2,1,1,200,1,0,0,0,0,1,0,1,0,0,1,0
160269319650500,1,1,1,200,1,0,0,0,0,1,0,2,0,0,1,0
160269335232000,2,1,1,200,1,0,0,0,0,1,0,1,0,0,1,0
160269335271600,1,1,1,200,1,0,0,0,0,1,0,2,0,0,1,0
160269350654800,2,1,1,200,1,0,0,0,0,1,0,1,0,0,1,0
160269350700400,1,1,1,200,1,0,0,0,0,1,0,2,0,0,1,0
160269365947400,2,1,1,200,1,0,0,0,0,1,0,1,0,0,1,0
160269365986700,1,1,1,200,1,0,0,0,0,1,0,2,0,0,1,0
160269381421100,2,1,1,200,1,0,0,0,0,1,0,1,0,0,1,0
160269381451000,1,1,1,200,1,0,0,0,0,1,0,2,0,0,1,0
160269397082200,2,1,1,200,1,0,0,0,0,1,0,1,0,0,1,0
160269397119700,1,1,1,200,1,0,0,0,0,1,0,2,0,0,1,0
160269412820100,2,1,1,200,1,0,0,0,0,1,0,1,0,0,1,0
160269412853500,1,1,1,200,1,0,0,0,0,1,0,2,0,0,1,0
160269428522100,2,1,1,200,1,0,0,0,0,1,0,1,0,0,1,0
160269428567400,1,1,1,200,1,0,0,0,0,1,0,2,0,0,1,0
160269444091900,2,1,1,200,1,0,0,0,0,1,0,1,0,0,1,0
160269444141300,1,1,1,200,1,0,0,0,0,1,0,2,0,0,1,0
160269459603700,2,1,1,200,1,0,0,0,0,1,0,1,0,0,1,0
160269459638900,1,1,1,200,1,0,0,0,0,1,0,2,0,0,1,0
160269475108800,2,1,1,200,1,0,0,0,0,1,0,1,0,0,1,0
160269475142300,1,1,1,200,1,0,0,0,0,1,0,2,0,0,1,0
160269490810400,2,1,1,200,1,0,0,0,0,1,0,1,0,0,1,0
160269490852700,1,1,1,200,1,0,0,0,0,1,0,2,0,0,1,0
160269506563900,2,1,1,200,1,0,0,0,0,1,0,1,0,0,1,0
160269506649800,1,1,1,200,1,0,0,0,0,1,0,2,0,0,1,0
160269521782700,2,1,1,200,1,0,0,0,0,1,0,1,0,0,1,0
160269521833500,1,1,1,200,1,0,0,0,0,1,0,2,0,0,1,0
160269536999700,2,1,1,200,1,0,0,0,0,1,0,1,0,0,1,0
160269537055600,1,1,1,200,1,0,0,0,0,1,0,2,0,0,1,0
160269552869100,2,1,1,200,1,0,0,0,0,1,0,1,0,0,1,0
160269552987900,1,1,1,200,1,0,0,0,0,1,0,2,0,0,1,0
160269568942300,2,1,1,200,1,0,0,0,0,1,0,1,0,0,1,0
160269568989800,1,1,1,200,1,0,0,0,0,1,0,2,0,0,1,0
160269584510100,2,1,1,200,1,0,0,0,0,1,0,1,0,0,1,0
160269584579300,1,1,1,200,1,0,0,0,0,1,0,2,0,0,1,0
160269600242600,2,1,1,200,1,0,0,0,0,1,0,1,0,0,1,0
160269600350900,1,1,1,200,1,0,0,0,0,1,0,2,0,0,1,0
160269616365300,2,1,1,200,1,0,0,0,0,1,0,1,0,0,1,0
160269616402400,1,1,1,200,1,0,0,0,0,1,0,2,0,0,1,0
160269631519200,2,1,1,200,1,0,0,0,0,1,0,1,0,0,1,0
160269631714200,1,1,1,200,1,0,0,0,0,1,0,2,0,0,1,0
160269647195400,2,1,1,200,1,0,0,0,0,1,0,1,0,0,1,0
160269647235000,1,1,1,200,1,0,0,0,0,1,0,2,0,0,1,0
160269662813000,2,1,1,200,1,0,0,0,0,1,0,1,0,0,1,0
160269662855000,1,1,1,200,1,0,0,0,0,1,0,2,0,0,1,0
160269678096100,2,1,1,200,1,0,0,0,0,1,0,1,0,0,1,0
160269678137400,1,1,1,200,1,0,0,0,0,1,0,2,0,0,1,0
160269693205400,2,1,1,200,1,0,0,0,0,1,0,1,0,0,1,0
160269693240700,1,1,1,200,1,0,0,0,0,1,0,2,0,0,1,0
160269708509200,2,1,1,200,1,0,0,0,0,1,0,1,0,0,1,0
160269708572700,1,1,1,200,1,0,0,0,0,1,0,2,0,0,1,0
160269723948400,2,1,1,200,1,0,0,0,0,1,0,1,0,0,1,0
160269724002200,1,1,1,200,1,0,0,0,0,1,0,2,0,0,1,0
160269739214800,2,1,1,200,1,0,2.000015229e-07,1.600012212e-07,0,1,0,1,-2.000015229e-07,0,1,2
160269739262200,1,1,1,200,1,0,2.000015229e-07,1.600012212e-07,0,1,0,2,-2.000015229e-07,0,1,2
160269754820900,2,1,1,200,1,0,2.000015229e-07,1.600012212e-07,0,1,0,1,-2.000015229e-07,0,1,2
160269754866800,1,1,1,200,1,0,2.000015229e-07,1.600012212e-07,0,1,0,2,-2.000015229e-07,0,1,2
160269770363100,2,1,1,200,0.9999370575,0,0.01122032292,0.008976446465,0,1,0,1.00235641,-0.01122032292,0,0.9999370575,2
160269770418100,1,1,1,200,0.9999370575,0,0.01122032292,0.008976446465,0,1,0,2.002356529,-0.01122032292,0,0.9999370575,2
160269786487800,2,1,1,200,0.9997518659,0,0.02227647975,0.01782265678,0,1,0,1.004679203,-0.02227647975,0,0.9997518659,2
160269786559200,1,1,1,200,0.9997518659,0,0.02227647975,0.01782265678,0,1,0,2.004679203,-0.02227647975,0,0.9997518659,2
160269802616800,2,1,1,200,0.9996129274,0,0.0278210789,0.02225973457,0,1,0,1.005844712,-0.0278210789,0,0.9996129274,2
160269802683100,1,1,1,200,0.9996129274,0,0.0278210789,0.02225973457,0,1,0,2.005844593,-0.0278210789,0,0.9996129274,2
160269818125600,2,1,1,200,0.999432385,0,0.03368876874,0.02695611492,0,1,0,1.007078767,-0.03368876874,0,0.999432385,2
160269818169700,1,1,1,200,0.999432385,0,0.03368876874,0.02695611492,0,1,0,2.007078648,-0.03368876874,0,0.999432385,2
160269833825100,2,1,1,200,0.9990129471,0,0.04442013055,0.03554780036,0,1,0,1.009337544,-0.04442013055,0,0.9990129471,2
160269833859500,1,1,1,200,0.9990129471,0,0.04442013055,0.03554780036,0,1,0,2.009337425,-0.04442013055,0,0.9990129471,2
160269849098100,2,1,1,200,0.9987500906,0,0.0499826856,0.04000281915,0,1,0,1.010509729,-0.0499826856,0,0.9987500906,2
160269849168200,1,1,1,200,0.9987500906,0,0.0499826856,0.04000281915,0,1,0,2.010509729,-0.0499826856,0,0.9987500906,2
160269864637000,2,1,1,200,0.9981408119,0,0.06095034629,0.04879051819,0,1,0,1.01282382,-0.06095034629,0,0.9981408119,2
160269864669500,1,1,1,200,0.9981408119,0,0.06095034629,0.04879051819,0,1,0,2.01282382,-0.06095034629,0,0.9981408119,2
160269880258500,2,1,1,200,0.9977756739,0,0.06666091084,0.05336830392,0,1,0,1.014030576,-0.06666091084,0,0.9977756739,2
160269880291800,1,1,1,200,0.9977756739,0,0.06666091084,0.05336830392,0,1,0,2.014030457,-0.06666091084,0,0.9977756739,2
160269895589800,2,1,1,200,0.9973889589,0,0.07221649587,0.05782353133,0,1,0,1.01520586,-0.07221649587,0,0.9973889589,2
160269895657000,1,1,1,200,0.9973889589,0,0.07221649587,0.05782353133,0,1,0,2.01520586,-0.07221649587,0,0.9973889589,2
160269910817100,2,1,1,200,0.9965450168,0,0.08305449784,0.06652022898,0,1,0,1.017503142,-0.08305449784,0,0.9965450168,2
160269910873900,1,1,1,200,0.9965450168,0,0.08305449784,0.06652022898,0,1,0,2.017503262,-0.08305449784,0,0.9965450168,2
160269926179500,2,1,1,200,0.9960819483,0,0.08843530715,0.07084079087,0,1,0,1.018646002,-0.08843530715,0,0.9960819483,2
160269926223400,1,1,1,200,0.9960819483,0,0.08843530715,0.07084079087,0,1,0,2.018646002,-0.08843530715,0,0.9960819483,2
160269941706800,2,1,1,200,0.9955800176,0,0.09391685575,0.07524438202,0,1,0,1.019811988,-0.09391685575,0,0.9955800176,2
160269941749500,1,1,1,200,0.9955800176,0,0.09391685575,0.07524438202,0,1,0,2.019812107,-0.09391685575,0,0.9955800176,2
160269957676300,2,1,1,200,0.9945093393,0,0.1046475768,0.08387161791,0,1,0,1.02210021,-0.1046475768,0,0.9945093393,2
160269957754300,1,1,1,200,0.9945093393,0,0.1046475768,0.08387161791,0,1,0,2.02210021,-0.1046475768,0,0.9945093393,2
160269973345000,2,1,1,200,0.9933195114,0,0.1153962836,0.09252315015,0,1,0,1.024400353,-0.1153962836,0,0.9933195114,2
160269973385900,1,1,1,200,0.9933195114,0,0.1153962836,0.09252315015,0,1,0,2.024400234,-0.1153962836,0,0.9933195114,2
160269988375500,2,1,1,200,0.9926519394,0,0.1210046709,0.0970415473,0,1,0,1.025604129,-0.1210046709,0,0.9926519394,2
160269988502500,1,1,1,200,0.9926519394,0,0.1210046709,0.0970415473,0,1,0,2.025604248,-0.1210046709,0,0.9926519394,2
160270004107900,2,1,1,200,0.9919923544,0,0.1262977272,0.1013087407,0,1,0,1.026742697,-0.1262977272,0,0.9919923544,2
160270004148200,1,1,1,200,0.9919923544,0,0.1262977272,0.1013087407,0,1,0,2.026742697,-0.1262977272,0,0.9919923544,2
160270019716700,2,1,1,200,0.9905881882,0,0.1368760318,0.1098456606,0,1,0,1.029025555,-0.1368760318,0,0.9905881882,2
160270019762700,1,1,1,200,0.9905881882,0,0.1368760318,0.1098456606,0,1,0,2.029025555,-0.1368760318,0,0.9905881882,2
160270035443900,2,1,1,200,0.9898585677,0,0.1420562565,0.1140307412,0,1,0,1.030147314,-0.1420562565,0,0.9898585677,2
160270035581600,1,1,1,200,0.9898585677,0,0.1420562565,0.1140307412,0,1,0,2.030147314,-0.1420562565,0,0.9898585677,2
160270050738600,2,1,1,200,0.9890824556,0,0.1473630965,0.1183213815,0,1,0,1.031299472,-0.1473630965,0,0.9890824556,2
160270050799800,1,1,1,200,0.9890824556,0,0.1473630965,0.1183213815,0,1,0,2.031299591,-0.1473630965,0,0.9890824556,2
160270066322700,2,1,1,200,0.9874847531,0,0.1577145606,0.1267006546,0,1,0,1.033555388,-0.1577145606,0,0.9874847531,2
160270066387900,1,1,1,200,0.9874847531,0,0.1577145606,0.1267006546,0,1,0,2.033555508,-0.1577145606,0,0.9874847531,2
160270081510100,2,1,1,200,0.9866310358,0,0.1629698873,0.1309600323,0,1,0,1.03470552,-0.1629698873,0,0.9866310358,2
160270081552000,1,1,1,200,0.9866310358,0,0.1629698873,0.1309600323,0,1,0,2.034705639,-0.1629698873,0,0.9866310358,2
160270097053300,2,1,1,200,0.9848850965,0,0.1732089967,0.1392695904,0,1,0,1.036955953,-0.1732089967,0,0.9848850965,2
160270097089100,1,1,1,200,0.9848850965,0,0.1732089967,0.1392695904,0,1,0,2.036955833,-0.1732089967,0,0.9848850965,2
160270112596700,2,1,1,200,0.9839394689,0,0.1785023361,0.1435713023,0,1,0,1.038124681,-0.1785023361,0,0.9839394689,2
160270112658900,1,1,1,200,0.9839394689,0,0.1785023361,0.1435713023,0,1,0,2.038124561,-0.1785023361,0,0.9839394689,2
160270128243700,2,1,1,200,0.983009994,0,0.1835521758,0.1476790458,0,1,0,1.039243221,-0.1835521758,0,0.983009994,2
160270128292000,1,1,1,200,0.983009994,0,0.1835521758,0.1476790458,0,1,0,2.039243221,-0.1835521758,0,0.983009994,2
160270143794700,2,1,1,200,0.9810612798,0,0.1936977059,0.1559438705,0,1,0,1.04150176,-0.1936977059,0,0.9810612798,2
160270143847600,1,1,1,200,0.9810612798,0,0.1936977059,0.1559438705,0,1,0,2.04150176,-0.1936977059,0,0.9810612798,2
160270159062200,2,1,1,200,0.9800609946,0,0.1986969262,0.160022527,0,1,0,1.042620301,-0.1986969262,0,0.9800609946,2
160270159120000,1,1,1,200,0.9800609946,0,0.1986969262,0.160022527,0,1,0,2.042620182,-0.1986969262,0,0.9800609946,2
160270174245600,2,1,1,200,0.9790470004,0,0.2036344558,0.1640549898,0,1,0,1.043729186,-0.2036344558,0,0.9790470004,2
160270174323600,1,1,1,200,0.9790470004,0,0.2036344558,0.1640549898,0,1,0,2.043729305,-0.2036344558,0,0.9790470004,2
160270189734400,2,1,1,200,0.9769375324,0,0.2135252357,0.1721456051,0,1,0,1.045962572,-0.2135252357,0,0.9769375324,2
160270189768300,1,1,1,200,0.9769375324,0,0.2135252357,0.1721456051,0,1,0,2.045962572,-0.2135252357,0,0.9769375324,2
160270205383900,2,1,1,200,0.9758638144,0,0.2183799595,0.1761232466,0,1,0,1.047065258,-0.2183799595,0,0.9758638144,2
160270205428900,1,1,1,200,0.9758638144,0,0.2183799595,0.1761232466,0,1,0,2.047065258,-0.2183799595,0,0.9758638144,2
160270220690300,2,1,1,200,0.9736341834,0,0.228115052,0.1841130108,0,1,0,1.049289823,-0.228115052,0,0.9736341834,2
160270220721100,1,1,1,200,0.9736341834,0,0.228115052,0.1841130108,0,1,0,2.049289703,-0.228115052,0,0.9736341834,2
160270236284100,2,1,1,200,0.9725083709,0,0.2328678071,0.1880204082,0,1,0,1.050382614,-0.2328678071,0,0.9725083709,2
160270236312600,1,1,1,200,0.9725083709,0,0.2328678071,0.1880204082,0,1,0,2.050382614,-0.2328678071,0,0.9725083709,2
160270251878400,2,1,1,200,0.9713599682,0,0.2376127541,0.1919259876,0,1,0,1.051478386,-0.2376127541,0,0.9713599682,2
160270251919200,1,1,1,200,0.9713599682,0,0.2376127541,0.1919259876,0,1,0,2.051478386,-0.2376127541,0,0.9713599682,2
160270267372800,2,1,1,200,0.9690333605,0,0.2469297796,0.1996085048,0,1,0,1.053644419,-0.2469297796,0,0.9690333605,2
160270267407200,1,1,1,200,0.9690333605,0,0.2469297796,0.1996085048,0,1,0,2.053644419,-0.2469297796,0,0.9690333605,2
160270282975700,2,1,1,200,0.9678452611,0,0.2515464127,0.203422159,0,1,0,1.054725051,-0.2515464127,0,0.9678452611,2
160270283018300,1,1,1,200,0.9678452611,0,0.2515464127,0.203422159,0,1,0,2.05472517,-0.2515464127,0,0.9678452611,2
160270298940400,2,1,1,200,0.966639936,0,0.2561390698,0.2072207183,0,1,0,1.055805206,-0.2561390698,0,0.966639936,2
160270298974700,1,1,1,200,0.966639936,0,0.2561390698,0.2072207183,0,1,0,2.055805206,-0.2561390698,0,0.966639936,2
160270314610300,2,1,1,200,0.964140296,0,0.2653929889,0.2148892134,0,1,0,1.057997823,-0.2653929889,0,0.964140296,2
160270314667300,1,1,1,200,0.964140296,0,0.2653929889,0.2148892134,0,1,0,2.057997704,-0.2653929889,0,0.964140296,2
160270330077900,2,1,1,200,0.9616471529,0,0.274289608,0.2222807258,0,1,0,1.060127497,-0.274289608,0,0.9616471529,2
160270330130200,1,1,1,200,0.9616471529,0,0.274289608,0.2222807258,0,1,0,2.060127497,-0.274289608,0,0.9616471529,2
160270345396400,2,1,1,200,0.9616471529,0,0.274289608,0.2222807258,0,1,0,1.060127497,-0.274289608,0,0.9616471529,2
160270345448600,1,1,1,200,0.9616471529,0,0.274289608,0.2222807258,0,1,0,2.060127497,-0.274289608,0,0.9616471529,2
160270361038900,2,1,1,200,0.959084034,0,0.2831215858,0.2296378613,0,1,0,1.062264442,-0.2831215858,0,0.959084034,2
160270361094500,1,1,1,200,0.959084034,0,0.2831215858,0.2296378613,0,1,0,2.062264442,-0.2831215858,0,0.959084034,2
160270376303600,2,1,1,200,0.9564698339,0,0.2918311656,0.2369126379,0,1,0,1.064395547,-0.2918311656,0,0.9564698339,2
160270376367400,1,1,1,200,0.9564698339,0,0.2918311656,0.2369126379,0,1,0,2.064395428,-0.2918311656,0,0.9564698339,2
160270391684800,2,1,1,200,0.9551970959,0,0.2959704399,0.2403770536,0,1,0,1.065417171,-0.2959704399,0,0.9551970959,2
160270391788600,1,1,1,200,0.9551970959,0,0.2959704399,0.2403770536,0,1,0,2.06541729,-0.2959704399,0,0.9551970959,2
160270407387100,2,1,1,200,0.9538748264,0,0.3002046645,0.2439257652,0,1,0,1.066468358,-0.3002046645,0,0.9538748264,2
160270407429700,1,1,1,200,0.9538748264,0,0.3002046645,0.2439257652,0,1,0,2.066468239,-0.3002046645,0,0.9538748264,2
160270422526200,2,1,1,200,0.9511905909,0,0.3086040318,0.2509800494,0,1,0,1.068572998,-0.3086040318,0,0.9511905909,2
160270422580000,1,1,1,200,0.9511905909,0,0.3086040318,0.2509800494,0,1,0,2.068572998,-0.3086040318,0,0.9511905909,2
160270438123900,2,1,1,200,0.9498775005,0,0.3126223087,0.2543619871,0,1,0,1.069589496,-0.3126223087,0,0.9498775005,2
160270438160000,1,1,1,200,0.9498775005,0,0.3126223087,0.2543619871,0,1,0,2.069589615,-0.3126223087,0,0.9498775005,2
160270454189100,2,1,1,200,0.947201848,0,0.3206379414,0.2611223459,0,1,0,1.071636915,-0.3206379414,0,0.947201848,2
160270454218600,1,1,1,200,0.947201848,0,0.3206379414,0.2611223459,0,1,0,2.071636915,-0.3206379414,0,0.947201848,2
160270469801900,2,1,1,200,0.9458562732,0,0.324585706,0.2644589245,0,1,0,1.072655439,-0.324585706,0,0.9458562732,2
160270469862700,1,1,1,200,0.9458562732,0,0.324585706,0.2644589245,0,1,0,2.072655439,-0.324585706,0,0.9458562732,2
160270485294700,2,1,1,200,0.9445115924,0,0.3284781575,0.2677535117,0,1,0,1.073666692,-0.3284781575,0,0.9445115924,2
160270485324600,1,1,1,200,0.9445115924,0,0.3284781575,0.2677535117,0,1,0,2.073666573,-0.3284781575,0,0.9445115924,2
160270500901000,2,1,1,200,0.9417434335,0,0.3363321424,0.2744155526,0,1,0,1.075729251,-0.3363321424,0,0.9417434335,2
160270501028100,1,1,1,200,0.9417434335,0,0.3363321424,0.2744155526,0,1,0,2.07572937,-0.3363321424,0,0.9417434335,2
160270516462500,2,1,1,200,0.9403916597,0,0.3400933743,0.2776129544,0,1,0,1.076727986,-0.3400933743,0,0.9403916597,2
160270516602500,1,1,1,200,0.9403916597,0,0.3400933743,0.2776129544,0,1,0,2.076727867,-0.3400933743,0,0.9403916597,2
160270532641800,2,1,1,200,0.9376726151,0,0.3475199342,0.283939898,0,1,0,1.078722477,-0.3475199342,0,0.9376726151,2
160270532674400,1,1,1,200,0.9376726151,0,0.3475199342,0.283939898,0,1,0,2.078722477,-0.3475199342,0,0.9376726151,2
160270548279600,2,1,1,200,0.9363273382,0,0.3511282802,0.2870206833,0,1,0,1.079702854,-0.3511282802,0,0.9363273382,2
160270548316400,1,1,1,200,0.9363273382,0,0.3511282802,0.2870206833,0,1,0,2.079702854,-0.3511282802,0,0.9363273382,2
160270563740800,2,1,1,200,0.9349778891,0,0.3547059596,0.2900796235,0,1,0,1.080682755,-0.3547059596,0,0.9349778891,2
160270563828500,1,1,1,200,0.9349778891,0,0.3547059596,0.2900796235,0,1,0,2.080682755,-0.3547059596,0,0.9349778891,2
160270579360800,2,1,1,200,0.9322800636,0,0.3617372513,0.2961045504,0,1,0,1.082632422,-0.3617372513,0,0.9322800636,2
160270579395400,1,1,1,200,0.9322800636,0,0.3617372513,0.2961045504,0,1,0,2.082632542,-0.3617372513,0,0.9322800636,2
160270594871600,2,1,1,200,0.9308809638,0,0.3653226793,0.2991835475,0,1,0,1.083639383,-0.3653226793,0,0.9308809638,2
160270594917400,1,1,1,200,0.9308809638,0,0.3653226793,0.2991835475,0,1,0,2.083639383,-0.3653226793,0,0.9308809638,2
160270610397900,2,1,1,200,0.9282274842,0,0.3720130622,0.3049414456,0,1,0,1.085543633,-0.3720130622,0,0.9282274842,2
160270610447300,1,1,1,200,0.9282274842,0,0.3720130622,0.3049414456,0,1,0,2.085543633,-0.3720130622,0,0.9282274842,2
160270626426800,2,1,1,200,0.9269062877,0,0.3752928078,0.3077701032,0,1,0,1.086489677,-0.3752928078,0,0.9269062877,2
160270626466200,1,1,1,200,0.9269062877,0,0.3752928078,0.3077701032,0,1,0,2.086489677,-0.3752928078,0,0.9269062877,2
160270641886800,2,1,1,200,0.9255845547,0,0.3785409629,0.3105755746,0,1,0,1.087435365,-0.3785409629,0,0.9255845547,2
160270641936300,1,1,1,200,0.9255845547,0,0.3785409629,0.3105755746,0,1,0,2.087435246,-0.3785409629,0,0.9255845547,2
160270657931100,2,1,1,200,0.9229099154,0,0.3850159347,0.3161800802,0,1,0,1.089348197,-0.3850159347,0,0.9229099154,2
160270658050000,1,1,1,200,0.9229099154,0,0.3850159347,0.3161800802,0,1,0,2.089348316,-0.3850159347,0,0.9229099154,2
160270673135200,2,1,1,200,0.920309186,0,0.3911918104,0.3215409815,0,1,0,1.091209769,-0.3911918104,0,0.920309186,2
160270673225900,1,1,1,200,0.920309186,0,0.3911918104,0.3215409815,0,1,0,2.091209888,-0.3911918104,0,0.920309186,2
160270688399300,2,1,1,200,0.920309186,0,0.3911918104,0.3215409815,0,1,0,1.091209769,-0.3911918104,0,0.920309186,2
160270688515700,1,1,1,200,0.920309186,0,0.3911918104,0.3215409815,0,1,0,2.091209888,-0.3911918104,0,0.920309186,2
160270703722800,2,1,1,200,0.9177654386,0,0.3971229196,0.3267038763,0,1,0,1.093035102,-0.3971229196,0,0.9177654386,2
160270703760700,1,1,1,200,0.9177654386,0,0.3971229196,0.3267038763,0,1,0,2.093035221,-0.3971229196,0,0.9177654386,2
160270719241600,2,1,1,200,0.9152555466,0,0.4028737843,0.3317236304,0,1,0,1.094843864,-0.4028737843,0,0.9152555466,2
160270719312800,1,1,1,200,0.9152555466,0,0.4028737843,0.3317236304,0,1,0,2.094843864,-0.4028737843,0,0.9152555466,2
160270734774300,2,1,1,200,0.9139605761,0,0.4058030546,0.3342858553,0,1,0,1.095781326,-0.4058030546,0,0.9139605761,2
160270734816200,1,1,1,200,0.9139605761,0,0.4058030546,0.3342858553,0,1,0,2.095781326,-0.4058030546,0,0.9139605761,2
160270750285100,2,1,1,200,0.9127333164,0,0.4085558057,0.3366969824,0,1,0,1.096673012,-0.4085558057,0,0.9127333164,2
160270750316700,1,1,1,200,0.9127333164,0,0.4085558057,0.3366969824,0,1,0,2.096673012,-0.4085558057,0,0.9127333164,2
160270766549200,2,1,1,200,0.9103243947,0,0.413895458,0.3413832784,0,1,0,1.098434329,-0.413895458,0,0.9103243947,2
160270766590200,1,1,1,200,0.9103243947,0,0.413895458,0.3413832784,0,1,0,2.098434448,-0.413895458,0,0.9103243947,2
160270782659100,2,1,1,200,0.9091426134,0,0.4164849222,0.3436604142,0,1,0,1.099304676,-0.4164849222,0,0.9091426134,2
160270782695800,1,1,1,200,0.9091426134,0,0.4164849222,0.3436604142,0,1,0,2.099304676,-0.4164849222,0,0.9091426134,2
160270798155700,2,1,1,200,0.9079699516,0,0.4190353453,0.3459061086,0,1,0,1.100173235,-0.4190353453,0,0.9079699516,2
160270798224200,1,1,1,200,0.9079699516,0,0.4190353453,0.3459061086,0,1,0,2.100173235,-0.4190353453,0,0.9079699516,2
160270813730900,2,1,1,200,0.9056757689,0,0.4239710271,0.3502603471,0,1,0,1.101888299,-0.4239710271,0,0.9056757689,2
160270813762100,1,1,1,200,0.9056757689,0,0.4239710271,0.3502603471,0,1,0,2.10188818,-0.4239710271,0,0.9056757689,2
160270828968500,2,1,1,200,0.904481709,0,0.42651245,0.352506727,0,1,0,1.102790594,-0.42651245,0,0.904481709,2
160270829002100,1,1,1,200,0.904481709,0,0.42651245,0.352506727,0,1,0,2.102790594,-0.42651245,0,0.904481709,2
160270844383300,2,1,1,200,0.9023079276,0,0.4310921133,0.356562227,0,1,0,1.104453206,-0.4310921133,0,0.9023079276,2
160270844424300,1,1,1,200,0.9023079276,0,0.4310921133,0.356562227,0,1,0,2.104453087,-0.4310921133,0,0.9023079276,2
160270859737400,2,1,1,200,0.9012516141,0,0.4332961738,0.3585175276,0,1,0,1.105271816,-0.4332961738,0,0.9012516141,2
160270859773000,1,1,1,200,0.9012516141,0,0.4332961738,0.3585175276,0,1,0,2.105271816,-0.4332961738,0,0.9012516141,2
160270875304700,2,1,1,200,0.9001992941,0,0.4354782104,0.3604555428,0,1,0,1.106095076,-0.4354782104,0,0.9001992941,2
160270875359200,1,1,1,200,0.9001992941,0,0.4354782104,0.3604555428,0,1,0,2.106095076,-0.4354782104,0,0.9001992941,2
160270891379600,2,1,1,200,0.8981454968,0,0.4396983683,0.364210248,0,1,0,1.107727408,-0.4396983683,0,0.8981454968,2
160270891412700,1,1,1,200,0.8981454968,0,0.4396983683,0.364210248,0,1,0,2.107727528,-0.4396983683,0,0.8981454968,2
160270907075800,2,1,1,200,0.8961359859,0,0.4437795877,0.3678495586,0,1,0,1.109362841,-0.4437795877,0,0.8961359859,2
160270907116200,1,1,1,200,0.8961359859,0,0.4437795877,0.3678495586,0,1,0,2.109362841,-0.4437795877,0,0.8961359859,2
160270922584300,2,1,1,200,0.8951842189,0,0.4456962943,0.369561553,0,1,0,1.11015296,-0.4456962943,0,0.8951842189,2
160270922745900,1,1,1,200,0.8951842189,0,0.4456962943,0.369561553,0,1,0,2.11015296,-0.4456962943,0,0.8951842189,2
160270937930900,2,1,1,200,0.8942525983,0,0.4475626647,0.371230334,0,1,0,1.110937238,-0.4475626647,0,0.8942525983,2
160270937985800,1,1,1,200,0.8942525983,0,0.4475626647,0.371230334,0,1,0,2.110937119,-0.4475626647,0,0.8942525983,2
160270953644700,2,1,1,200,0.8924643993,0,0.4511178434,0.3744139969,0,1,0,1.112477183,-0.4511178434,0,0.8924643993,2
160270953693100,1,1,1,200,0.8924643993,0,0.4511178434,0.3744139969,0,1,0,2.112477303,-0.4511178434,0,0.8924643993,2
160270968965700,2,1,1,200,0.8915774226,0,0.4528683126,0.3759838641,0,1,0,1.113260269,-0.4528683126,0,0.8915774226,2
160270969014200,1,1,1,200,0.8915774226,0,0.4528683126,0.3759838641,0,1,0,2.113260269,-0.4528683126,0,0.8915774226,2
160270984424600,2,1,1,200,0.8907222748,0,0.4545480013,0.3774917424,0,1,0,1.114029169,-0.4545480013,0,0.8907222748,2
160270984469200,1,1,1,200,0.8907222748,0,0.4545480013,0.3774917424,0,1,0,2.114029169,-0.4545480013,0,0.8907222748,2
160270999667700,2,1,1,200,0.889118731,0,0.4576766193,0.3803042471,0,1,0,1.115512967,-0.4576766193,0,0.889118731,2
160270999700200,1,1,1,200,0.889118731,0,0.4576766193,0.3803042471,0,1,0,2.115512848,-0.4576766193,0,0.889118731,2
160271014830200,2,1,1,200,0.8883438706,0,0.4591788054,0.3816564381,0,1,0,1.11625278,-0.4591788054,0,0.8883438706,2
160271014879300,1,1,1,200,0.8883438706,0,0.4591788054,0.3816564381,0,1,0,2.116252899,-0.4591788054,0,0.8883438706,2
160271030201400,2,1,1,200,0.8868502975,0,0.4620568156,0.3842504323,0,1,0,1.117729306,-0.4620568156,0,0.8868502975,2
160271030247700,1,1,1,200,0.8868502975,0,0.4620568156,0.3842504323,0,1,0,2.117729187,-0.4620568156,0,0.8868502975,2
160271045643100,2,1,1,200,0.8861472607,0,0.4634037316,0.38546592,0,1,0,1.118451238,-0.4634037316,0,0.8861472607,2
160271045696200,1,1,1,200,0.8861472607,0,0.4634037316,0.38546592,0,1,0,2.118451118,-0.4634037316,0,0.8861472607,2
160271060845300,2,1,1,200,0.8854873776,0,0.4646633863,0.3866035342,0,1,0,1.11914742,-0.4646633863,0,0.8854873776,2
160271060947900,1,1,1,200,0.8854873776,0,0.4646633863,0.3866035342,0,1,0,2.119147301,-0.4646633863,0,0.8854873776,2
160271076393500,2,1,1,200,0.88419348,0,0.4671208858,0.3888254166,0,1,0,1.120574594,-0.4671208858,0,0.88419348,2
160271076445500,1,1,1,200,0.88419348,0,0.4671208858,0.3888254166,0,1,0,2.120574474,-0.4671208858,0,0.88419348,2
160271091840500,2,1,1,200,0.8835992813,0,0.4682438672,0.389841795,0,1,0,1.121263027,-0.4682438672,0,0.8835992813,2
160271091877400,1,1,1,200,0.8835992813,0,0.4682438672,0.389841795,0,1,0,2.121263027,-0.4682438672,0,0.8835992813,2
160271107339000,2,1,1,200,0.8830372095,0,0.4693029225,0.3908009529,0,1,0,1.121937513,-0.4693029225,0,0.8830372095,2
160271107388500,1,1,1,200,0.8830372095,0,0.4693029225,0.3908009529,0,1,0,2.121937513,-0.4693029225,0,0.8830372095,2
160271122591300,2,1,1,200,0.8819850683,0,0.4712773561,0.392590791,0,1,0,1.123274684,-0.4712773561,0,0.8819850683,2
160271122638100,1,1,1,200,0.8819850683,0,0.4712773561,0.392590791,0,1,0,2.123274803,-0.4712773561,0,0.8819850683,2
160271138106700,2,1,1,200,0.8814957738,0,0.4721919596,0.3934206069,0,1,0,1.123937726,-0.4721919596,0,0.8814957738,2
160271138160300,1,1,1,200,0.8814957738,0,0.4721919596,0.3934206069,0,1,0,2.123937607,-0.4721919596,0,0.8814957738,2
160271153597600,2,1,1,200,0.8806086183,0,0.4738443792,0.3949210346,0,1,0,1.125229836,-0.4738443792,0,0.8806086183,2
160271153750100,1,1,1,200,0.8806086183,0,0.4738443792,0.3949210346,0,1,0,2.125229836,-0.4738443792,0,0.8806086183,2
160271169295100,2,1,1,200,0.8802065849,0,0.4745906889,0.3955991864,0,1,0,1.125864863,-0.4745906889,0,0.8802065849,2
160271169323200,1,1,1,200,0.8802065849,0,0.4745906889,0.3955991864,0,1,0,2.125864983,-0.4745906889,0,0.8802065849,2
160271184862400,2,1,1,200,0.8798315525,0,0.4752856195,0.3962309062,0,1,0,1.126494408,-0.4752856195,0,0.8798315525,2
160271184933700,1,1,1,200,0.8798315525,0,0.4752856195,0.3962309062,0,1,0,2.126494408,-0.4752856195,0,0.8798315525,2
160271200337200,2,1,1,200,0.8791559339,0,0.4765342474,0.3973666728,0,1,0,1.127752662,-0.4765342474,0,0.8791559339,2
160271200466100,1,1,1,200,0.8791559339,0,0.4765342474,0.3973666728,0,1,0,2.127752781,-0.4765342474,0,0.8791559339,2
160271216579100,2,1,1,200,0.8788677454,0,0.4770654738,0.3978501558,0,1,0,1.128358722,-0.4770654738,0,0.8788677454,2
160271216621100,1,1,1,200,0.8788677454,0,0.4770654738,0.3978501558,0,1,0,2.128358841,-0.4770654738,0,0.8788677454,2
160271232016300,2,1,1,200,0.8786094785,0,0.4775409997,0.3982830644,0,1,0,1.128954649,-0.4775409997,0,0.8786094785,2
160271232083500,1,1,1,200,0.8786094785,0,0.4775409997,0.3982830644,0,1,0,2.128954649,-0.4775409997,0,0.8786094785,2
160271248084100,2,1,1,200,0.878179431,0,0.4783313274,0.3990028799,0,1,0,1.130122542,-0.4783313274,0,0.878179431,2
160271248109100,1,1,1,200,0.878179431,0,0.4783313274,0.3990028799,0,1,0,2.130122662,-0.4783313274,0,0.878179431,2
160271263239000,2,1,1,200,0.8778637648,0,0.4789105058,0.3995305598,0,1,0,1.131264925,-0.4789105058,0,0.8778637648,2
160271263284800,1,1,1,200,0.8778637648,0,0.4789105058,0.3995305598,0,1,0,2.131264925,-0.4789105058,0,0.8778637648,2
160271278807300,2,1,1,200,0.8777499199,0,0.4791190922,0.3997206688,0,1,0,1.131823897,-0.4791190922,0,0.8777499199,2
160271278875800,1,1,1,200,0.8777499199,0,0.4791190922,0.3997206688,0,1,0,2.131824017,-0.4791190922,0,0.8777499199,2
160271294372300,2,1,1,200,0.8776626587,0,0.4792788625,0.3998662829,0,1,0,1.132396579,-0.4792788625,0,0.8776626587,2
160271294494500,1,1,1,200,0.8776626587,0,0.4792788625,0.3998662829,0,1,0,2.132396698,-0.4792788625,0,0.8776626587,2
160271310094900,2,1,1,200,0.877584219,0,0.4794224799,0.3999972045,0,1,0,1.133472562,-0.4794224799,0,0.877584219,2
160271310148300,1,1,1,200,0.877584219,0,0.4794224799,0.3999972045,0,1,0,2.133472443,-0.4794224799,0,0.877584219,2
160271325114200,2,1,1,200,0.8775892258,0,0.4794133902,0.3999889195,0,1,0,1.134003997,-0.4794133902,0,0.8775892258,2
160271325219400,1,1,1,200,0.8775892258,0,0.4794133902,0.3999889195,0,1,0,2.134004116,-0.4794133902,0,0.8775892258,2
160271340650100,2,1,1,200,0.8776233792,0,0.4793508649,0.3999319077,0,1,0,1.134519339,-0.4793508649,0,0.8776233792,2
160271340679200,1,1,1,200,0.8776233792,0,0.4793508649,0.3999319077,0,1,0,2.134519339,-0.4793508649,0,0.8776233792,2
160271356254500,2,1,1,200,0.8777794838,0,0.4790649414,0.3996713161,0,1,0,1.135529518,-0.4790649414,0,0.8777794838,2
160271356305100,1,1,1,200,0.8777794838,0,0.4790649414,0.3996713161,0,1,0,2.135529518,-0.4790649414,0,0.8777794838,2
160271371857700,2,1,1,200,0.8779013157,0,0.4788416326,0.3994678259,0,1,0,1.136022568,-0.4788416326,0,0.8779013157,2
160271371898500,1,1,1,200,0.8779013157,0,0.4788416326,0.3994678259,0,1,0,2.136022568,-0.4788416326,0,0.8779013157,2
160271387355200,2,1,1,200,0.8782402873,0,0.4782196283,0.3989011049,0,1,0,1.13700366,-0.4782196283,0,0.8782402873,2
160271387395000,1,1,1,200,0.8782402873,0,0.4782196283,0.3989011049,0,1,0,2.13700366,-0.4782196283,0,0.8782402873,2
160271402902000,2,1,1,200,0.8784501553,0,0.4778340459,0.3985499144,0,1,0,1.137471318,-0.4778340459,0,0.8784501553,2
160271402943500,1,1,1,200,0.8784501553,0,0.4778340459,0.3985499144,0,1,0,2.137471199,-0.4778340459,0,0.8784501553,2
160271418376000,2,1,1,200,0.8789558411,0,0.4769031703,0.3977024257,0,1,0,1.138381481,-0.4769031703,0,0.8789558411,2
160271418499400,1,1,1,200,0.8789558411,0,0.4769031703,0.3977024257,0,1,0,2.138381481,-0.4769031703,0,0.8789558411,2
160271433635500,2,1,1,200,0.8789558411,0,0.4769031703,0.3977024257,0,1,0,1.138381481,-0.4769031703,0,0.8789558411,2
160271433672600,1,1,1,200,0.8789558411,0,0.4769031703,0.3977024257,0,1,0,2.138381481,-0.4769031703,0,0.8789558411,2
160271449226800,2,1,1,200,0.8795837164,0,0.4757441282,0.3966478705,0,1,0,1.139268994,-0.4757441282,0,0.8795837164,2
160271449285100,1,1,1,200,0.8795837164,0,0.4757441282,0.3966478705,0,1,0,2.139268875,-0.4757441282,0,0.8795837164,2
160271464810900,2,1,1,200,0.8803191185,0,0.4743819833,0.3954094946,0,1,0,1.14011395,-0.4743819833,0,0.8803191185,2
160271464848000,1,1,1,200,0.8803191185,0,0.4743819833,0.3954094946,0,1,0,2.140113831,-0.4743819833,0,0.8803191185,2
160271480499900,2,1,1,200,0.8807299137,0,0.4736188948,0.3947161734,0,1,0,1.140524864,-0.4736188948,0,0.8807299137,2
160271480535500,1,1,1,200,0.8807299137,0,0.4736188948,0.3947161734,0,1,0,2.140524864,-0.4736188948,0,0.8807299137,2
160271496177100,2,1,1,200,0.8811693788,0,0.4728007019,0.3939731717,0,1,0,1.140927911,-0.4728007019,0,0.8811693788,2
160271496221900,1,1,1,200,0.8811693788,0,0.4728007019,0.3939731717,0,1,0,2.140927792,-0.4728007019,0,0.8811693788,2
160271511467100,2,1,1,200,0.8821343184,0,0.4709979296,0.392337352,0,1,0,1.141710639,-0.4709979296,0,0.8821343184,2
160271511518800,1,1,1,200,0.8821343184,0,0.4709979296,0.392337352,0,1,0,2.141710758,-0.4709979296,0,0.8821343184,2
160271526762300,2,1,1,200,0.882676363,0,0.4699813128,0.3914156854,0,1,0,1.142101765,-0.4699813128,0,0.882676363,2
160271526860200,1,1,1,200,0.882676363,0,0.4699813128,0.3914156854,0,1,0,2.142101765,-0.4699813128,0,0.882676363,2
160271542870900,2,1,1,200,0.8837980032,0,0.4678686857,0.3895021677,0,1,0,1.142826557,-0.4678686857,0,0.8837980032,2
160271542918500,1,1,1,200,0.8837980032,0,0.4678686857,0.3895021677,0,1,0,2.142826557,-0.4678686857,0,0.8837980032,2
160271558088800,2,1,1,200,0.884388864,0,0.4667508304,0.3884906173,0,1,0,1.143170834,-0.4667508304,0,0.884388864,2
160271558117200,1,1,1,200,0.884388864,0,0.4667508304,0.3884906173,0,1,0,2.143170834,-0.4667508304,0,0.884388864,2
160271573724900,2,1,1,200,0.8850155473,0,0.4655614495,0.3874151111,0,1,0,1.143512368,-0.4655614495,0,0.8850155473,2
160271573759300,1,1,1,200,0.8850155473,0,0.4655614495,0.3874151111,0,1,0,2.143512249,-0.4655614495,0,0.8850155473,2
160271589285800,2,1,1,200,0.8863796592,0,0.4629590511,0.3850645423,0,1,0,1.144185305,-0.4629590511,0,0.8863796592,2
160271589372200,1,1,1,200,0.8863796592,0,0.4629590511,0.3850645423,0,1,0,2.144185305,-0.4629590511,0,0.8863796592,2
160271604768000,2,1,1,200,0.8870828152,0,0.4616103172,0.3838477135,0,1,0,1.144500136,-0.4616103172,0,0.8870828152,2
160271604832100,1,1,1,200,0.8870828152,0,0.4616103172,0.3838477135,0,1,0,2.144500256,-0.4616103172,0,0.8870828152,2
160271620255000,2,1,1,200,0.8885597587,0,0.4587608874,0.381280154,0,1,0,1.14510262,-0.4587608874,0,0.8885597587,2
160271620526300,1,1,1,200,0.8885597587,0,0.4587608874,0.381280154,0,1,0,2.145102501,-0.4587608874,0,0.8885597587,2
160271635600200,2,1,1,200,0.8893580437,0,0.4572113454,0.3798856735,0,1,0,1.145399451,-0.4572113454,0,0.8893580437,2
160271635631100,1,1,1,200,0.8893580437,0,0.4572113454,0.3798856735,0,1,0,2.14539957,-0.4572113454,0,0.8893580437,2
160271650845400,2,1,1,200,0.8901735544,0,0.4556216598,0.3784563541,0,1,0,1.1456846,-0.4556216598,0,0.8901735544,2
160271650891700,1,1,1,200,0.8901735544,0,0.4556216598,0.3784563541,0,1,0,2.145684719,-0.4556216598,0,0.8901735544,2
160271666486900,2,1,1,200,0.8918437362,0,0.4523436427,0.3755131662,0,1,0,1.146217823,-0.4523436427,0,0.8918437362,2
160271666543300,1,1,1,200,0.8918437362,0,0.4523436427,0.3755131662,0,1,0,2.146217823,-0.4523436427,0,0.8918437362,2
160271682488700,2,1,1,200,0.8936120272,0,0.4488402605,0.3723736703,0,1,0,1.146718502,-0.4488402605,0,0.8936120272,2
160271682604900,1,1,1,200,0.8936120272,0,0.4488402605,0.3723736703,0,1,0,2.146718502,-0.4488402605,0,0.8936120272,2
160271698090600,2,1,1,200,0.8936120272,0,0.4488402605,0.3723736703,0,1,0,1.146718502,-0.4488402605,0,0.8936120272,2
160271698147100,1,1,1,200,0.8936120272,0,0.4488402605,0.3723736703,0,1,0,2.146718502,-0.4488402605,0,0.8936120272,2
160271713610100,2,1,1,200,0.8955073357,0,0.4450467527,0.3689811826,0,1,0,1.147193313,-0.4450467527,0,0.8955073357,2
160271713644900,1,1,1,200,0.8955073357,0,0.4450467527,0.3689811826,0,1,0,2.147193432,-0.4450467527,0,0.8955073357,2
160271729116900,2,1,1,200,0.8974252343,0,0.4411665797,0.3655185401,0,1,0,1.147617817,-0.4411665797,0,0.8974252343,2
160271729185900,1,1,1,200,0.8974252343,0,0.4411665797,0.3655185401,0,1,0,2.147617817,-0.4411665797,0,0.8974252343,2
160271744352000,2,1,1,200,0.8984487653,0,0.439078331,0.3636580706,0,1,0,1.14782393,-0.439078331,0,0.8984487653,2
160271744402700,1,1,1,200,0.8984487653,0,0.439078331,0.3636580706,0,1,0,2.147823811,-0.439078331,0,0.8984487653,2
160271759671900,2,1,1,200,0.8994579315,0,0.4370073676,0.3618150651,0,1,0,1.148014426,-0.4370073676,0,0.8994579315,2
160271759797800,1,1,1,200,0.8994579315,0,0.4370073676,0.3618150651,0,1,0,2.148014545,-0.4370073676,0,0.8994579315,2
160271775173400,2,1,1,200,0.9004939795,0,0.4348685145,0.3599137962,0,1,0,1.148197651,-0.4348685145,0,0.9004939795,2
160271775215300,1,1,1,200,0.9004939795,0,0.4348685145,0.3599137962,0,1,0,2.148197651,-0.4348685145,0,0.9004939795,2
160271791194800,2,1,1,200,0.9026633501,0,0.4303473532,0.355902046,0,1,0,1.148543954,-0.4303473532,0,0.9026633501,2
160271791225000,1,1,1,200,0.9026633501,0,0.4303473532,0.355902046,0,1,0,2.148543835,-0.4303473532,0,0.9026633501,2
160271806386000,2,1,1,200,0.9048853517,0,0.4256553352,0.3517487943,0,1,0,1.148850918,-0.4256553352,0,0.9048853517,2
160271806458900,1,1,1,200,0.9048853517,0,0.4256553352,0.3517487943,0,1,0,2.148850918,-0.4256553352,0,0.9048853517,2
160271822399600,2,1,1,200,0.9048853517,0,0.4256553352,0.3517487943,0,1,0,1.148850918,-0.4256553352,0,0.9048853517,2
160271822433400,1,1,1,200,0.9048853517,0,0.4256553352,0.3517487943,0,1,0,2.148850918,-0.4256553352,0,0.9048853517,2
160271838372800,2,1,1,200,0.9071696997,0,0.4207648933,0.3474306762,0,1,0,1.149121046,-0.4207648933,0,0.9071696997,2
160271838427300,1,1,1,200,0.9071696997,0,0.4207648933,0.3474306762,0,1,0,2.149121046,-0.4207648933,0,0.9071696997,2
160271853881400,2,1,1,200,0.9095194936,0,0.4156613052,0.3429358006,0,1,0,1.149355412,-0.4156613052,0,0.9095194936,2
160271853916600,1,1,1,200,0.9095194936,0,0.4156613052,0.3429358006,0,1,0,2.149355412,-0.4156613052,0,0.9095194936,2
160271869532700,2,1,1,200,0.910708487,0,0.4130496383,0.3406401277,0,1,0,1.149458408,-0.4130496383,0,0.910708487,2
160271869578200,1,1,1,200,0.910708487,0,0.4130496383,0.3406401277,0,1,0,2.149458408,-0.4130496383,0,0.910708487,2
160271885671400,2,1,1,200,0.9119166732,0,0.4103754759,0.3382925987,0,1,0,1.149552822,-0.4103754759,0,0.9119166732,2
160271885715700,1,1,1,200,0.9119166732,0,0.4103754759,0.3382925987,0,1,0,2.149552822,-0.4103754759,0,0.9119166732,2
160271900741700,2,1,1,200,0.9143799543,0,0.4048571587,0.3334580958,0,1,0,1.149714947,-0.4048571587,0,0.9143799543,2
160271900805000,1,1,1,200,0.9143799543,0,0.4048571587,0.3334580958,0,1,0,2.149714947,-0.4048571587,0,0.9143799543,2
160271916392600,2,1,1,200,0.91561836,0,0.402048558,0.3310024738,0,1,0,1.149781823,-0.402048558,0,0.91561836,2
160271916483800,1,1,1,200,0.9168716669,0,0.3991820812,0.3284996748,0,1,0,2.149839878,-0.3991820812,0,0.9168716669,2
160271932577100,2,1,1,200,0.9168716669,0,0.3991820812,0.3284996748,0,1,0,1.149839997,-0.3991820812,0,0.9168716669,2
160271932621300,1,1,1,200,0.9168716669,0,0.3991820812,0.3284996748,0,1,0,2.149839878,-0.3991820812,0,0.9168716669,2
160271947796300,2,1,1,200,0.9194508195,0,0.393204987,0.3232918084,0,1,0,1.149930358,-0.393204987,0,0.9194508195,2
160271947821600,1,1,1,200,0.9194508195,0,0.393204987,0.3232918084,0,1,0,2.149930477,-0.393204987,0,0.9194508195,2
160271963128300,2,1,1,200,0.9207359552,0,0.3901863098,0.3206671476,0,1,0,1.149961233,-0.3901863098,0,0.9207359552,2
160271963173400,1,1,1,200,0.9207359552,0,0.3901863098,0.3206671476,0,1,0,2.149961233,-0.3901863098,0,0.9207359552,2
160271978268000,2,1,1,200,0.9233502746,0,0.3839587569,0.3152638972,0,1,0,1.149996161,-0.3839587569,0,0.9233502746,2
160271978337800,1,1,1,200,0.9233502746,0,0.3839587569,0.3152638972,0,1,0,2.149996281,-0.3839587569,0,0.9233502746,2
160271993694800,2,1,1,200,0.9246565104,0,0.3808021843,0.3125309348,0,1,0,1.149999976,-0.3808021843,0,0.9246565104,2
160271993738900,1,1,1,200,0.9246565104,0,0.3808021843,0.3125309348,0,1,0,2.150000095,-0.3808021843,0,0.9246565104,2
160272009282100,2,1,1,200,0.9259677529,0,0.3776026368,0.309764713,0,1,0,1.14999485,-0.3776026368,0,0.9259677529,2
160272009314300,1,1,1,200,0.9259677529,0,0.3776026368,0.309764713,0,1,0,2.14999485,-0.3776026368,0,0.9259677529,2
160272024892500,2,1,1,200,0.9286267161,0,0.3710154593,0.3040818274,0,1,0,1.149957538,-0.3710154593,0,0.9286267161,2
160272024927100,1,1,1,200,0.9286267161,0,0.3710154593,0.3040818274,0,1,0,2.149957657,-0.3710154593,0,0.9286267161,2
160272040491500,2,1,1,200,0.9313011765,0,0.3642501235,0.2982620001,0,1,0,1.149884462,-0.3642501235,0,0.9313011765,2
160272040521500,1,1,1,200,0.9313011765,0,0.3642501235,0.2982620001,0,1,0,2.149884462,-0.3642501235,0,0.9313011765,2
160272056625100,2,1,1,200,0.9326540828,0,0.3607718945,0.295276314,0,1,0,1.149834037,-0.3607718945,0,0.9326540828,2
160272056691700,1,1,1,200,0.9326540828,0,0.3607718945,0.295276314,0,1,0,2.149834156,-0.3607718945,0,0.9326540828,2
160272072593000,2,1,1,200,0.934060216,0,0.3571155965,0.292142421,0,1,0,1.149772167,-0.3571155965,0,0.934060216,2
160272072622400,1,1,1,200,0.934060216,0,0.3571155965,0.292142421,0,1,0,2.149772167,-0.3571155965,0,0.934060216,2
160272088290300,2,1,1,200,0.9367581606,0,0.3499773741,0.2860375643,0,1,0,1.149626493,-0.3499773741,0,0.9367581606,2
160272088335900,1,1,1,200,0.9367581606,0,0.3499773741,0.2860375643,0,1,0,2.149626493,-0.3499773741,0,0.9367581606,2
160272103639400,2,1,1,200,0.9381372333,0,0.3462636769,0.2828683555,0,1,0,1.149538398,-0.3462636769,0,0.9381372333,2
160272103677200,1,1,1,200,0.9381372333,0,0.3462636769,0.2828683555,0,1,0,2.149538517,-0.3462636769,0,0.9381372333,2
160272119140400,2,1,1,200,0.9394973516,0,0.3425561488,0.2797090411,0,1,0,1.149442434,-0.3425561488,0,0.9394973516,2
160272119188400,1,1,1,200,0.9394973516,0,0.3425561488,0.2797090411,0,1,0,2.149442434,-0.3425561488,0,0.9394973516,2
160272134727900,2,1,1,200,0.9422063828,0,0.3350329697,0.2733121812,0,1,0,1.149224281,-0.3350329697,0,0.9422063828,2
160272134762400,1,1,1,200,0.9422063828,0,0.3350329697,0.2733121812,0,1,0,2.149224281,-0.3350329697,0,0.9422063828,2
160272150684600,2,1,1,200,0.9435573816,0,0.3312090933,0.2700677812,0,1,0,1.149101973,-0.3312090933,0,0.9435573816,2
160272150723600,1,1,1,200,0.9435573816,0,0.3312090933,0.2700677812,0,1,0,2.149101973,-0.3312090933,0,0.9435573816,2
160272166565800,2,1,1,200,0.9462609887,0,0.3234039247,0.2634596229,0,1,0,1.148829579,-0.3234039247,0,0.9462609887,2
160272166615200,1,1,1,200,0.9462609887,0,0.3234039247,0.2634596229,0,1,0,2.14882946,-0.3234039247,0,0.9462609887,2
160272181850200,2,1,1,200,0.9476349354,0,0.3193556368,0.2600395381,0,1,0,1.148676872,-0.3193556368,0,0.9476349354,2
160272181887200,1,1,1,200,0.9476349354,0,0.3193556368,0.2600395381,0,1,0,2.148676872,-0.3193556368,0,0.9476349354,2
160272197495200,2,1,1,200,0.9489743114,0,0.315353334,0.2566631734,0,1,0,1.148518562,-0.315353334,0,0.9489743114,2
160272197564400,1,1,1,200,0.9489743114,0,0.315353334,0.2566631734,0,1,0,2.148518562,-0.315353334,0,0.9489743114,2
160272213499500,2,1,1,200,0.9516432285,0,0.3072053492,0.2498039901,0,1,0,1.148174644,-0.3072053492,0,0.9516432285,2
160272213640500,1,1,1,200,0.9516432285,0,0.3072053492,0.2498039901,0,1,0,2.148174763,-0.3072053492,0,0.9516432285,2
160272229139800,2,1,1,200,0.9530034661,0,0.3029593527,0.2462371439,0,1,0,1.147984385,-0.3029593527,0,0.9530034661,2
160272229189300,1,1,1,200,0.9530034661,0,0.3029593527,0.2462371439,0,1,0,2.147984505,-0.3029593527,0,0.9530034661,2
160272244646500,2,1,1,200,0.9542807341,0,0.2989118993,0.2428417802,0,1,0,1.147796154,-0.2989118993,0,0.9542807341,2
160272244742900,1,1,1,200,0.9542807341,0,0.2989118993,0.2428417802,0,1,0,2.147796154,-0.2989118993,0,0.9542807341,2
160272260112600,2,1,1,200,0.9568895102,0,0.2904521227,0.2357594222,0,1,0,1.147382259,-0.2904521227,0,0.9568895102,2
160272260149600,1,1,1,200,0.9568895102,0,0.2904521227,0.2357594222,0,1,0,2.147382259,-0.2904521227,0,0.9568895102,2
160272275705800,2,1,1,200,0.9595124125,0,0.2816663682,0.228424266,0,1,0,1.146924138,-0.2816663682,0,0.9595124125,2
160272275803600,1,1,1,200,0.9595124125,0,0.2816663682,0.228424266,0,1,0,2.146924019,-0.2816663682,0,0.9595124125,2
160272291239700,2,1,1,200,0.9607812166,0,0.27730757,0.2247925103,0,1,0,1.146686673,-0.27730757,0,0.9607812166,2
160272291273900,1,1,1,200,0.9607812166,0,0.27730757,0.2247925103,0,1,0,2.146686554,-0.27730757,0,0.9607812166,2
160272306768800,2,1,1,200,0.9632857442,0,0.2684782445,0.2174503505,0,1,0,1.146185875,-0.2684782445,0,0.9632857442,2
160272306810700,1,1,1,200,0.9632857442,0,0.2684782445,0.2174503505,0,1,0,2.146185875,-0.2684782445,0,0.9632857442,2
160272322747000,2,1,1,200,0.9632857442,0,0.2684782445,0.2174503505,0,1,0,1.146185875,-0.2684782445,0,0.9632857442,2
160272322779100,1,1,1,200,0.9632857442,0,0.2684782445,0.2174503505,0,1,0,2.146185875,-0.2684782445,0,0.9632857442,2
160272338241900,2,1,1,200,0.965798974,0,0.2592920661,0.2098312974,0,1,0,1.145637512,-0.2592920661,0,0.965798974,2
160272338293700,1,1,1,200,0.965798974,0,0.2592920661,0.2098312974,0,1,0,2.145637512,-0.2592920661,0,0.965798974,2
160272353798200,2,1,1,200,0.9682062268,0,0.2501532733,0.2022708505,0,1,0,1.145065784,-0.2501532733,0,0.9682062268,2
160272353843900,1,1,1,200,0.9682062268,0,0.2501532733,0.2022708505,0,1,0,2.145065784,-0.2501532733,0,0.9682062268,2
160272369540300,2,1,1,200,0.9693928361,0,0.2455147356,0.198440522,0,1,0,1.144765973,-0.2455147356,0,0.9693928361,2
160272369597400,1,1,1,200,0.9693928361,0,0.2455147356,0.198440522,0,1,0,2.144765854,-0.2455147356,0,0.9693928361,2
160272385007600,2,1,1,200,0.9717260599,0,0.23611103,0.1906894147,0,1,0,1.144138694,-0.23611103,0,0.9717260599,2
160272385058300,1,1,1,200,0.9717260599,0,0.23611103,0.1906894147,0,1,0,2.144138813,-0.23611103,0,0.9717260599,2
160272400520000,2,1,1,200,0.9728639722,0,0.2313778847,0.1867950112,0,1,0,1.143813491,-0.2313778847,0,0.9728639722,2
160272400551600,1,1,1,200,0.9728639722,0,0.2313778847,0.1867950112,0,1,0,2.14381361,-0.2313778847,0,0.9728639722,2
160272416255700,2,1,1,200,0.973983109,0,0.2266206294,0.1828853041,0,1,0,1.143480301,-0.2266206294,0,0.973983109,2
160272416292400,1,1,1,200,0.973983109,0,0.2266206294,0.1828853041,0,1,0,2.143480301,-0.2266206294,0,0.973983109,2
160272431708300,2,1,1,200,0.9762251973,0,0.2167588621,0.1747945398,0,1,0,1.142769933,-0.2167588621,0,0.9762251973,2
160272431803400,1,1,1,200,0.9762251973,0,0.2167588621,0.1747945398,0,1,0,2.142769814,-0.2167588621,0,0.9762251973,2
160272446837000,2,1,1,200,0.9772996306,0,0.2118619531,0.1707838178,0,1,0,1.142407537,-0.2118619531,0,0.9772996306,2
160272446908700,1,1,1,200,0.9772996306,0,0.2118619531,0.1707838178,0,1,0,2.142407417,-0.2118619531,0,0.9772996306,2
160272462645500,2,1,1,200,0.9783625007,0,0.2068981379,0.1667227447,0,1,0,1.142033815,-0.2068981379,0,0.9783625007,2
160272462693100,1,1,1,200,0.9783625007,0,0.2068981379,0.1667227447,0,1,0,2.142033815,-0.2068981379,0,0.9783625007,2
160272478190500,2,1,1,200,0.9804102778,0,0.1969661266,0.1586099714,0,1,0,1.141267061,-0.1969661266,0,0.9804102778,2
160272478294100,1,1,1,200,0.9804102778,0,0.1969661266,0.1586099714,0,1,0,2.141267061,-0.1969661266,0,0.9804102778,2
160272493907700,2,1,1,200,0.9813979268,0,0.1919845492,0.1545471251,0,1,0,1.140873194,-0.1919845492,0,0.9813979268,2
160272493950200,1,1,1,200,0.9813979268,0,0.1919845492,0.1545471251,0,1,0,2.140873194,-0.1919845492,0,0.9813979268,2
160272509413700,2,1,1,200,0.9823701382,0,0.1869461834,0.1504420787,0,1,0,1.140468597,-0.1869461834,0,0.9823701382,2
160272509449700,1,1,1,200,0.9823701382,0,0.1869461834,0.1504420787,0,1,0,2.140468597,-0.1869461834,0,0.9823701382,2
160272524758600,2,1,1,200,0.9842278957,0,0.1769053042,0.1422730088,0,1,0,1.139643788,-0.1769053042,0,0.9842278957,2
160272524804300,1,1,1,200,0.9842278957,0,0.1769053042,0.1422730088,0,1,0,2.139643669,-0.1769053042,0,0.9842278957,2
160272540177300,2,1,1,200,0.9860334396,0,0.1665475667,0.1338618398,0,1,0,1.1387676,-0.1665475667,0,0.9860334396,2
160272540220400,1,1,1,200,0.9860334396,0,0.1665475667,0.1338618398,0,1,0,2.138767719,-0.1665475667,0,0.9860334396,2
160272556276700,2,1,1,200,0.9868855476,0,0.1614216119,0.1297047883,0,1,0,1.138324738,-0.1614216119,0,0.9868855476,2
160272556367800,1,1,1,200,0.9868855476,0,0.1614216119,0.1297047883,0,1,0,2.138324738,-0.1614216119,0,0.9868855476,2
160272571934900,2,1,1,200,0.9877259731,0,0.156196788,0.1254711896,0,1,0,1.137866974,-0.156196788,0,0.9877259731,2
160272571974500,1,1,1,200,0.9877259731,0,0.156196788,0.1254711896,0,1,0,2.137866974,-0.156196788,0,0.9877259731,2
160272587275200,2,1,1,200,0.9893309474,0,0.1456856877,0.116964817,0,1,0,1.136926889,-0.1456856877,0,0.9893309474,2
160272587325000,1,1,1,200,0.9893309474,0,0.1456856877,0.116964817,0,1,0,2.136926889,-0.1456856877,0,0.9893309474,2
160272602664900,2,1,1,200,0.9900903702,0,0.1404316127,0.1127178594,0,1,0,1.136447668,-0.1404316127,0,0.9900903702,2
160272602702500,1,1,1,200,0.9900903702,0,0.1404316127,0.1127178594,0,1,0,2.136447668,-0.1404316127,0,0.9900903702,2
160272618264300,2,1,1,200,0.9915201664,0,0.1299530119,0.1042572707,0,1,0,1.135473013,-0.1299530119,0,0.9915201664,2
160272618362900,1,1,1,200,0.9915201664,0,0.1299530119,0.1042572707,0,1,0,2.135473013,-0.1299530119,0,0.9915201664,2
160272633810700,2,1,1,200,0.9922004342,0,0.1246528253,0.09998233616,0,1,0,1.134970784,-0.1246528253,0,0.9922004342,2
160272633950000,1,1,1,200,0.9922004342,0,0.1246528253,0.09998233616,0,1,0,2.134970665,-0.1246528253,0,0.9922004342,2
160272649375800,2,1,1,200,0.9928837419,0,0.1190875024,0.09549663216,0,1,0,1.134436488,-0.1190875024,0,0.9928837419,2
160272649477100,1,1,1,200,0.9928837419,0,0.1190875024,0.09549663216,0,1,0,2.134436607,-0.1190875024,0,0.9928837419,2
160272664934800,2,1,1,200,0.9941046834,0,0.1084247306,0.08691064268,0,1,0,1.133393764,-0.1084247306,0,0.9941046834,2
160272664989100,1,1,1,200,0.9941046834,0,0.1084247306,0.08691064268,0,1,0,2.133393764,-0.1084247306,0,0.9941046834,2
160272680523100,2,1,1,200,0.9946748614,0,0.1030627787,0.08259689063,0,1,0,1.132859826,-0.1030627787,0,0.9946748614,2
160272680558200,1,1,1,200,0.9946748614,0,0.1030627787,0.08259689063,0,1,0,2.132859707,-0.1030627787,0,0.9946748614,2
160272696149700,2,1,1,200,0.995736897,0,0.09223882854,0.07389609516,0,1,0,1.131762743,-0.09223882854,0,0.995736897,2
160272696197700,1,1,1,200,0.995736897,0,0.09223882854,0.07389609516,0,1,0,2.131762743,-0.09223882854,0,0.995736897,2
160272711811800,2,1,1,200,0.996222198,0,0.08684063703,0.06956012547,0,1,0,1.131206036,-0.08684063703,0,0.996222198,2
160272711844500,1,1,1,200,0.996222198,0,0.08684063703,0.06956012547,0,1,0,2.131206036,-0.08684063703,0,0.996222198,2
160272727297400,2,1,1,200,0.9966906905,0,0.08128751814,0.06510184705,0,1,0,1.13062644,-0.08128751814,0,0.9966906905,2
160272727426900,1,1,1,200,0.9966906905,0,0.08128751814,0.06510184705,0,1,0,2.13062644,-0.08128751814,0,0.9966906905,2
160272742773300,2,1,1,200,0.9975276589,0,0.07027462125,0.05626607686,0,1,0,1.129456997,-0.07027462125,0,0.9975276589,2
160272742803700,1,1,1,200,0.9975276589,0,0.07027462125,0.05626607686,0,1,0,2.129456997,-0.07027462125,0,0.9975276589,2
160272758343900,2,1,1,200,0.99789536,0,0.06484469771,0.05191218108,0,1,0,1.128870606,-0.06484469771,0,0.99789536,2
160272758445500,1,1,1,200,0.99789536,0,0.06484469771,0.05191218108,0,1,0,2.128870487,-0.06484469771,0,0.99789536,2
160272773823200,2,1,1,200,0.9982352257,0,0.05938381702,0.04753502086,0,1,0,1.128274083,-0.05938381702,0,0.9982352257,2
160272773957600,1,1,1,200,0.9982352257,0,0.05938381702,0.04753502086,0,1,0,2.128273964,-0.05938381702,0,0.9982352257,2
160272789069300,2,1,1,200,0.998827219,0,0.04841676354,0.03874856234,0,1,0,1.127056241,-0.04841676354,0,0.998827219,2
160272789101700,1,1,1,200,0.998827219,0,0.04841676354,0.03874856234,0,1,0,2.127056122,-0.04841676354,0,0.998827219,2
160272804206400,2,1,1,200,0.9993030429,0,0.0373285152,0.029869752,0,1,0,1.125797391,-0.0373285152,0,0.9993030429,2
160272804239700,1,1,1,200,0.9993030429,0,0.0373285152,0.029869752,0,1,0,2.125797272,-0.0373285152,0,0.9993030429,2
160272819794500,2,1,1,200,0.9993030429,0,0.0373285152,0.029869752,0,1,0,1.125797391,-0.0373285152,0,0.9993030429,2
160272819853600,1,1,1,200,0.9993030429,0,0.0373285152,0.029869752,0,1,0,2.125797272,-0.0373285152,0,0.9993030429,2
160272835747800,2,1,1,200,0.9996600747,0,0.02607089095,0.02085907571,0,1,0,1.124490857,-0.02607089095,0,0.9996600747,2
160272835798100,1,1,1,200,0.9996600747,0,0.02607089095,0.02085907571,0,1,0,2.124490738,-0.02607089095,0,0.9996600747,2
160272851328200,2,1,1,200,0.9998861551,0,0.01508841291,0.01207118854,0,1,0,1.123188138,-0.01508841291,0,0.9998861551,2
160272851377200,1,1,1,200,0.9998861551,0,0.01508841291,0.01207118854,0,1,0,2.123188019,-0.01508841291,0,0.9998861551,2
160272866764000,2,1,1,200,0.999954164,0,0.009576344863,0.007661193144,0,1,0,1.122523785,-0.009576344863,0,0.999954164,2
160272866798100,1,1,1,200,0.999954164,0,0.009576344863,0.007661193144,0,1,0,2.122523785,-0.009576344863,0,0.999954164,2
160272882458500,2,1,1,200,0.9999918342,0,0.004044671543,0.003235746175,0,1,0,1.121849895,-0.004044671543,0,0.9999918342,2
160272882511000,1,1,1,200,0.9999918342,0,0.004044671543,0.003235746175,0,1,0,2.121850014,-0.004044671543,0,0.9999918342,2
160272897679400,2,1,1,200,0.999974668,0,-0.007115573157,-0.005692506209,0,1,0,1.12046814,0.007115573157,0,0.999974668,2
160272897714500,1,1,1,200,0.999974668,0,-0.007115573157,-0.005692506209,0,1,0,2.12046814,0.007115573157,0,0.999974668,2
160272913254400,2,1,1,200,0.9999203682,0,-0.01262184698,-0.01009774581,0,1,0,1.119775534,0.01262184698,0,0.9999203682,2
160272913347600,1,1,1,200,0.9999203682,0,-0.01262184698,-0.01009774581,0,1,0,2.119775534,0.01262184698,0,0.9999203682,2
160272928952200,2,1,1,200,0.9997144341,0,-0.023896439,-0.01911897212,0,1,0,1.118334055,0.023896439,0,0.9997144341,2
160272929004300,1,1,1,200,0.9997144341,0,-0.023896439,-0.01911897212,0,1,0,2.118334055,0.023896439,0,0.9997144341,2
160272945059900,2,1,1,200,0.9995670319,0,-0.02942296118,-0.02354176715,0,1,0,1.117616057,0.02942296118,0,0.9995670319,2
160272945103500,1,1,1,200,0.9995670319,0,-0.02942296118,-0.02354176715,0,1,0,2.117616177,0.02942296118,0,0.9995670319,2
160272960615600,2,1,1,200,0.9993944168,0,-0.03479678184,-0.02784304507,0,1,0,1.116910458,0.03479678184,0,0.9993944168,2
160272960656600,1,1,1,200,0.9993944168,0,-0.03479678184,-0.02784304507,0,1,0,2.116910458,0.03479678184,0,0.9993944168,2
160272975862900,2,1,1,200,0.9989496469,0,-0.04582082853,-0.03666950017,0,1,0,1.11544013,0.04582082853,0,0.9989496469,2
160272975920800,1,1,1,200,0.9989496469,0,-0.04582082853,-0.03666950017,0,1,0,2.11544013,0.04582082853,0,0.9989496469,2
160272990978100,2,1,1,200,0.9986703992,0,-0.05154982582,-0.04125814885,0,1,0,1.114663601,0.05154982582,0,0.9986703992,2
160272991009000,1,1,1,200,0.9986703992,0,-0.05154982582,-0.04125814885,0,1,0,2.114663601,0.05154982582,0,0.9986703992,2
160273006437200,2,1,1,200,0.9983763695,0,-0.0569613874,-0.04559378698,0,1,0,1.113922119,0.0569613874,0,0.9983763695,2
160273006482700,1,1,1,200,0.9983763695,0,-0.0569613874,-0.04559378698,0,1,0,2.113922119,0.0569613874,0,0.9983763695,2
160273022568800,2,1,1,200,0.9976830482,0,-0.06803324074,-0.05446866527,0,1,0,1.112380743,0.06803324074,0,0.9976830482,2
160273022644800,1,1,1,200,0.9976830482,0,-0.06803324074,-0.05446866527,0,1,0,2.112380743,0.06803324074,0,0.9976830482,2
160273038113600,2,1,1,200,0.9972987175,0,-0.07345268875,-0.05881511793,0,1,0,1.111613989,0.07345268875,0,0.9972987175,2
160273038152500,1,1,1,200,0.9972987175,0,-0.07345268875,-0.05881511793,0,1,0,2.111613989,0.07345268875,0,0.9972987175,2
160273053356400,2,1,1,200,0.9964370728,0,-0.0843398422,-0.06755211949,0,1,0,1.110049009,0.0843398422,0,0.9964370728,2
160273053387800,1,1,1,200,0.9964370728,0,-0.0843398422,-0.06755211949,0,1,0,2.110049009,0.0843398422,0,0.9964370728,2
160273068813300,2,1,1,200,0.9959590435,0,-0.08980869502,-0.07194388658,0,1,0,1.109250069,0.08980869502,0,0.9959590435,2
160273068854600,1,1,1,200,0.9959590435,0,-0.08980869502,-0.07194388658,0,1,0,2.109250069,0.08980869502,0,0.9959590435,2
160273083981800,2,1,1,200,0.9954440594,0,-0.09534730017,-0.07639389485,0,1,0,1.108432055,0.09534730017,0,0.9954440594,2
160273084026500,1,1,1,200,0.9954440594,0,-0.09534730017,-0.07639389485,0,1,0,2.108432055,0.09534730017,0,0.9954440594,2
160273099501300,2,1,1,200,0.9943634868,0,-0.1060250178,-0.08497973531,0,1,0,1.106829405,0.1060250178,0,0.9943634868,2
160273099626000,1,1,1,200,0.9943634868,0,-0.1060250178,-0.08497973531,0,1,0,2.106829405,0.1060250178,0,0.9943634868,2
160273115137900,2,1,1,200,0.9937781692,0,-0.1113776341,-0.08928736299,0,1,0,1.10601294,0.1113776341,0,0.9937781692,2
160273115186100,1,1,1,200,0.9937781692,0,-0.1113776341,-0.08928736299,0,1,0,2.106012821,0.1113776341,0,0.9937781692,2
160273130411400,2,1,1,200,0.9931352139,0,-0.1169718578,-0.09379220754,0,1,0,1.105149984,0.1169718578,0,0.9931352139,2
160273130447300,1,1,1,200,0.9931352139,0,-0.1169718578,-0.09379220754,0,1,0,2.105149984,0.1169718578,0,0.9931352139,2
160273146599500,2,1,1,200,0.9918433428,0,-0.1274626851,-0.1022483036,0,1,0,1.103505015,0.1274626851,0,0.9918433428,2
160273146697300,1,1,1,200,0.9918433428,0,-0.1274626851,-0.1022483036,0,1,0,2.103505135,0.1274626851,0,0.9918433428,2
160273162572400,2,1,1,200,0.9903963804,0,-0.1382568628,-0.1109609231,0,1,0,1.101774573,0.1382568628,0,0.9903963804,2
160273162616500,1,1,1,200,0.9903963804,0,-0.1382568628,-0.1109609231,0,1,0,2.101774693,0.1382568628,0,0.9903963804,2
160273178711400,2,1,1,200,0.9896631837,0,-0.1434114128,-0.1151260883,0,1,0,1.100934386,0.1434114128,0,0.9896631837,2
160273178773400,1,1,1,200,0.9896631837,0,-0.1434114128,-0.1151260883,0,1,0,2.100934505,0.1434114128,0,0.9896631837,2
160273194033200,2,1,1,200,0.9888757467,0,-0.1487439573,-0.11943838,0,1,0,1.100055337,0.1487439573,0,0.9888757467,2
160273194080100,1,1,1,200,0.9888757467,0,-0.1487439573,-0.11943838,0,1,0,2.100055218,0.1487439573,0,0.9888757467,2
160273209556600,2,1,1,200,0.987231195,0,-0.1592939198,-0.1279803216,0,1,0,1.09828639,0.1592939198,0,0.987231195,2
160273209594900,1,1,1,200,0.987231195,0,-0.1592939198,-0.1279803216,0,1,0,2.09828639,0.1592939198,0,0.987231195,2
160273225140300,2,1,1,200,0.9863890409,0,-0.1644281596,-0.1321426034,0,1,0,1.097410679,0.1644281596,0,0.9863890409,2
160273225249600,1,1,1,200,0.9863890409,0,-0.1644281596,-0.1321426034,0,1,0,2.097410679,0.1644281596,0,0.9863890409,2
160273240841300,2,1,1,200,0.985522151,0,-0.1695466638,-0.1362957209,0,1,0,1.096527696,0.1695466638,0,0.985522151,2
160273240886500,1,1,1,200,0.985522151,0,-0.1695466638,-0.1362957209,0,1,0,2.096527576,0.1695466638,0,0.985522151,2
160273256271000,2,1,1,200,0.983715415,0,-0.1797330827,-0.1445720792,0,1,0,1.094740152,0.1797330827,0,0.983715415,2
160273256324000,1,1,1,200,0.983715415,0,-0.1797330827,-0.1445720792,0,1,0,2.094740152,0.1797330827,0,0.983715415,2
160273271444400,2,1,1,200,0.9827656746,0,-0.1848558187,-0.1487401128,0,1,0,1.093825579,0.1848558187,0,0.9827656746,2
160273271477400,1,1,1,200,0.9827656746,0,-0.1848558187,-0.1487401128,0,1,0,2.093825579,0.1848558187,0,0.9827656746,2
160273286813200,2,1,1,200,0.9808421135,0,-0.1948044449,-0.1568464637,0,1,0,1.092018008,0.1948044449,0,0.9808421135,2
160273286848900,1,1,1,200,0.9808421135,0,-0.1948044449,-0.1568464637,0,1,0,2.092018127,0.1948044449,0,0.9808421135,2
160273302395200,2,1,1,200,0.979822278,0,-0.1998707354,-0.1609807909,0,1,0,1.091081262,0.1998707354,0,0.979822278,2
160273302426000,1,1,1,200,0.979822278,0,-0.1998707354,-0.1609807909,0,1,0,2.091081142,0.1998707354,0,0.979822278,2
160273317977200,2,1,1,200,0.9787558317,0,-0.2050293684,-0.1651949584,0,1,0,1.090115666,0.2050293684,0,0.9787558317,2
160273318021000,1,1,1,200,0.9787558317,0,-0.2050293684,-0.1651949584,0,1,0,2.090115547,0.2050293684,0,0.9787558317,2
160273333371400,2,1,1,200,0.9766554832,0,-0.2148116082,-0.173199147,0,1,0,1.088251233,0.2148116082,0,0.9766554832,2
160273333421500,1,1,1,200,0.9766554832,0,-0.2148116082,-0.173199147,0,1,0,2.088251114,0.2148116082,0,0.9766554832,2
160273348905600,2,1,1,200,0.9744754434,0,-0.2244941443,-0.1811391264,0,1,0,1.086360931,0.2244941443,0,0.9744754434,2
160273348959300,1,1,1,200,0.9744754434,0,-0.2244941443,-0.1811391264,0,1,0,2.086360931,0.2244941443,0,0.9744754434,2
160273364418700,2,1,1,200,0.9744754434,0,-0.2244941443,-0.1811391264,0,1,0,1.086360931,0.2244941443,0,0.9744754434,2
160273364450600,1,1,1,200,0.9744754434,0,-0.2244941443,-0.1811391264,0,1,0,2.086360931,0.2244941443,0,0.9744754434,2
160273380030900,2,1,1,200,0.9722341299,0,-0.2340102941,-0.1889603734,0,1,0,1.084457159,0.2340102941,0,0.9722341299,2
160273380063300,1,1,1,200,0.9722341299,0,-0.2340102941,-0.1889603734,0,1,0,2.084457159,0.2340102941,0,0.9722341299,2
160273395569000,2,1,1,200,0.971064806,0,-0.2388161719,-0.1929172575,0,1,0,1.083477616,0.2388161719,0,0.971064806,2
160273395606500,1,1,1,200,0.971064806,0,-0.2388161719,-0.1929172575,0,1,0,2.083477497,0.2388161719,0,0.971064806,2
160273411215400,2,1,1,200,0.9687461853,0,-0.2480541915,-0.2005369216,0,1,0,1.0815593,0.2480541915,0,0.9687461853,2
160273411262600,1,1,1,200,0.9687461853,0,-0.2480541915,-0.2005369216,0,1,0,2.081559181,0.2480541915,0,0.9687461853,2
160273426541300,2,1,1,200,0.9675226808,0,-0.2527842224,-0.2044454813,0,1,0,1.080558181,0.2527842224,0,0.9675226808,2
160273426591800,1,1,1,200,0.9675226808,0,-0.2527842224,-0.2044454813,0,1,0,2.0805583,0.2527842224,0,0.9675226808,2
160273442569200,2,1,1,200,0.9663174152,0,-0.257353127,-0.2082256526,0,1,0,1.079578757,0.257353127,0,0.9663174152,2
160273442672100,1,1,1,200,0.9663174152,0,-0.257353127,-0.2082256526,0,1,0,2.079578876,0.257353127,0,0.9663174152,2
160273458143000,2,1,1,200,0.9638572335,0,-0.2664193809,-0.2157409787,0,1,0,1.07759726,0.2664193809,0,0.9638572335,2
160273458168800,1,1,1,200,0.9638572335,0,-0.2664193809,-0.2157409787,0,1,0,2.077597141,0.2664193809,0,0.9638572335,2
160273473650100,2,1,1,200,0.9613144994,0,-0.2754532099,-0.223248899,0,1,0,1.075570107,0.2754532099,0,0.9613144994,2
160273473679500,1,1,1,200,0.9613144994,0,-0.2754532099,-0.223248899,0,1,0,2.075570107,0.2754532099,0,0.9613144994,2
160273488960900,2,1,1,200,0.9600664377,0,-0.2797721326,-0.2268453985,0,1,0,1.074581504,0.2797721326,0,0.9600664377,2
160273488992100,1,1,1,200,0.9600664377,0,-0.2797721326,-0.2268453985,0,1,0,2.074581623,0.2797721326,0,0.9600664377,2
160273504484900,2,1,1,200,0.9587579966,0,-0.2842237353,-0.2305573523,0,1,0,1.073548675,0.2842237353,0,0.9587579966,2
160273504516000,1,1,1,200,0.9587579966,0,-0.2842237353,-0.2305573523,0,1,0,2.073548794,0.2842237353,0,0.9587579966,2
160273519861300,2,1,1,200,0.9561719298,0,-0.2928058505,-0.2377279997,0,1,0,1.071516514,0.2928058505,0,0.9561719298,2
160273519892600,1,1,1,200,0.9561719298,0,-0.2928058505,-0.2377279997,0,1,0,2.071516514,0.2928058505,0,0.9561719298,2
160273535702600,2,1,1,200,0.9548409581,0,-0.2971173525,-0.241337806,0,1,0,1.070474148,0.2971173525,0,0.9548409581,2
160273535780400,1,1,1,200,0.9548409581,0,-0.2971173525,-0.241337806,0,1,0,2.070474148,0.2971173525,0,0.9548409581,2
160273551378700,2,1,1,200,0.9522114396,0,-0.305439651,-0.2483201027,0,1,0,1.068419814,0.305439651,0,0.9522114396,2
160273551418500,1,1,1,200,0.9522114396,0,-0.305439651,-0.2483201027,0,1,0,2.068419933,0.305439651,0,0.9522114396,2
160273566502400,2,1,1,200,0.9508599043,0,-0.3096214235,-0.2518358827,0,1,0,1.067365289,0.3096214235,0,0.9508599043,2
160273566543600,1,1,1,200,0.9508599043,0,-0.3096214235,-0.2518358827,0,1,0,2.06736517,0.3096214235,0,0.9508599043,2
160273582660600,2,1,1,200,0.9495301247,0,-0.3136758208,-0.2552494109,0,1,0,1.066328168,0.3136758208,0,0.9495301247,2
160273582690800,1,1,1,200,0.9495301247,0,-0.3136758208,-0.2552494109,0,1,0,2.066328049,0.3136758208,0,0.9495301247,2
160273598210700,2,1,1,200,0.9468449354,0,-0.3216902912,-0.2620113194,0,1,0,1.064233184,0.3216902912,0,0.9468449354,2
160273598326300,1,1,1,200,0.9468449354,0,-0.3216902912,-0.2620113194,0,1,0,2.064233303,0.3216902912,0,0.9468449354,2
160273614304200,2,1,1,200,0.9454963207,0,-0.3256326914,-0.2653446496,0,1,0,1.063179731,0.3256326914,0,0.9454963207,2
160273614425400,1,1,1,200,0.9454963207,0,-0.3256326914,-0.2653446496,0,1,0,2.063179731,0.3256326914,0,0.9454963207,2
160273629700500,2,1,1,200,0.9441502094,0,-0.3295153975,-0.2686322033,0,1,0,1.062126756,0.3295153975,0,0.9441502094,2
160273629738500,1,1,1,200,0.9441502094,0,-0.3295153975,-0.2686322033,0,1,0,2.062126637,0.3295153975,0,0.9441502094,2
160273645418700,2,1,1,200,0.941411674,0,-0.3372595608,-0.275203526,0,1,0,1.059978247,0.3372595608,0,0.941411674,2
160273645466400,1,1,1,200,0.941411674,0,-0.3372595608,-0.275203526,0,1,0,2.059978247,0.3372595608,0,0.941411674,2
160273660761500,2,1,1,200,0.9387215972,0,-0.3446763754,-0.2815152109,0,1,0,1.057856441,0.3446763754,0,0.9387215972,2
160273660799200,1,1,1,200,0.9387215972,0,-0.3446763754,-0.2815152109,0,1,0,2.05785656,0.3446763754,0,0.9387215972,2
160273676441900,2,1,1,200,0.9387215972,0,-0.3446763754,-0.2815152109,0,1,0,1.057856441,0.3446763754,0,0.9387215972,2
160273676485100,1,1,1,200,0.9387215972,0,-0.3446763754,-0.2815152109,0,1,0,2.05785656,0.3446763754,0,0.9387215972,2
160273691897400,2,1,1,200,0.9359543324,0,-0.3521214724,-0.2878694236,0,1,0,1.05565834,0.3521214724,0,0.9359543324,2
160273691933300,1,1,1,200,0.9359543324,0,-0.3521214724,-0.2878694236,0,1,0,2.05565834,0.3521214724,0,0.9359543324,2
160273707402800,2,1,1,200,0.9332640767,0,-0.3591910303,-0.2939207554,0,1,0,1.05350256,0.3591910303,0,0.9332640767,2
160273707499600,1,1,1,200,0.9332640767,0,-0.3591910303,-0.2939207554,0,1,0,2.05350256,0.3591910303,0,0.9332640767,2
160273722989800,2,1,1,200,0.9319218993,0,-0.3626590371,-0.2968956828,0,1,0,1.052418828,0.3626590371,0,0.9319218993,2
160273723038500,1,1,1,200,0.9319218993,0,-0.3626590371,-0.2968956828,0,1,0,2.052418709,0.3626590371,0,0.9319218993,2
160273739101200,2,1,1,200,0.9305816889,0,-0.3660843074,-0.2998381853,0,1,0,1.051330686,0.3660843074,0,0.9305816889,2
160273739148500,1,1,1,200,0.9305816889,0,-0.3660843074,-0.2998381853,0,1,0,2.051330566,0.3660843074,0,0.9305816889,2
160273754393300,2,1,1,200,0.9278826714,0,-0.3728723228,-0.3056821227,0,1,0,1.049118638,0.3728723228,0,0.9278826714,2
160273754436700,1,1,1,200,0.9278826714,0,-0.3728723228,-0.3056821227,0,1,0,2.049118519,0.3728723228,0,0.9278826714,2
160273769988800,2,1,1,200,0.926555872,0,-0.3761571348,-0.308516264,0,1,0,1.048020124,0.3761571348,0,0.926555872,2
160273770027000,1,1,1,200,0.926555872,0,-0.3761571348,-0.308516264,0,1,0,2.048020124,0.3761571348,0,0.926555872,2
160273785573700,2,1,1,200,0.9252298474,0,-0.3794071078,-0.3113243282,0,1,0,1.046914101,0.3794071078,0,0.9252298474,2
160273785618500,1,1,1,200,0.9252298474,0,-0.3794071078,-0.3113243282,0,1,0,2.046914101,0.3794071078,0,0.9252298474,2
160273800905000,2,1,1,200,0.9226108789,0,-0.3857319951,-0.3168008626,0,1,0,1.044703484,0.3857319951,0,0.9226108789,2
160273800949100,1,1,1,200,0.9226108789,0,-0.3857319951,-0.3168008626,0,1,0,2.044703484,0.3857319951,0,0.9226108789,2
160273816417900,2,1,1,200,0.9212911725,0,-0.3888734877,-0.3195268214,0,1,0,1.043575048,0.3888734877,0,0.9212911725,2
160273816608300,1,1,1,200,0.9212911725,0,-0.3888734877,-0.3195268214,0,1,0,2.043575048,0.3888734877,0,0.9212911725,2
160273832018100,2,1,1,200,0.9187226295,0,-0.3949034512,-0.3247702122,0,1,0,1.041347742,0.3949034512,0,0.9187226295,2
160273832061600,1,1,1,200,0.9187226295,0,-0.3949034512,-0.3247702122,0,1,0,2.041347742,0.3949034512,0,0.9187226295,2
160273847316000,2,1,1,200,0.9174570441,0,-0.3978348076,-0.3273245394,0,1,0,1.04023385,0.3978348076,0,0.9174570441,2
160273847356800,1,1,1,200,0.9174570441,0,-0.3978348076,-0.3273245394,0,1,0,2.04023385,0.3978348076,0,0.9174570441,2
160273862647200,2,1,1,200,0.9161679149,0,-0.4007946849,-0.3299072683,0,1,0,1.039087057,0.4007946849,0,0.9161679149,2
160273862691600,1,1,1,200,0.9161679149,0,-0.4007946849,-0.3299072683,0,1,0,2.039087057,0.4007946849,0,0.9161679149,2
160273877817000,2,1,1,200,0.9136457443,0,-0.4065113068,-0.3349058926,0,1,0,1.036804557,0.4065113068,0,0.9136457443,2
160273877866100,1,1,1,200,0.9136457443,0,-0.4065113068,-0.3349058926,0,1,0,2.036804676,0.4065113068,0,0.9136457443,2
160273893389400,2,1,1,200,0.9112147093,0,-0.4119317532,-0.3396584094,0,1,0,1.03455019,0.4119317532,0,0.9112147093,2
160273893428800,1,1,1,200,0.9112147093,0,-0.4119317532,-0.3396584094,0,1,0,2.03455019,0.4119317532,0,0.9112147093,2
160273909039100,2,1,1,200,0.9112147093,0,-0.4119317532,-0.3396584094,0,1,0,1.03455019,0.4119317532,0,0.9112147093,2
160273909085700,1,1,1,200,0.9112147093,0,-0.4119317532,-0.3396584094,0,1,0,2.03455019,0.4119317532,0,0.9112147093,2
160273924454700,2,1,1,200,0.9088317752,0,-0.4171628356,-0.3442570567,0,1,0,1.032281399,0.4171628356,0,0.9088317752,2
160273924599000,1,1,1,200,0.9088317752,0,-0.4171628356,-0.3442570567,0,1,0,2.032281399,0.4171628356,0,0.9088317752,2
160273940030900,2,1,1,200,0.9076462984,0,-0.4197358191,-0.3465233743,0,1,0,1.031128526,0.4197358191,0,0.9076462984,2
160273940176400,1,1,1,200,0.9076462984,0,-0.4197358191,-0.3465233743,0,1,0,2.031128407,0.4197358191,0,0.9076462984,2
160273955775000,2,1,1,200,0.9053812027,0,-0.4245997071,-0.350815773,0,1,0,1.02887547,0.4245997071,0,0.9053812027,2
160273955833500,1,1,1,200,0.9053812027,0,-0.4245997071,-0.350815773,0,1,0,2.028875351,0.4245997071,0,0.9053812027,2
160273971535200,2,1,1,200,0.9031389356,0,-0.4293484688,-0.3550170064,0,1,0,1.026572466,0.4293484688,0,0.9031389356,2
160273971577400,1,1,1,200,0.9031389356,0,-0.4293484688,-0.3550170064,0,1,0,2.026572466,0.4293484688,0,0.9031389356,2
160273986851300,2,1,1,200,0.9031389356,0,-0.4293484688,-0.3550170064,0,1,0,1.026572466,0.4293484688,0,0.9031389356,2
160273986937300,1,1,1,200,0.9031389356,0,-0.4293484688,-0.3550170064,0,1,0,2.026572466,0.4293484688,0,0.9031389356,2
160274002479700,2,1,1,200,0.9009537101,0,-0.4339152277,-0.3590671122,0,1,0,1.024247766,0.4339152277,0,0.9009537101,2
160274002529500,1,1,1,200,0.9009537101,0,-0.4339152277,-0.3590671122,0,1,0,2.024247646,0.4339152277,0,0.9009537101,2
160274017584400,2,1,1,200,0.8988697529,0,-0.4382159412,-0.3628903329,0,1,0,1.021945238,0.4382159412,0,0.8988697529,2
160274017610700,1,1,1,200,0.8988697529,0,-0.4382159412,-0.3628903329,0,1,0,2.021945238,0.4382159412,0,0.8988697529,2
160274032933800,2,1,1,200,0.8978527188,0,-0.4402959347,-0.3647425771,0,1,0,1.020787239,0.4402959347,0,0.8978527188,2
160274032980500,1,1,1,200,0.8978527188,0,-0.4402959347,-0.3647425771,0,1,0,2.020787239,0.4402959347,0,0.8978527188,2
160274048555500,2,1,1,200,0.8968865871,0,-0.442260623,-0.3664941192,0,1,0,1.01966393,0.442260623,0,0.8968865871,2
160274048611800,1,1,1,200,0.8968865871,0,-0.442260623,-0.3664941192,0,1,0,2.019663811,0.442260623,0,0.8968865871,2
160274064101600,2,1,1,200,0.894928813,0,-0.4462089241,-0.3700197339,0,1,0,1.017310619,0.4462089241,0,0.894928813,2
160274064135300,1,1,1,200,0.894928813,0,-0.4462089241,-0.3700197339,0,1,0,2.017310619,0.4462089241,0,0.894928813,2
160274080145500,2,1,1,200,0.8940060139,0,-0.4480549693,-0.3716708124,0,1,0,1.016161323,0.4480549693,0,0.8940060139,2
160274080177700,1,1,1,200,0.8940060139,0,-0.4480549693,-0.3716708124,0,1,0,2.016161442,0.4480549693,0,0.8940060139,2
160274096222300,2,1,1,200,0.8930840492,0,-0.4498898387,-0.373313576,0,1,0,1.01498425,0.4498898387,0,0.8930840492,2
160274096254800,1,1,1,200,0.8930840492,0,-0.4498898387,-0.373313576,0,1,0,2.014984131,0.4498898387,0,0.8930840492,2
160274111521400,2,1,1,200,0.891356051,0,-0.4533038139,-0.3763746917,0,1,0,1.012690902,0.4533038139,0,0.891356051,2
160274111566500,1,1,1,200,0.891356051,0,-0.4533038139,-0.3763746917,0,1,0,2.012691021,0.4533038139,0,0.891356051,2
160274126714700,2,1,1,200,0.8905149698,0,-0.4549539983,-0.3778564334,0,1,0,1.011527896,0.4549539983,0,0.8905149698,2
160274126870000,1,1,1,200,0.8905149698,0,-0.4549539983,-0.3778564334,0,1,0,2.011528015,0.4549539983,0,0.8905149698,2
160274142784500,2,1,1,200,0.8889039159,0,-0.458093673,-0.3806795478,0,1,0,1.009200096,0.458093673,0,0.8889039159,2
160274142832000,1,1,1,200,0.8889039159,0,-0.458093673,-0.3806795478,0,1,0,2.009200096,0.458093673,0,0.8889039159,2
160274157946000,2,1,1,200,0.8881297708,0,-0.4595927596,-0.382029295,0,1,0,1.008027673,0.4595927596,0,0.8881297708,2
160274157989600,1,1,1,200,0.8881297708,0,-0.4595927596,-0.382029295,0,1,0,2.008027554,0.4595927596,0,0.8881297708,2
160274173445600,2,1,1,200,0.8873799443,0,-0.4610388279,-0.3833324015,0,1,0,1.0068537,0.4610388279,0,0.8873799443,2
160274173486100,1,1,1,200,0.8873799443,0,-0.4610388279,-0.3833324015,0,1,0,2.00685358,0.4610388279,0,0.8873799443,2
160274189064200,2,1,1,200,0.885987103,0,-0.4637099206,-0.3857423663,0,1,0,1.004556179,0.4637099206,0,0.885987103,2
160274189126000,1,1,1,200,0.885987103,0,-0.4637099206,-0.3857423663,0,1,0,2.004556179,0.4637099206,0,0.885987103,2
160274204431200,2,1,1,200,0.8846627474,0,-0.4662315547,-0.3880209923,0,1,0,1.00219965,0.4662315547,0,0.8846627474,2
160274204471600,1,1,1,200,0.8846627474,0,-0.4662315547,-0.3880209923,0,1,0,2.00219965,0.4662315547,0,0.8846627474,2
160274219991200,2,1,1,200,0.8846627474,0,-0.4662315547,-0.3880209923,0,1,0,1.00219965,0.4662315547,0,0.8846627474,2
160274220079700,1,1,1,200,0.8846627474,0,-0.4662315547,-0.3880209923,0,1,0,2.00219965,0.4662315547,0,0.8846627474,2
160274235515900,2,1,1,200,0.8834632039,0,-0.468500495,-0.3900741637,0,1,0,0.9998781681,0.468500495,0,0.8834632039,2
160274235551300,1,1,1,200,0.8834632039,0,-0.468500495,-0.3900741637,0,1,0,1.999878168,0.468500495,0,0.8834632039,2
160274251115300,2,1,1,200,0.8828920126,0,-0.4695760608,-0.3910484314,0,1,0,0.9986935258,0.4695760608,0,0.8828920126,2
160274251182200,1,1,1,200,0.8828920126,0,-0.4695760608,-0.3910484314,0,1,0,1.998693466,0.4695760608,0,0.8828920126,2
160274266679800,2,1,1,200,0.8818451166,0,-0.4715391695,-0.3928282857,0,1,0,0.9963514209,0.4715391695,0,0.8818451166,2
160274266723600,1,1,1,200,0.8818451166,0,-0.4715391695,-0.3928282857,0,1,0,1.99635148,0.4715391695,0,0.8818451166,2
160274282736100,2,1,1,200,0.8809195757,0,-0.4732659757,-0.3943956494,0,1,0,0.9940368533,0.4732659757,0,0.8809195757,2
160274282834300,1,1,1,200,0.8809195757,0,-0.4732659757,-0.3943956494,0,1,0,1.994036913,0.4732659757,0,0.8809195757,2
160274298216500,2,1,1,200,0.8809195757,0,-0.4732659757,-0.3943956494,0,1,0,0.9940368533,0.4732659757,0,0.8809195757,2
160274298249700,1,1,1,200,0.8809195757,0,-0.4732659757,-0.3943956494,0,1,0,1.994036913,0.4732659757,0,0.8809195757,2
160274313809200,2,1,1,200,0.8801025748,0,-0.4747836292,-0.3957745135,0,1,0,0.9917177558,0.4747836292,0,0.8801025748,2
160274313896100,1,1,1,200,0.8801025748,0,-0.4747836292,-0.3957745135,0,1,0,1.991717815,0.4747836292,0,0.8801025748,2
160274329316300,2,1,1,200,0.8793999553,0,-0.4760837257,-0.3969567716,0,1,0,0.9894072413,0.4760837257,0,0.8793999553,2
160274329358100,1,1,1,200,0.8793999553,0,-0.4760837257,-0.3969567716,0,1,0,1.989407301,0.4760837257,0,0.8793999553,2
160274344992400,2,1,1,200,0.8790846467,0,-0.4766657352,-0.3974863291,0,1,0,0.9882277846,0.4766657352,0,0.8790846467,2
160274345051400,1,1,1,200,0.8790846467,0,-0.4766657352,-0.3974863291,0,1,0,1.988227844,0.4766657352,0,0.8790846467,2
160274360190500,2,1,1,200,0.8787969351,0,-0.4771959782,-0.3979689479,0,1,0,0.9870399237,0.4771959782,0,0.8787969351,2
160274360373300,1,1,1,200,0.8787969351,0,-0.4771959782,-0.3979689479,0,1,0,1.987039924,0.4771959782,0,0.8787969351,2
160274375643300,2,1,1,200,0.8785448074,0,-0.4776599407,-0.398391366,0,1,0,0.9858789444,0.4776599407,0,0.8785448074,2
160274375694900,1,1,1,200,0.8785448074,0,-0.4776599407,-0.398391366,0,1,0,1.985878944,0.4776599407,0,0.8785448074,2
160274391245300,2,1,1,200,0.8781301379,0,-0.4784218371,-0.3990853131,0,1,0,0.9835731983,0.4784218371,0,0.8781301379,2
160274391314500,1,1,1,200,0.8781301379,0,-0.4784218371,-0.3990853131,0,1,0,1.983573198,0.4784218371,0,0.8781301379,2
160274406692700,2,1,1,200,0.8778303266,0,-0.4789717197,-0.3995863497,0,1,0,0.9812627435,0.4789717197,0,0.8778303266,2
160274406720500,1,1,1,200,0.8778303266,0,-0.4789717197,-0.3995863497,0,1,0,1.981262684,0.4789717197,0,0.8778303266,2
160274422785800,2,1,1,200,0.8777250648,0,-0.4791646004,-0.3997621536,0,1,0,0.9801179171,0.4791646004,0,0.8777250648,2
160274422874500,1,1,1,200,0.8777250648,0,-0.4791646004,-0.3997621536,0,1,0,1.980117917,0.4791646004,0,0.8777250648,2
160274438470500,2,1,1,200,0.877648294,0,-0.4793051481,-0.399890244,0,1,0,0.9789672494,0.4793051481,0,0.877648294,2
160274438503200,1,1,1,200,0.877648294,0,-0.4793051481,-0.399890244,0,1,0,1.97896719,0.4793051481,0,0.877648294,2
160274453934800,2,1,1,200,0.8775994182,0,-0.4793946445,-0.3999718428,0,1,0,0.9777660966,0.4793946445,0,0.8775994182,2
160274454033700,1,1,1,200,0.8775994182,0,-0.4793946445,-0.3999718428,0,1,0,1.977766037,0.4793946445,0,0.8775994182,2
160274469575100,2,1,1,200,0.8775949478,0,-0.4794028103,-0.3999792933,0,1,0,0.9754801393,0.4794028103,0,0.8775949478,2
160274469612700,1,1,1,200,0.8775949478,0,-0.4794028103,-0.3999792933,0,1,0,1.97548008,0.4794028103,0,0.8775949478,2
160274485114200,2,1,1,200,0.8777074814,0,-0.4791967571,-0.3997914493,0,1,0,0.9731921554,0.4791967571,0,0.8777074814,2
160274485178100,1,1,1,200,0.8777074814,0,-0.4791967571,-0.3997914493,0,1,0,1.973192215,0.4791967571,0,0.8777074814,2
160274500536300,2,1,1,200,0.8777074814,0,-0.4791967571,-0.3997914493,0,1,0,0.9731921554,0.4791967571,0,0.8777074814,2
160274500570000,1,1,1,200,0.8777074814,0,-0.4791967571,-0.3997914493,0,1,0,1.973192215,0.4791967571,0,0.8777074814,2
160274515774900,2,1,1,200,0.877936244,0,-0.4787775278,-0.3994093835,0,1,0,0.9709168077,0.4787775278,0,0.877936244,2
160274515815900,1,1,1,200,0.877936244,0,-0.4787775278,-0.3994093835,0,1,0,1.970916748,0.4787775278,0,0.877936244,2
160274531322800,2,1,1,200,0.8782837391,0,-0.4781398475,-0.3988284171,0,1,0,0.9686329961,0.4781398475,0,0.8782837391,2
160274531400000,1,1,1,200,0.8782837391,0,-0.4781398475,-0.3988284171,0,1,0,1.968632936,0.4781398475,0,0.8782837391,2
160274546852400,2,1,1,200,0.8785104156,0,-0.4777232409,-0.3984490037,0,1,0,0.9674495459,0.4777232409,0,0.8785104156,2
160274546884400,1,1,1,200,0.8785104156,0,-0.4777232409,-0.3984490037,0,1,0,1.967449546,0.4777232409,0,0.8785104156,2
160274562957900,2,1,1,200,0.8787605166,0,-0.4772630036,-0.398029983,0,1,0,0.9663028121,0.4772630036,0,0.8787605166,2
160274562989900,1,1,1,200,0.8787605166,0,-0.4772630036,-0.398029983,0,1,0,1.966302872,0.4772630036,0,0.8787605166,2
160274578478500,2,1,1,200,0.8793361187,0,-0.4762016237,-0.3970640302,0,1,0,0.964061439,0.4762016237,0,0.8793361187,2
160274578575700,1,1,1,200,0.8793361187,0,-0.4762016237,-0.3970640302,0,1,0,1.964061499,0.4762016237,0,0.8793361187,2
160274593742400,2,1,1,200,0.8796755075,0,-0.4755743742,-0.3964934945,0,1,0,0.962913394,0.4755743742,0,0.8796755075,2
160274593774000,1,1,1,200,0.8796755075,0,-0.4755743742,-0.3964934945,0,1,0,1.962913394,0.4755743742,0,0.8796755075,2
160274609311500,2,1,1,200,0.8804258108,0,-0.4741839468,-0.3952295482,0,1,0,0.96067065,0.4741839468,0,0.8804258108,2
160274609383500,1,1,1,200,0.8804258108,0,-0.4741839468,-0.3952295482,0,1,0,1.96067071,0.4741839468,0,0.8804258108,2
160274624704100,2,1,1,200,0.8808547258,0,-0.4733867347,-0.394505322,0,1,0,0.9595223069,0.4733867347,0,0.8808547258,2
160274624789700,1,1,1,200,0.8808547258,0,-0.4733867347,-0.394505322,0,1,0,1.959522247,0.4733867347,0,0.8808547258,2
160274640284200,2,1,1,200,0.8813081384,0,-0.4725419879,-0.3937382996,0,1,0,0.9583879113,0.4725419879,0,0.8813081384,2
160274640341500,1,1,1,200,0.8813081384,0,-0.4725419879,-0.3937382996,0,1,0,1.958387852,0.4725419879,0,0.8813081384,2
160274656395800,2,1,1,200,0.8822718263,0,-0.4707403481,-0.3921037912,0,1,0,0.9561883807,0.4707403481,0,0.8822718263,2
160274656439900,1,1,1,200,0.8822718263,0,-0.4707403481,-0.3921037912,0,1,0,1.95618844,0.4707403481,0,0.8822718263,2
160274671842900,2,1,1,200,0.882799983,0,-0.4697490931,-0.3912052214,0,1,0,0.9550791383,0.4697490931,0,0.882799983,2
160274671911900,1,1,1,200,0.882799983,0,-0.4697490931,-0.3912052214,0,1,0,1.955079079,0.4697490931,0,0.882799983,2
160274687447000,2,1,1,200,0.8839319348,0,-0.4676155746,-0.3892730772,0,1,0,0.9528779387,0.4676155746,0,0.8839319348,2
160274687521900,1,1,1,200,0.8839319348,0,-0.4676155746,-0.3892730772,0,1,0,1.952877998,0.4676155746,0,0.8839319348,2
160274702988000,2,1,1,200,0.8845662475,0,-0.4664146006,-0.3881865144,0,1,0,0.9517303109,0.4664146006,0,0.8845662475,2
160274703032700,1,1,1,200,0.8845662475,0,-0.4664146006,-0.3881865144,0,1,0,1.951730251,0.4664146006,0,0.8845662475,2
160274718505200,2,1,1,200,0.8852075934,0,-0.4651961923,-0.3870849907,0,1,0,0.9506218433,0.4651961923,0,0.8852075934,2
160274718606200,1,1,1,200,0.8852075934,0,-0.4651961923,-0.3870849907,0,1,0,1.950621843,0.4651961923,0,0.8852075934,2
160274734017500,2,1,1,200,0.8865502477,0,-0.4626323581,-0.3847696781,0,1,0,0.9484431744,0.4626323581,0,0.8865502477,2
160274734049000,1,1,1,200,0.8865502477,0,-0.4626323581,-0.3847696781,0,1,0,1.948443174,0.4626323581,0,0.8865502477,2
160274749708500,2,1,1,200,0.8879934549,0,-0.4598560631,-0.3822664618,0,1,0,0.9462758899,0.4598560631,0,0.8879934549,2
160274749751800,1,1,1,200,0.8879934549,0,-0.4598560631,-0.3822664618,0,1,0,1.946275949,0.4598560631,0,0.8879934549,2
160274765158100,2,1,1,200,0.8879934549,0,-0.4598560631,-0.3822664618,0,1,0,0.9462758899,0.4598560631,0,0.8879934549,2
160274765190500,1,1,1,200,0.8879934549,0,-0.4598560631,-0.3822664618,0,1,0,1.946275949,0.4598560631,0,0.8879934549,2
160274780747100,2,1,1,200,0.8895744085,0,-0.456790328,-0.3795070052,0,1,0,0.9440669417,0.456790328,0,0.8895744085,2
160274780854400,1,1,1,200,0.8895744085,0,-0.456790328,-0.3795070052,0,1,0,1.944067001,0.456790328,0,0.8895744085,2
160274796590700,2,1,1,200,0.8911965489,0,-0.4536173046,-0.3766560853,0,1,0,0.9419455528,0.4536173046,0,0.8911965489,2
160274796648700,1,1,1,200,0.8911965489,0,-0.4536173046,-0.3766560853,0,1,0,1.941945553,0.4536173046,0,0.8911965489,2
160274812062300,2,1,1,200,0.8920727372,0,-0.4518917799,-0.3751078844,0,1,0,0.9408515096,0.4518917799,0,0.8920727372,2
160274812110900,1,1,1,200,0.8920727372,0,-0.4518917799,-0.3751078844,0,1,0,1.94085145,0.4518917799,0,0.8920727372,2
160274827537800,2,1,1,200,0.8929489255,0,-0.4501579404,-0.3735537827,0,1,0,0.939789474,0.4501579404,0,0.8929489255,2
160274827577200,1,1,1,200,0.8929489255,0,-0.4501579404,-0.3735537827,0,1,0,1.939789534,0.4501579404,0,0.8929489255,2
160274843026700,2,1,1,200,0.8938520551,0,-0.4483620822,-0.3719456494,0,1,0,0.9387254715,0.4483620822,0,0.8938520551,2
160274843072200,1,1,1,200,0.8938520551,0,-0.4483620822,-0.3719456494,0,1,0,1.938725471,0.4483620822,0,0.8938520551,2
160274858245800,2,1,1,200,0.8957303166,0,-0.4445978403,-0.3685801923,0,1,0,0.9366009235,0.4445978403,0,0.8957303166,2
160274858273200,1,1,1,200,0.8957303166,0,-0.4445978403,-0.3685801923,0,1,0,1.936600924,0.4445978403,0,0.8957303166,2
160274873863200,2,1,1,200,0.8966930509,0,-0.4426528513,-0.3668439984,0,1,0,0.9355533719,0.4426528513,0,0.8966930509,2
160274873928600,1,1,1,200,0.8966930509,0,-0.4426528513,-0.3668439984,0,1,0,1.935553312,0.4426528513,0,0.8966930509,2
160274889314300,2,1,1,200,0.8987202048,0,-0.4385225177,-0.3631632328,0,1,0,0.9334278107,0.4385225177,0,0.8987202048,2
160274889396500,1,1,1,200,0.8987202048,0,-0.4385225177,-0.3631632328,0,1,0,1.933427811,0.4385225177,0,0.8987202048,2
160274904463000,2,1,1,200,0.8997482657,0,-0.436409235,-0.3612831533,0,1,0,0.9323872924,0.436409235,0,0.8997482657,2
160274904590500,1,1,1,200,0.8997482657,0,-0.436409235,-0.3612831533,0,1,0,1.932387352,0.436409235,0,0.8997482657,2
160274919847400,2,1,1,200,0.9008000493,0,-0.4342341125,-0.3593502939,0,1,0,0.9313462973,0.4342341125,0,0.9008000493,2
160274919993600,1,1,1,200,0.9008000493,0,-0.4342341125,-0.3593502939,0,1,0,1.931346297,0.4342341125,0,0.9008000493,2
160274935435100,2,1,1,200,0.9029260874,0,-0.429795891,-0.3554133773,0,1,0,0.9293082356,0.429795891,0,0.9029260874,2
160274935474500,1,1,1,200,0.9029260874,0,-0.429795891,-0.3554133773,0,1,0,1.929308176,0.429795891,0,0.9029260874,2
160274950691400,2,1,1,200,0.9051480293,0,-0.425096482,-0.351254791,0,1,0,0.9272623062,0.425096482,0,0.9051480293,2
160274950737800,1,1,1,200,0.9051480293,0,-0.425096482,-0.351254791,0,1,0,1.927262306,0.425096482,0,0.9051480293,2
160274966176700,2,1,1,200,0.9051480293,0,-0.425096482,-0.351254791,0,1,0,0.9272623062,0.425096482,0,0.9051480293,2
160274966287800,1,1,1,200,0.9051480293,0,-0.425096482,-0.351254791,0,1,0,1.927262306,0.425096482,0,0.9051480293,2
160274981396200,2,1,1,200,0.9074469209,0,-0.4201667309,-0.3469032347,0,1,0,0.925224781,0.4201667309,0,0.9074469209,2
160274981432700,1,1,1,200,0.9074469209,0,-0.4201667309,-0.3469032347,0,1,0,1.925224781,0.4201667309,0,0.9074469209,2
160274996951900,2,1,1,200,0.9098359942,0,-0.4149679542,-0.3423260748,0,1,0,0.9231821895,0.4149679542,0,0.9098359942,2
160274996991800,1,1,1,200,0.9098359942,0,-0.4149679542,-0.3423260748,0,1,0,1.923182249,0.4149679542,0,0.9098359942,2
160275012566700,2,1,1,200,0.9110284448,0,-0.412343502,-0.3400199413,0,1,0,0.9221884012,0.412343502,0,0.9110284448,2
160275012610600,1,1,1,200,0.9110284448,0,-0.412343502,-0.3400199413,0,1,0,1.922188401,0.412343502,0,0.9110284448,2
160275027754300,2,1,1,200,0.9122535586,0,-0.4096259177,-0.3376351595,0,1,0,0.9211838245,0.4096259177,0,0.9122535586,2
160275027798400,1,1,1,200,0.9122535586,0,-0.4096259177,-0.3376351595,0,1,0,1.921183825,0.4096259177,0,0.9122535586,2
160275043319800,2,1,1,200,0.9147039652,0,-0.4041245282,-0.3328171968,0,1,0,0.9192206264,0.4041245282,0,0.9147039652,2
160275043367700,1,1,1,200,0.9147039652,0,-0.4041245282,-0.3328171968,0,1,0,1.919220686,0.4041245282,0,0.9147039652,2
160275058841500,2,1,1,200,0.9159417748,0,-0.4013111293,-0.3303582966,0,1,0,0.9182505608,0.4013111293,0,0.9159417748,2
160275058878600,1,1,1,200,0.9159417748,0,-0.4013111293,-0.3303582966,0,1,0,1.918250561,0.4013111293,0,0.9159417748,2
160275074191500,2,1,1,200,0.9184961319,0,-0.395429939,-0.3252287209,0,1,0,0.916290462,0.395429939,0,0.9184961319,2
160275074227400,1,1,1,200,0.9184961319,0,-0.395429939,-0.3252287209,0,1,0,1.916290522,0.395429939,0,0.9184961319,2
160275089715100,2,1,1,200,0.9197670221,0,-0.3924647868,-0.3226478994,0,1,0,0.9153346419,0.3924647868,0,0.9197670221,2
160275089757000,1,1,1,200,0.9197670221,0,-0.3924647868,-0.3226478994,0,1,0,1.915334702,0.3924647868,0,0.9197670221,2
160275105368800,2,1,1,200,0.9210522771,0,-0.3894388974,-0.3200178444,0,1,0,0.9143801928,0.3894388974,0,0.9210522771,2
160275105418500,1,1,1,200,0.9210522771,0,-0.3894388974,-0.3200178444,0,1,0,1.914380193,0.3894388974,0,0.9210522771,2
160275120878600,2,1,1,200,0.9236496091,0,-0.383238107,-0.3146396279,0,1,0,0.9124861956,0.383238107,0,0.9236496091,2
160275120931300,1,1,1,200,0.9236496091,0,-0.383238107,-0.3146396279,0,1,0,1.912486196,0.383238107,0,0.9236496091,2
160275136346700,2,1,1,200,0.9250186086,0,-0.3799217343,-0.3117693663,0,1,0,0.9115052223,0.3799217343,0,0.9250186086,2
160275136379700,1,1,1,200,0.9250186086,0,-0.3799217343,-0.3117693663,0,1,0,1.911505222,0.3799217343,0,0.9250186086,2
160275151829300,2,1,1,200,0.9276551008,0,-0.3734380603,-0.3061699569,0,1,0,0.9096469879,0.3734380603,0,0.9276551008,2
160275151908600,1,1,1,200,0.9276551008,0,-0.3734380603,-0.3061699569,0,1,0,1.909646988,0.3734380603,0,0.9276551008,2
160275167412600,2,1,1,200,0.9276551008,0,-0.3734380603,-0.3061699569,0,1,0,0.9096469879,0.3734380603,0,0.9276551008,2
160275167447600,1,1,1,200,0.9276551008,0,-0.3734380603,-0.3061699569,0,1,0,1.909646988,0.3734380603,0,0.9276551008,2
160275183408800,2,1,1,200,0.9303173423,0,-0.3667556345,-0.3004153967,0,1,0,0.9078082442,0.3667556345,0,0.9303173423,2
160275183512000,1,1,1,200,0.9303173423,0,-0.3667556345,-0.3004153967,0,1,0,1.907808304,0.3667556345,0,0.9303173423,2
160275199080200,2,1,1,200,0.9329995513,0,-0.3598776162,-0.2945093811,0,1,0,0.9059899449,0.3598776162,0,0.9329995513,2
160275199131300,1,1,1,200,0.9329995513,0,-0.3598776162,-0.2945093811,0,1,0,1.905989885,0.3598776162,0,0.9329995513,2
160275214622100,2,1,1,200,0.9344086647,0,-0.356202811,-0.2913607955,0,1,0,0.9050471783,0.356202811,0,0.9344086647,2
160275214696300,1,1,1,200,0.9344086647,0,-0.356202811,-0.2913607955,0,1,0,1.905047178,0.356202811,0,0.9344086647,2
160275230139300,2,1,1,200,0.9357588887,0,-0.3526405394,-0.2883131206,0,1,0,0.9041513801,0.3526405394,0,0.9357588887,2
160275230172300,1,1,1,200,0.9357588887,0,-0.3526405394,-0.2883131206,0,1,0,1.90415144,0.3526405394,0,0.9357588887,2
160275246267700,2,1,1,200,0.9384598136,0,-0.3453885317,-0.2821221948,0,1,0,0.9023798108,0.3453885317,0,0.9384598136,2
160275246350400,1,1,1,200,0.9384598136,0,-0.3453885317,-0.2821221948,0,1,0,1.902379751,0.3453885317,0,0.9384598136,2
160275261756100,2,1,1,200,0.9398139119,0,-0.3416867256,-0.2789688408,0,1,0,0.9015010595,0.3416867256,0,0.9398139119,2
160275261859300,1,1,1,200,0.9398139119,0,-0.3416867256,-0.2789688408,0,1,0,1.90150106,0.3416867256,0,0.9398139119,2
160275277311100,2,1,1,200,0.9425104856,0,-0.3341765702,-0.2725851536,0,1,0,0.8997679353,0.3341765702,0,0.9425104856,2
160275277383700,1,1,1,200,0.9425104856,0,-0.3341765702,-0.2725851536,0,1,0,1.899767876,0.3341765702,0,0.9425104856,2
160275292856600,2,1,1,200,0.9439196587,0,-0.3301752508,-0.2691913843,0,1,0,0.8988704085,0.3301752508,0,0.9439196587,2
160275292945500,1,1,1,200,0.9439196587,0,-0.3301752508,-0.2691913843,0,1,0,1.898870468,0.3301752508,0,0.9439196587,2
160275308450300,2,1,1,200,0.9452647567,0,-0.3263043165,-0.2659129798,0,1,0,0.8980184197,0.3263043165,0,0.9452647567,2
160275308491500,1,1,1,200,0.9452647567,0,-0.3263043165,-0.2659129798,0,1,0,1.89801836,0.3263043165,0,0.9452647567,2
160275324449600,2,1,1,200,0.9479473829,0,-0.3184270561,-0.2592557669,0,1,0,0.8963317275,0.3184270561,0,0.9479473829,2
160275324542400,1,1,1,200,0.9479473829,0,-0.3184270561,-0.2592557669,0,1,0,1.896331787,0.3184270561,0,0.9479473829,2
160275339978800,2,1,1,200,0.9506134987,0,-0.3103770912,-0.252471745,0,1,0,0.894669652,0.3103770912,0,0.9506134987,2
160275340027200,1,1,1,200,0.9506134987,0,-0.3103770912,-0.252471745,0,1,0,1.894669652,0.3103770912,0,0.9506134987,2
160275355572000,2,1,1,200,0.9519404173,0,-0.3062832654,-0.249028936,0,1,0,0.8938469291,0.3062832654,0,0.9519404173,2
160275355624100,1,1,1,200,0.9519404173,0,-0.3062832654,-0.249028936,0,1,0,1.893846989,0.3062832654,0,0.9519404173,2
160275370692100,2,1,1,200,0.9533182383,0,-0.3019674122,-0.2454045862,0,1,0,0.8929953575,0.3019674122,0,0.9533182383,2
160275370719600,1,1,1,200,0.9533182383,0,-0.3019674122,-0.2454045862,0,1,0,1.892995358,0.3019674122,0,0.9533182383,2
160275386568300,2,1,1,200,0.9545955062,0,-0.2979050279,-0.2419978082,0,1,0,0.8922080398,0.2979050279,0,0.9545955062,2
160275386606000,1,1,1,200,0.9545955062,0,-0.2979050279,-0.2419978082,0,1,0,1.892208099,0.2979050279,0,0.9545955062,2
160275402309300,2,1,1,200,0.9572317004,0,-0.2893225253,-0.2348152101,0,1,0,0.8905883431,0.2893225253,0,0.9572317004,2
160275402346700,1,1,1,200,0.9572317004,0,-0.2893225253,-0.2348152101,0,1,0,1.890588284,0.2893225253,0,0.9572317004,2
160275417783700,2,1,1,200,0.9598050117,0,-0.2806676328,-0.2275917083,0,1,0,0.8890119195,0.2806676328,0,0.9598050117,2
160275417816300,1,1,1,200,0.9598050117,0,-0.2806676328,-0.2275917083,0,1,0,1.88901186,0.2806676328,0,0.9598050117,2
160275433132700,2,1,1,200,0.9610740542,0,-0.276290983,-0.2239461839,0,1,0,0.8882353902,0.276290983,0,0.9610740542,2
160275433169500,1,1,1,200,0.9610740542,0,-0.276290983,-0.2239461839,0,1,0,1.888235331,0.276290983,0,0.9610740542,2
160275448663100,2,1,1,200,0.9623702765,0,-0.2717415988,-0.2201618254,0,1,0,0.88744241,0.2717415988,0,0.9623702765,2
160275448745600,1,1,1,200,0.9623702765,0,-0.2717415988,-0.2201618254,0,1,0,1.88744235,0.2717415988,0,0.9623702765,2
160275463921500,2,1,1,200,0.9648602009,0,-0.2627637982,-0.2127084434,0,1,0,0.8859180808,0.2627637982,0,0.9648602009,2
160275463952200,1,1,1,200,0.9648602009,0,-0.2627637982,-0.2127084434,0,1,0,1.88591814,0.2627637982,0,0.9648602009,2
160275479200600,2,1,1,200,0.9661037326,0,-0.2581541836,-0.2088889033,0,1,0,0.8851556182,0.2581541836,0,0.9661037326,2
160275479236700,1,1,1,200,0.9661037326,0,-0.2581541836,-0.2088889033,0,1,0,1.885155678,0.2581541836,0,0.9661037326,2
160275494793900,2,1,1,200,0.968517065,0,-0.2489472181,-0.2012744844,0,1,0,0.8836718798,0.2489472181,0,0.968517065,2
160275494834000,1,1,1,200,0.968517065,0,-0.2489472181,-0.2012744844,0,1,0,1.88367188,0.2489472181,0,0.968517065,2
160275510098400,2,1,1,200,0.968517065,0,-0.2489472181,-0.2012744844,0,1,0,0.8836718798,0.2489472181,0,0.968517065,2
160275510157800,1,1,1,200,0.968517065,0,-0.2489472181,-0.2012744844,0,1,0,1.88367188,0.2489472181,0,0.968517065,2
160275525583600,2,1,1,200,0.970877707,0,-0.239575699,-0.1935430318,0,1,0,0.8822127581,0.239575699,0,0.970877707,2
160275525623100,1,1,1,200,0.970877707,0,-0.239575699,-0.1935430318,0,1,0,1.882212758,0.239575699,0,0.970877707,2
160275541068500,2,1,1,200,0.9731581807,0,-0.2301371396,-0.1857748777,0,1,0,0.880792737,0.2301371396,0,0.9731581807,2
160275541113700,1,1,1,200,0.9731581807,0,-0.2301371396,-0.1857748777,0,1,0,1.880792737,0.2301371396,0,0.9731581807,2
160275556278900,2,1,1,200,0.9742927551,0,-0.2252856791,-0.1817889959,0,1,0,0.8800814152,0.2252856791,0,0.9742927551,2
160275556335700,1,1,1,200,0.9742927551,0,-0.2252856791,-0.1817889959,0,1,0,1.880081415,0.2252856791,0,0.9742927551,2
160275571860500,2,1,1,200,0.9753914475,0,-0.2204802334,-0.1778454334,0,1,0,0.8793888092,0.2204802334,0,0.9753914475,2
160275571894300,1,1,1,200,0.9753914475,0,-0.2204802334,-0.1778454334,0,1,0,1.879388809,0.2204802334,0,0.9753914475,2
160275587961100,2,1,1,200,0.9775359035,0,-0.2107688487,-0.1698891371,0,1,0,0.8780245185,0.2107688487,0,0.9775359035,2
160275587997900,1,1,1,200,0.9775359035,0,-0.2107688487,-0.1698891371,0,1,0,1.878024578,0.2107688487,0,0.9775359035,2
160275603502100,2,1,1,200,0.9786249399,0,-0.2056532949,-0.1657049805,0,1,0,0.8773242235,0.2056532949,0,0.9786249399,2
160275603529900,1,1,1,200,0.9786249399,0,-0.2056532949,-0.1657049805,0,1,0,1.877324224,0.2056532949,0,0.9786249399,2
160275618936000,2,1,1,200,0.9806499481,0,-0.1957694888,-0.1576336473,0,1,0,0.8760059476,0.1957694888,0,0.9806499481,2
160275619043200,1,1,1,200,0.9806499481,0,-0.1957694888,-0.1576336473,0,1,0,1.876005888,0.1957694888,0,0.9806499481,2
160275634490700,2,1,1,200,0.9816334248,0,-0.1907769591,-0.1535628736,0,1,0,0.8753569126,0.1907769591,0,0.9816334248,2
160275634591800,1,1,1,200,0.9816334248,0,-0.1907769591,-0.1535628736,0,1,0,1.875356913,0.1907769591,0,0.9816334248,2
160275650112600,2,1,1,200,0.982596159,0,-0.1857546568,-0.1494718641,0,1,0,0.8747150898,0.1857546568,0,0.982596159,2
160275650293800,1,1,1,200,0.982596159,0,-0.1857546568,-0.1494718641,0,1,0,1.87471509,0.1857546568,0,0.982596159,2
160275666257200,2,1,1,200,0.9844582081,0,-0.1756189317,-0.1412275434,0,1,0,0.873452723,0.1756189317,0,0.9844582081,2
160275666302900,1,1,1,200,0.9844582081,0,-0.1756189317,-0.1412275434,0,1,0,1.873452663,0.1756189317,0,0.9844582081,2
160275681388800,2,1,1,200,0.9853941798,0,-0.1702888608,-0.1368982494,0,1,0,0.8728061318,0.1702888608,0,0.9853941798,2
160275681415400,1,1,1,200,0.9853941798,0,-0.1702888608,-0.1368982494,0,1,0,1.872806072,0.1702888608,0,0.9853941798,2
160275696736300,2,1,1,200,0.9870986938,0,-0.1601130515,-0.1286441386,0,1,0,0.8716035485,0.1601130515,0,0.9870986938,2
160275696784100,1,1,1,200,0.9870986938,0,-0.1601130515,-0.1286441386,0,1,0,1.871603489,0.1601130515,0,0.9870986938,2
160275712252100,2,1,1,200,0.9879279137,0,-0.1549141705,-0.1244324595,0,1,0,0.8710048795,0.1549141705,0,0.9879279137,2
160275712296200,1,1,1,200,0.9879279137,0,-0.1549141705,-0.1244324595,0,1,0,1.87100482,0.1549141705,0,0.9879279137,2
160275727398100,2,1,1,200,0.9887361526,0,-0.1496689022,-0.1201867089,0,1,0,0.870411396,0.1496689022,0,0.9887361526,2
160275727428800,1,1,1,200,0.9887361526,0,-0.1496689022,-0.1201867089,0,1,0,1.870411396,0.1496689022,0,0.9887361526,2
160275742890800,2,1,1,200,0.9902600646,0,-0.139229998,-0.1117470339,0,1,0,0.869261086,0.139229998,0,0.9902600646,2
160275742935900,1,1,1,200,0.9902600646,0,-0.139229998,-0.1117470339,0,1,0,1.869261026,0.139229998,0,0.9902600646,2
160275758000900,2,1,1,200,0.9910187125,0,-0.1337231398,-0.1072999313,0,1,0,0.8686703444,0.1337231398,0,0.9910187125,2
160275758038800,1,1,1,200,0.9910187125,0,-0.1337231398,-0.1072999313,0,1,0,1.868670344,0.1337231398,0,0.9910187125,2
160275773088400,2,1,1,200,0.9923927784,0,-0.1231121048,-0.09874019027,0,1,0,0.867562592,0.1231121048,0,0.9923927784,2
160275773120700,1,1,1,200,0.9923927784,0,-0.1231121048,-0.09874019027,0,1,0,1.867562532,0.1231121048,0,0.9923927784,2
160275789116000,2,1,1,200,0.9923927784,0,-0.1231121048,-0.09874019027,0,1,0,0.867562592,0.1231121048,0,0.9923927784,2
160275789149400,1,1,1,200,0.9923927784,0,-0.1231121048,-0.09874019027,0,1,0,1.867562532,0.1231121048,0,0.9923927784,2
160275804615700,2,1,1,200,0.9936695099,0,-0.1123425588,-0.09006417543,0,1,0,0.8664783835,0.1123425588,0,0.9936695099,2
160275804656000,1,1,1,200,0.9936695099,0,-0.1123425588,-0.09006417543,0,1,0,1.866478443,0.1123425588,0,0.9936695099,2
160275820042900,2,1,1,200,0.9948246479,0,-0.1016065627,-0.08142577112,0,1,0,0.8654364944,0.1016065627,0,0.9948246479,2
160275820118300,1,1,1,200,0.9948246479,0,-0.1016065627,-0.08142577112,0,1,0,1.865436554,0.1016065627,0,0.9948246479,2
160275835535300,2,1,1,200,0.9953591228,0,-0.09622976929,-0.07710313052,0,1,0,0.8649290204,0.09622976929,0,0.9953591228,2
160275835588700,1,1,1,200,0.9953591228,0,-0.09622976929,-0.07710313052,0,1,0,1.864928961,0.09622976929,0,0.9953591228,2
160275850695700,2,1,1,200,0.9958683252,0,-0.09080917388,-0.07274755836,0,1,0,0.8644268513,0.09080917388,0,0.9958683252,2
160275850730500,1,1,1,200,0.9958683252,0,-0.09080917388,-0.07274755836,0,1,0,1.864426851,0.09080917388,0,0.9958683252,2
160275866444600,2,1,1,200,0.9968053102,0,-0.07986994833,-0.06396409124,0,1,0,0.8634420037,0.07986994833,0,0.9968053102,2
160275866594000,1,1,1,200,0.9968053102,0,-0.07986994833,-0.06396409124,0,1,0,1.863441944,0.07986994833,0,0.9968053102,2
160275882516900,2,1,1,200,0.9972261786,0,-0.07443090528,-0.05959984288,0,1,0,0.8629663587,0.07443090528,0,0.9972261786,2
160275882622100,1,1,1,200,0.9972261786,0,-0.07443090528,-0.05959984288,0,1,0,1.862966299,0.07443090528,0,0.9972261786,2
160275898063700,2,1,1,200,0.9979801178,0,-0.06352722645,-0.05085602403,0,1,0,0.8620401621,0.06352722645,0,0.9979801178,2
160275898186400,1,1,1,200,0.9979801178,0,-0.06352722645,-0.05085602403,0,1,0,1.862040162,0.06352722645,0,0.9979801178,2
160275913648900,2,1,1,200,0.9983127117,0,-0.05806658044,-0.0464794077,0,1,0,0.8615899086,0.05806658044,0,0.9983127117,2
160275913723600,1,1,1,200,0.9983127117,0,-0.05806658044,-0.0464794077,0,1,0,1.861589909,0.05806658044,0,0.9983127117,2
160275928977700,2,1,1,200,0.9986374974,0,-0.05218346044,-0.04176573828,0,1,0,0.8611148596,0.05218346044,0,0.9986374974,2
160275929023800,1,1,1,200,0.9986374974,0,-0.05218346044,-0.04176573828,0,1,0,1.86111486,0.05218346044,0,0.9986374974,2
160275944459100,2,1,1,200,0.9991383553,0,-0.04150313139,-0.03321204334,0,1,0,0.8602786064,0.04150313139,0,0.9991383553,2
160275944559600,1,1,1,200,0.9991383553,0,-0.04150313139,-0.03321204334,0,1,0,1.860278606,0.04150313139,0,0.9991383553,2
160275960095100,2,1,1,200,0.9993611574,0,-0.03573981673,-0.02859794348,0,1,0,0.8598412275,0.03573981673,0,0.9993611574,2
160275960138300,1,1,1,200,0.9993611574,0,-0.03573981673,-0.02859794348,0,1,0,1.859841228,0.03573981673,0,0.9993611574,2
160275975636200,2,1,1,200,0.9995426536,0,-0.03024016879,-0.02419582382,0,1,0,0.8594328761,0.03024016879,0,0.9995426536,2
160275975682700,1,1,1,200,0.9995426536,0,-0.03024016879,-0.02419582382,0,1,0,1.859432936,0.03024016879,0,0.9995426536,2
160275991106500,2,1,1,200,0.999815166,0,-0.01922432892,-0.01538041048,0,1,0,0.8586409688,0.01922432892,0,0.999815166,2
160275991167900,1,1,1,200,0.999815166,0,-0.01922432892,-0.01538041048,0,1,0,1.858640909,0.01922432892,0,0.999815166,2
160276006354800,2,1,1,200,0.9999672174,0,-0.008100111037,-0.006480159238,0,1,0,0.8578763604,0.008100111037,0,0.9999672174,2
160276006387800,1,1,1,200,0.9999672174,0,-0.008100111037,-0.006480159238,0,1,0,1.857876301,0.008100111037,0,0.9999672174,2
160276021659300,2,1,1,200,0.9999672174,0,-0.008100111037,-0.006480159238,0,1,0,0.8578763604,0.008100111037,0,0.9999672174,2
160276021706300,1,1,1,200,0.9999672174,0,-0.008100111037,-0.006480159238,0,1,0,1.857876301,0.008100111037,0,0.9999672174,2
160276036997500,2,1,1,200,0.9999952316,0,0.003083622083,0.002466901438,0,1,0,0.8571427464,-0.003083622083,0,0.9999952316,2
160276037040200,1,1,1,200,0.9999952316,0,0.003083622083,0.002466901438,0,1,0,1.857142687,-0.003083622083,0,0.9999952316,2
160276052594700,2,1,1,200,0.9998987913,0,0.01422644593,0.01138154045,0,1,0,0.8564465046,-0.01422644593,0,0.9998987913,2
160276052628400,1,1,1,200,0.9998987913,0,0.01422644593,0.01138154045,0,1,0,1.856446505,-0.01422644593,0,0.9998987913,2
160276068126900,2,1,1,200,0.9998051524,0,0.01974023134,0.01579321176,0,1,0,0.8561147451,-0.01974023134,0,0.9998051524,2
160276068171300,1,1,1,200,0.9998051524,0,0.01974023134,0.01579321176,0,1,0,1.856114745,-0.01974023134,0,0.9998051524,2
160276083619900,2,1,1,200,0.9995267987,0,0.03075925075,0.02461128123,0,1,0,0.8554769754,-0.03075925075,0,0.9995267987,2
160276083662500,1,1,1,200,0.9995267987,0,0.03075925075,0.02461128123,0,1,0,1.855476975,-0.03075925075,0,0.9995267987,2
160276099575700,2,1,1,200,0.9993425012,0,0.03625702485,0.0290119797,0,1,0,0.8551712632,-0.03625702485,0,0.9993425012,2
160276099610000,1,1,1,200,0.9993425012,0,0.03625702485,0.0290119797,0,1,0,1.855171204,-0.03625702485,0,0.9993425012,2
160276115282000,2,1,1,200,0.999127984,0,0.04175298288,0.03341209888,0,1,0,0.8548740149,-0.04175298288,0,0.999127984,2
160276115342300,1,1,1,200,0.999127984,0,0.04175298288,0.03341209888,0,1,0,1.854874015,-0.04175298288,0,0.999127984,2
160276130718700,2,1,1,200,0.9985951781,0,0.05298724398,0.04240965843,0,1,0,0.8542922735,-0.05298724398,0,0.9985951781,2
160276130814000,1,1,1,200,0.9985951781,0,0.05298724398,0.04240965843,0,1,0,1.854292274,-0.05298724398,0,0.9985951781,2
160276146234200,2,1,1,200,0.9982905984,0,0.05844586715,0.04678335413,0,1,0,0.8540222049,-0.05844586715,0,0.9982905984,2
160276146279400,1,1,1,200,0.9982905984,0,0.05844586715,0.04678335413,0,1,0,1.854022264,-0.05844586715,0,0.9982905984,2
160276161780300,2,1,1,200,0.9979584813,0,0.06386638433,0.05112790316,0,1,0,0.8537621498,-0.06386638433,0,0.9979584813,2
160276161866800,1,1,1,200,0.9979584813,0,0.06386638433,0.05112790316,0,1,0,1.85376215,-0.06386638433,0,0.9979584813,2
160276177264200,2,1,1,200,0.997592926,0,0.0693423301,0.05551841855,0,1,0,0.8535077572,-0.0693423301,0,0.997592926,2
160276177317000,1,1,1,200,0.997592926,0,0.0693423301,0.05551841855,0,1,0,1.853507757,-0.0693423301,0,0.997592926,2
160276192828000,2,1,1,200,0.9967588186,0,0.0804477632,0.06442783773,0,1,0,0.8530173898,-0.0804477632,0,0.9967588186,2
160276192858400,1,1,1,200,0.9967588186,0,0.0804477632,0.06442783773,0,1,0,1.85301733,-0.0804477632,0,0.9967588186,2
160276208463100,2,1,1,200,0.9958231449,0,0.09130324423,0.07314445823,0,1,0,0.8525714874,-0.09130324423,0,0.9958231449,2
160276208506800,1,1,1,200,0.9958231449,0,0.09130324423,0.07314445823,0,1,0,1.852571487,-0.09130324423,0,0.9958231449,2
160276224368700,2,1,1,200,0.9953237176,0,0.0965956971,0.07739724219,0,1,0,0.8523661494,-0.0965956971,0,0.9953237176,2
160276224409500,1,1,1,200,0.9953237176,0,0.0965956971,0.07739724219,0,1,0,1.852366209,-0.0965956971,0,0.9953237176,2
160276239960600,2,1,1,200,0.9942085743,0,0.1074675769,0.08614041656,0,1,0,0.8519694209,-0.1074675769,0,0.9942085743,2
160276240019200,1,1,1,200,0.9942085743,0,0.1074675769,0.08614041656,0,1,0,1.851969481,-0.1074675769,0,0.9942085743,2
160276255605200,2,1,1,200,0.9942085743,0,0.1074675769,0.08614041656,0,1,0,0.8519694209,-0.1074675769,0,0.9942085743,2
160276255697800,1,1,1,200,0.9942085743,0,0.1074675769,0.08614041656,0,1,0,1.851969481,-0.1074675769,0,0.9942085743,2
160276271111200,2,1,1,200,0.9929745793,0,0.1183279529,0.09488467127,0,1,0,0.8516070843,-0.1183279529,0,0.9929745793,2
160276271144400,1,1,1,200,0.9929745793,0,0.1183279529,0.09488467127,0,1,0,1.851607084,-0.1183279529,0,0.9929745793,2
160276286657100,2,1,1,200,0.9916530252,0,0.1289349794,0.1034359336,0,1,0,0.8512865305,-0.1289349794,0,0.9916530252,2
160276286701600,1,1,1,200,0.9916530252,0,0.1289349794,0.1034359336,0,1,0,1.85128653,-0.1289349794,0,0.9916530252,2
160276302113400,2,1,1,200,0.9909512401,0,0.1342224926,0.107703045,0,1,0,0.8511391878,-0.1342224926,0,0.9909512401,2
160276302157700,1,1,1,200,0.9909512401,0,0.1342224926,0.107703045,0,1,0,1.851139188,-0.1342224926,0,0.9909512401,2
160276317753200,2,1,1,200,0.9894734025,0,0.144715026,0.1161799654,0,1,0,0.850871861,-0.144715026,0,0.9894734025,2
160276317858400,1,1,1,200,0.9894734025,0,0.144715026,0.1161799654,0,1,0,1.850871801,-0.144715026,0,0.9894734025,2
160276333359700,2,1,1,200,0.9894734025,0,0.144715026,0.1161799654,0,1,0,0.850871861,-0.144715026,0,0.9894734025,2
160276333401700,1,1,1,200,0.9894734025,0,0.144715026,0.1161799654,0,1,0,1.850871801,-0.144715026,0,0.9894734025,2
160276348830700,2,1,1,200,0.9878573418,0,0.155363813,0.1247965842,0,1,0,0.8506351709,-0.155363813,0,0.9878573418,2
160276348921300,1,1,1,200,0.9878573418,0,0.155363813,0.1247965842,0,1,0,1.850635171,-0.155363813,0,0.9878573418,2
160276364096000,2,1,1,200,0.9861639738,0,0.1657729298,0.1332333833,0,1,0,0.8504382372,-0.1657729298,0,0.9861639738,2
160276364143000,1,1,1,200,0.9861639738,0,0.1657729298,0.1332333833,0,1,0,1.850438237,-0.1657729298,0,0.9861639738,2
160276380207900,2,1,1,200,0.9852887988,0,0.1708974987,0.1373924017,0,1,0,0.8503540754,-0.1708974987,0,0.9852887988,2
160276380311700,1,1,1,200,0.9852887988,0,0.1708974987,0.1373924017,0,1,0,1.850354075,-0.1708974987,0,0.9852887988,2
160276396258000,2,1,1,200,0.9843727946,0,0.1760970652,0.1416161209,0,1,0,0.8502774835,-0.1760970652,0,0.9843727946,2
160276396291600,1,1,1,200,0.9843727946,0,0.1760970652,0.1416161209,0,1,0,1.850277424,-0.1760970652,0,0.9843727946,2
160276412330500,2,1,1,200,0.9825232625,0,0.1861399114,0.1497855484,0,1,0,0.8501551747,-0.1861399114,0,0.9825232625,2
160276412481800,1,1,1,200,0.9825232625,0,0.1861399114,0.1497855484,0,1,0,1.850155115,-0.1861399114,0,0.9825232625,2
160276428168300,2,1,1,200,0.9815501571,0,0.1912049502,0.15391168,0,1,0,0.8501064777,-0.1912049502,0,0.9815501571,2
160276428214200,1,1,1,200,0.9815501571,0,0.1912049502,0.15391168,0,1,0,1.850106478,-0.1912049502,0,0.9815501571,2
160276443696100,2,1,1,200,0.9795563817,0,0.2011696845,0.1620415002,0,1,0,0.8500369191,-0.2011696845,0,0.9795563817,2
160276443779800,1,1,1,200,0.9795563817,0,0.2011696845,0.1620415002,0,1,0,1.85003686,-0.2011696845,0,0.9795563817,2
160276459189600,2,1,1,200,0.9785315394,0,0.2060971409,0.1660678238,0,1,0,0.8500156999,-0.2060971409,0,0.9785315394,2
160276459292500,1,1,1,200,0.9785315394,0,0.2060971409,0.1660678238,0,1,0,1.85001564,-0.2060971409,0,0.9785315394,2
160276475063500,2,1,1,200,0.9774869084,0,0.2109960765,0.1700750887,0,1,0,0.8500034213,-0.2109960765,0,0.9774869084,2
160276475114100,1,1,1,200,0.9774869084,0,0.2109960765,0.1700750887,0,1,0,1.850003481,-0.2109960765,0,0.9774869084,2
160276490506100,2,1,1,200,0.9752858281,0,0.2209469229,0.1782282293,0,1,0,0.8500062227,-0.2209469229,0,0.9752858281,2
160276490544600,1,1,1,200,0.9752858281,0,0.2209469229,0.1782282293,0,1,0,1.850006223,-0.2209469229,0,0.9752858281,2
160276506563100,2,1,1,200,0.973059535,0,0.2305540442,0.1861176193,0,1,0,0.8500454426,-0.2305540442,0,0.973059535,2
160276506640900,1,1,1,200,0.973059535,0,0.2305540442,0.1861176193,0,1,0,1.850045443,-0.2305540442,0,0.973059535,2
160276521818700,2,1,1,200,0.9719033241,0,0.2353802919,0.1900878698,0,1,0,0.8500791788,-0.2353802919,0,0.9719033241,2
160276521850900,1,1,1,200,0.9719033241,0,0.2353802919,0.1900878698,0,1,0,1.850079179,-0.2353802919,0,0.9719033241,2
160276537075000,2,1,1,200,0.9707940817,0,0.2399142385,0.1938219965,0,1,0,0.8501195908,-0.2399142385,0,0.9707940817,2
160276537145400,1,1,1,200,0.9707940817,0,0.2399142385,0.1938219965,0,1,0,1.850119591,-0.2399142385,0,0.9707940817,2
160276552526000,2,1,1,200,0.9696189165,0,0.244620353,0.1977025121,0,1,0,0.8501707911,-0.244620353,0,0.9696189165,2
160276552555900,1,1,1,200,0.9696189165,0,0.244620353,0.1977025121,0,1,0,1.850170851,-0.244620353,0,0.9696189165,2
160276568035000,2,1,1,200,0.9671925902,0,0.2540443838,0.2054876387,0,1,0,0.8503023386,-0.2540443838,0,0.9671925902,2
160276568069600,1,1,1,200,0.9671925902,0,0.2540443838,0.2054876387,0,1,0,1.850302339,-0.2540443838,0,0.9671925902,2
160276583625200,2,1,1,200,0.9647598863,0,0.2631317675,0.2130135298,0,1,0,0.8504673243,-0.2631317675,0,0.9647598863,2
160276583740600,1,1,1,200,0.9647598863,0,0.2631317675,0.2130135298,0,1,0,1.850467324,-0.2631317675,0,0.9647598863,2
160276599196300,2,1,1,200,0.9647598863,0,0.2631317675,0.2130135298,0,1,0,0.8504673243,-0.2631317675,0,0.9647598863,2
160276599235100,1,1,1,200,0.9647598863,0,0.2631317675,0.2130135298,0,1,0,1.850467324,-0.2631317675,0,0.9647598863,2
160276614586200,2,1,1,200,0.9622429013,0,0.2721921206,0.2205363512,0,1,0,0.8506709933,-0.2721921206,0,0.9622429013,2
160276614615100,1,1,1,200,0.9622429013,0,0.2721921206,0.2205363512,0,1,0,1.850671053,-0.2721921206,0,0.9622429013,2
160276630123000,2,1,1,200,0.959711194,0,0.2809883356,0.2278590351,0,1,0,0.8509081602,-0.2809883356,0,0.959711194,2
160276630165200,1,1,1,200,0.959711194,0,0.2809883356,0.2278590351,0,1,0,1.85090816,-0.2809883356,0,0.959711194,2
160276646163500,2,1,1,200,0.958434999,0,0.2853109241,0.2314646542,0,1,0,0.8510395885,-0.2853109241,0,0.958434999,2
160276646208200,1,1,1,200,0.958434999,0,0.2853109241,0.2314646542,0,1,0,1.851039648,-0.2853109241,0,0.958434999,2
160276661736800,2,1,1,200,0.957144618,0,0.2896104753,0.2350558639,0,1,0,0.8511804342,-0.2896104753,0,0.957144618,2
160276661791800,1,1,1,200,0.957144618,0,0.2896104753,0.2350558639,0,1,0,1.851180434,-0.2896104753,0,0.957144618,2
160276677360400,2,1,1,200,0.9545433521,0,0.2980720401,0.2421377897,0,1,0,0.851488173,-0.2980720401,0,0.9545433521,2
160276677450400,1,1,1,200,0.9545433521,0,0.2980720401,0.2421377897,0,1,0,1.851488113,-0.2980720401,0,0.9545433521,2
160276692516700,2,1,1,200,0.9531763792,0,0.3024148941,0.2457801402,0,1,0,0.8516625166,-0.3024148941,0,0.9531763792,2
160276692549000,1,1,1,200,0.9531763792,0,0.3024148941,0.2457801402,0,1,0,1.851662517,-0.3024148941,0,0.9531763792,2
160276708031100,2,1,1,200,0.9505067468,0,0.3107039332,0.2527468204,0,1,0,0.8520277143,-0.3107039332,0,0.9505067468,2
160276708069700,1,1,1,200,0.9505067468,0,0.3107039332,0.2527468204,0,1,0,1.852027655,-0.3107039332,0,0.9505067468,2
160276723616200,2,1,1,200,0.9491745234,0,0.3147502542,0.2561548054,0,1,0,0.8522221446,-0.3147502542,0,0.9491745234,2
160276723662700,1,1,1,200,0.9491745234,0,0.3147502542,0.2561548054,0,1,0,1.852222204,-0.3147502542,0,0.9491745234,2
160276739139600,2,1,1,200,0.9478372335,0,0.3187547922,0.259532392,0,1,0,0.8524253964,-0.3187547922,0,0.9478372335,2
160276739166600,1,1,1,200,0.9478372335,0,0.3187547922,0.259532392,0,1,0,1.852425337,-0.3187547922,0,0.9478372335,2
160276754783500,2,1,1,200,0.9451457858,0,0.3266487718,0.266204536,0,1,0,0.8528593183,-0.3266487718,0,0.9451457858,2
160276754865700,1,1,1,200,0.9451457858,0,0.3266487718,0.266204536,0,1,0,1.852859259,-0.3266487718,0,0.9451457858,2
160276770261800,2,1,1,200,0.9437981248,0,0.3305224776,0.2694856822,0,1,0,0.8530890942,-0.3305224776,0,0.9437981248,2
160276770358100,1,1,1,200,0.9437981248,0,0.3305224776,0.2694856822,0,1,0,1.853089094,-0.3305224776,0,0.9437981248,2
160276785741700,2,1,1,200,0.9410921931,0,0.338150084,0.2759604156,0,1,0,0.8535757661,-0.338150084,0,0.9410921931,2
160276785785300,1,1,1,200,0.9410921931,0,0.338150084,0.2759604156,0,1,0,1.853575706,-0.338150084,0,0.9410921931,2
160276801723100,2,1,1,200,0.9397090673,0,0.3419750035,0.2792142332,0,1,0,0.8538378477,-0.3419750035,0,0.9397090673,2
160276801757000,1,1,1,200,0.9397090673,0,0.3419750035,0.2792142332,0,1,0,1.853837848,-0.3419750035,0,0.9397090673,2
160276817287300,2,1,1,200,0.9383612275,0,0.3456562459,0.282350421,0,1,0,0.8541020155,-0.3456562459,0,0.9383612275,2
160276817341700,1,1,1,200,0.9383612275,0,0.3456562459,0.282350421,0,1,0,1.854102015,-0.3456562459,0,0.9383612275,2
160276832915300,2,1,1,200,0.9356023669,0,0.3530555964,0.2886680067,0,1,0,0.854670167,-0.3530555964,0,0.9356023669,2
160276832957700,1,1,1,200,0.9356023669,0,0.3530555964,0.2886680067,0,1,0,1.854670167,-0.3530555964,0,0.9356023669,2
160276848052900,2,1,1,200,0.9342967272,0,0.3564963043,0.2916120887,0,1,0,0.8549521565,-0.3564963043,0,0.9342967272,2
160276848087800,1,1,1,200,0.9342967272,0,0.3564963043,0.2916120887,0,1,0,1.854952097,-0.3564963043,0,0.9342967272,2
160276863668400,2,1,1,200,0.9328921437,0,0.3601558805,0.2947479784,0,1,0,0.8552652597,-0.3601558805,0,0.9328921437,2
160276863745000,1,1,1,200,0.9328921437,0,0.3601558805,0.2947479784,0,1,0,1.85526526,-0.3601558805,0,0.9328921437,2
160276879129800,2,1,1,200,0.9302066565,0,0.367036283,0.3006567359,0,1,0,0.855892539,-0.367036283,0,0.9302066565,2
160276879161200,1,1,1,200,0.9302066565,0,0.367036283,0.3006567359,0,1,0,1.855892539,-0.367036283,0,0.9302066565,2
160276894683200,2,1,1,200,0.9288747311,0,0.3703940809,0.3035465777,0,1,0,0.85621804,-0.3703940809,0,0.9288747311,2
160276894731200,1,1,1,200,0.9288747311,0,0.3703940809,0.3035465777,0,1,0,1.8562181,-0.3703940809,0,0.9288747311,2
160276910267000,2,1,1,200,0.9262247086,0,0.3769719005,0.309219867,0,1,0,0.856895268,-0.3769719005,0,0.9262247086,2
160276910313100,1,1,1,200,0.9262247086,0,0.3769719005,0.309219867,0,1,0,1.856895208,-0.3769719005,0,0.9262247086,2
160276926189100,2,1,1,200,0.9249129891,0,0.3801788986,0.3119917512,0,1,0,0.8572456241,-0.3801788986,0,0.9249129891,2
160276926227300,1,1,1,200,0.9249129891,0,0.3801788986,0.3119917512,0,1,0,1.857245684,-0.3801788986,0,0.9249129891,2
160276941690400,2,1,1,200,0.9235453606,0,0.3834892213,0.3148571551,0,1,0,0.8576219678,-0.3834892213,0,0.9235453606,2
160276941732400,1,1,1,200,0.9235453606,0,0.3834892213,0.3148571551,0,1,0,1.857621908,-0.3834892213,0,0.9235453606,2
160276957798300,2,1,1,200,0.9209692478,0,0.3896352649,0.3201884031,0,1,0,0.8583629727,-0.3896352649,0,0.9209692478,2
160276957864600,1,1,1,200,0.9209692478,0,0.3896352649,0.3201884031,0,1,0,1.858362913,-0.3896352649,0,0.9209692478,2
160276973345600,2,1,1,200,0.9183493853,0,0.3957706094,0.3255254626,0,1,0,0.8591620922,-0.3957706094,0,0.9183493853,2
160276973389800,1,1,1,200,0.9183493853,0,0.3957706094,0.3255254626,0,1,0,1.859162092,-0.3957706094,0,0.9183493853,2
160276988775000,2,1,1,200,0.9170840979,0,0.3986937702,0.3280736506,0,1,0,0.859565556,-0.3986937702,0,0.9170840979,2
160276988885800,1,1,1,200,0.9170840979,0,0.3986937702,0.3280736506,0,1,0,1.859565496,-0.3986937702,0,0.9170840979,2
160277004445400,2,1,1,200,0.9158284068,0,0.4015699029,0.3305842876,0,1,0,0.8599777818,-0.4015699029,0,0.9158284068,2
160277004486600,1,1,1,200,0.9158284068,0,0.4015699029,0.3305842876,0,1,0,1.859977722,-0.4015699029,0,0.9158284068,2
160277020039000,2,1,1,200,0.9133488536,0,0.4071778655,0.3354896307,0,1,0,0.8608283997,-0.4071778655,0,0.9133488536,2
160277020104900,1,1,1,200,0.9133488536,0,0.4071778655,0.3354896307,0,1,0,1.8608284,-0.4071778655,0,0.9133488536,2
160277035984900,2,1,1,200,0.9121325016,0,0.4098955095,0.3378716111,0,1,0,0.8612645864,-0.4098955095,0,0.9121325016,2
160277036024100,1,1,1,200,0.9121325016,0,0.4098955095,0.3378716111,0,1,0,1.861264586,-0.4098955095,0,0.9121325016,2
160277051169200,2,1,1,200,0.9097303748,0,0.4151995182,0.3425296843,0,1,0,0.8621652126,-0.4151995182,0,0.9097303748,2
160277051201400,1,1,1,200,0.9097303748,0,0.4151995182,0.3425296843,0,1,0,1.862165213,-0.4151995182,0,0.9097303748,2
160277066383100,2,1,1,200,0.9097303748,0,0.4151995182,0.3425296843,0,1,0,0.8621652126,-0.4151995182,0,0.9097303748,2
160277066443000,1,1,1,200,0.9097303748,0,0.4151995182,0.3425296843,0,1,0,1.862165213,-0.4151995182,0,0.9097303748,2
160277082538600,2,1,1,200,0.9073764086,0,0.4203189611,0.3470374644,0,1,0,0.8631028533,-0.4203189611,0,0.9073764086,2
160277082639600,1,1,1,200,0.9073764086,0,0.4203189611,0.3470374644,0,1,0,1.863102913,-0.4203189611,0,0.9073764086,2
160277098051100,2,1,1,200,0.9050972462,0,0.4252046049,0.3513503671,0,1,0,0.8640681505,-0.4252046049,0,0.9050972462,2
160277098118300,1,1,1,200,0.9050972462,0,0.4252046049,0.3513503671,0,1,0,1.864068151,-0.4252046049,0,0.9050972462,2
160277113659800,2,1,1,200,0.9039372206,0,0.4276652336,0.3535266519,0,1,0,0.8645833135,-0.4276652336,0,0.9039372206,2
160277113708900,1,1,1,200,0.9039372206,0,0.4276652336,0.3535266519,0,1,0,1.864583254,-0.4276652336,0,0.9039372206,2
160277129228500,2,1,1,200,0.902819097,0,0.4300205708,0.355612427,0,1,0,0.8650963306,-0.4300205708,0,0.902819097,2
160277129264000,1,1,1,200,0.902819097,0,0.4300205708,0.355612427,0,1,0,1.865096331,-0.4300205708,0,0.902819097,2
160277144760000,2,1,1,200,0.9007005692,0,0.4344404638,0.3595335782,0,1,0,0.8661164045,-0.4344404638,0,0.9007005692,2
160277144802100,1,1,1,200,0.9007005692,0,0.4344404638,0.3595335782,0,1,0,1.866116405,-0.4344404638,0,0.9007005692,2
160277160009500,2,1,1,200,0.8996380568,0,0.4366364181,0.3614851534,0,1,0,0.8666538596,-0.4366364181,0,0.8996380568,2
160277160051200,1,1,1,200,0.8996380568,0,0.4366364181,0.3614851534,0,1,0,1.866653919,-0.4366364181,0,0.8996380568,2
160277175685700,2,1,1,200,0.8976119161,0,0.4407866299,0.3651798666,0,1,0,0.8677319884,-0.4407866299,0,0.8976119161,2
160277175731500,1,1,1,200,0.8976119161,0,0.4407866299,0.3651798666,0,1,0,1.867732048,-0.4407866299,0,0.8976119161,2
160277191128700,2,1,1,200,0.8966303468,0,0.4427799284,0.3669573665,0,1,0,0.8682819605,-0.4427799284,0,0.8966303468,2
160277191162100,1,1,1,200,0.8966303468,0,0.4427799284,0.3669573665,0,1,0,1.86828196,-0.4427799284,0,0.8966303468,2
160277206409300,2,1,1,200,0.8956544399,0,0.444750607,0.3687166274,0,1,0,0.868848443,-0.444750607,0,0.8956544399,2
160277206457500,1,1,1,200,0.8956544399,0,0.444750607,0.3687166274,0,1,0,1.868848443,-0.444750607,0,0.8956544399,2
160277221781800,2,1,1,200,0.8937961459,0,0.4484734833,0.372045368,0,1,0,0.8699873686,-0.4484734833,0,0.8937961459,2
160277221835600,1,1,1,200,0.8937961459,0,0.4484734833,0.372045368,0,1,0,1.869987369,-0.4484734833,0,0.8937961459,2
160277237571400,2,1,1,200,0.8928971887,0,0.4502606094,0.3736457527,0,1,0,0.8705698252,-0.4502606094,0,0.8928971887,2
160277237604200,1,1,1,200,0.8928971887,0,0.4502606094,0.3736457527,0,1,0,1.870569825,-0.4502606094,0,0.8928971887,2
160277252992700,2,1,1,200,0.8919740319,0,0.4520865977,0.3752826154,0,1,0,0.8711919188,-0.4520865977,0,0.8919740319,2
160277253033900,1,1,1,200,0.8919740319,0,0.4520865977,0.3752826154,0,1,0,1.871191978,-0.4520865977,0,0.8919740319,2
160277269114000,2,1,1,200,0.890296042,0,0.4553822279,0.3782412112,0,1,0,0.8723926544,-0.4553822279,0,0.890296042,2
160277269156200,1,1,1,200,0.890296042,0,0.4553822279,0.3782412112,0,1,0,1.872392654,-0.4553822279,0,0.890296042,2
160277284553300,2,1,1,200,0.8894767165,0,0.4569805562,0.3796780705,0,1,0,0.873016119,-0.4569805562,0,0.8894767165,2
160277284581900,1,1,1,200,0.8894767165,0,0.4569805562,0.3796780705,0,1,0,1.873016119,-0.4569805562,0,0.8894767165,2
160277300165700,2,1,1,200,0.8879517317,0,0.4599366784,0.3823391199,0,1,0,0.8742528558,-0.4599366784,0,0.8879517317,2
160277300211100,1,1,1,200,0.8879517317,0,0.4599366784,0.3823391199,0,1,0,1.874252796,-0.4599366784,0,0.8879517317,2
160277316217600,2,1,1,200,0.8864748478,0,0.4627767801,0.3849000335,0,1,0,0.8755635023,-0.4627767801,0,0.8864748478,2
160277316256600,1,1,1,200,0.8864748478,0,0.4627767801,0.3849000335,0,1,0,1.875563502,-0.4627767801,0,0.8864748478,2
160277331842200,2,1,1,200,0.8864748478,0,0.4627767801,0.3849000335,0,1,0,0.8755635023,-0.4627767801,0,0.8864748478,2
160277331885900,1,1,1,200,0.8864748478,0,0.4627767801,0.3849000335,0,1,0,1.875563502,-0.4627767801,0,0.8864748478,2
160277347304300,2,1,1,200,0.8851342797,0,0.4653356969,0.3872110546,0,1,0,0.876873672,-0.4653356969,0,0.8851342797,2
160277347401300,1,1,1,200,0.8851342797,0,0.4653356969,0.3872110546,0,1,0,1.876873732,-0.4653356969,0,0.8851342797,2
160277362971800,2,1,1,200,0.8845046759,0,0.4665313661,0.3882921338,0,1,0,0.8775374889,-0.4665313661,0,0.8845046759,2
160277363059900,1,1,1,200,0.8845046759,0,0.4665313661,0.3882921338,0,1,0,1.877537489,-0.4665313661,0,0.8845046759,2
160277378550100,2,1,1,200,0.8833167553,0,0.4687765837,0.3903241754,0,1,0,0.8788948655,-0.4687765837,0,0.8833167553,2
160277378593000,1,1,1,200,0.8833167553,0,0.4687765837,0.3903241754,0,1,0,1.878894806,-0.4687765837,0,0.8833167553,2
160277394118900,2,1,1,200,0.8827676773,0,0.469809711,0.3912601769,0,1,0,0.8795782328,-0.469809711,0,0.8827676773,2
160277394164200,1,1,1,200,0.8827676773,0,0.469809711,0.3912601769,0,1,0,1.879578233,-0.469809711,0,0.8827676773,2
160277409338200,2,1,1,200,0.8822194934,0,0.4708383977,0.3921926916,0,1,0,0.8803037405,-0.4708383977,0,0.8822194934,2
160277409384100,1,1,1,200,0.8822194934,0,0.4708383977,0.3921926916,0,1,0,1.880303741,-0.4708383977,0,0.8822194934,2
160277424861200,2,1,1,200,0.8812634349,0,0.4726254344,0.3938140571,0,1,0,0.8816974163,-0.4726254344,0,0.8812634349,2
160277424902200,1,1,1,200,0.8812634349,0,0.4726254344,0.3938140571,0,1,0,1.881697416,-0.4726254344,0,0.8812634349,2
160277440434500,2,1,1,200,0.880384028,0,0.4742615521,0.3953000307,0,1,0,0.8831743002,-0.4742615521,0,0.880384028,2
160277440499100,1,1,1,200,0.880384028,0,0.4742615521,0.3953000307,0,1,0,1.8831743,-0.4742615521,0,0.880384028,2
160277456546200,2,1,1,200,0.8800005913,0,0.4749726057,0.3959463239,0,1,0,0.8838995099,-0.4749726057,0,0.8800005913,2
160277456591100,1,1,1,200,0.8800005913,0,0.4749726057,0.3959463239,0,1,0,1.88389945,-0.4749726057,0,0.8800005913,2
160277472719900,2,1,1,200,0.8796412349,0,0.4756377637,0.3965511322,0,1,0,0.8846393228,-0.4756377637,0,0.8796412349,2
160277472758000,1,1,1,200,0.8796412349,0,0.4756377637,0.3965511322,0,1,0,1.884639263,-0.4756377637,0,0.8796412349,2
160277488189200,2,1,1,200,0.8790071607,0,0.4768086076,0.3976163566,0,1,0,0.8861421943,-0.4768086076,0,0.8790071607,2
160277488243900,1,1,1,200,0.8790071607,0,0.4768086076,0.3976163566,0,1,0,1.886142254,-0.4768086076,0,0.8790071607,2
160277503852600,2,1,1,200,0.8787351251,0,0.4773097336,0.398072511,0,1,0,0.8868985176,-0.4773097336,0,0.8787351251,2
160277503905500,1,1,1,200,0.8787351251,0,0.4773097336,0.398072511,0,1,0,1.886898518,-0.4773097336,0,0.8787351251,2
160277519180600,2,1,1,200,0.8784906268,0,0.4777595997,0.3984821141,0,1,0,0.8876651525,-0.4777595997,0,0.8784906268,2
160277519220100,1,1,1,200,0.8784906268,0,0.4777595997,0.3984821141,0,1,0,1.887665153,-0.4777595997,0,0.8784906268,2
160277534751600,2,1,1,200,0.8780835271,0,0.4785073698,0.3991632164,0,1,0,0.8892410994,-0.4785073698,0,0.8780835271,2
160277534786900,1,1,1,200,0.8780835271,0,0.4785073698,0.3991632164,0,1,0,1.889241099,-0.4785073698,0,0.8780835271,2
160277550274200,2,1,1,200,0.8779273033,0,0.4787938893,0.3994243145,0,1,0,0.8900258541,-0.4787938893,0,0.8779273033,2
160277550318400,1,1,1,200,0.8779273033,0,0.4787938893,0.3994243145,0,1,0,1.890025854,-0.4787938893,0,0.8779273033,2
160277566354600,2,1,1,200,0.8777020574,0,0.4792067409,0.399800539,0,1,0,0.8916153312,-0.4792067409,0,0.8777020574,2
160277566416100,1,1,1,200,0.8777020574,0,0.4792067409,0.399800539,0,1,0,1.891615391,-0.4792067409,0,0.8777020574,2
160277581778100,2,1,1,200,0.8776332736,0,0.4793327153,0.3999153674,0,1,0,0.8924177289,-0.4793327153,0,0.8776332736,2
160277581804200,1,1,1,200,0.8776332736,0,0.4793327153,0.3999153674,0,1,0,1.892417669,-0.4793327153,0,0.8776332736,2
160277597843600,2,1,1,200,0.8775923252,0,0.4794076085,0.3999836743,0,1,0,0.8932650089,-0.4794076085,0,0.8775923252,2
160277597890200,1,1,1,200,0.8775923252,0,0.4794076085,0.3999836743,0,1,0,1.893265009,-0.4794076085,0,0.8775923252,2
160277613465500,2,1,1,200,0.8776029944,0,0.4793881476,0.3999659121,0,1,0,0.8949075937,-0.4793881476,0,0.8776029944,2
160277613498400,1,1,1,200,0.8776029944,0,0.4793881476,0.3999659121,0,1,0,1.894907594,-0.4793881476,0,0.8776029944,2
160277628869100,2,1,1,200,0.8777329326,0,0.479150176,0.3997490108,0,1,0,0.8965966702,-0.479150176,0,0.8777329326,2
160277628910600,1,1,1,200,0.8777329326,0,0.479150176,0.3997490108,0,1,0,1.89659667,-0.479150176,0,0.8777329326,2
160277644401000,2,1,1,200,0.8777329326,0,0.479150176,0.3997490108,0,1,0,0.8965966702,-0.479150176,0,0.8777329326,2
160277644493600,1,1,1,200,0.8777329326,0,0.479150176,0.3997490108,0,1,0,1.89659667,-0.479150176,0,0.8777329326,2
160277659825200,2,1,1,200,0.8779781461,0,0.4787006974,0.3993393779,0,1,0,0.8982864022,-0.4787006974,0,0.8779781461,2
160277659887100,1,1,1,200,0.8779781461,0,0.4787006974,0.3993393779,0,1,0,1.898286343,-0.4787006974,0,0.8779781461,2
160277675236500,2,1,1,200,0.8783449531,0,0.4780273139,0.3987259269,0,1,0,0.9000239372,-0.4780273139,0,0.8783449531,2
160277675268700,1,1,1,200,0.8783449531,0,0.4780273139,0.3987259269,0,1,0,1.900023937,-0.4780273139,0,0.8783449531,2
160277690997900,2,1,1,200,0.8785645366,0,0.4776237011,0.3983583748,0,1,0,0.9008717537,-0.4776237011,0,0.8785645366,2
160277691033300,1,1,1,200,0.8785645366,0,0.4776237011,0.3983583748,0,1,0,1.900871754,-0.4776237011,0,0.8785645366,2
160277706590000,2,1,1,200,0.878821075,0,0.4771514833,0.3979284465,0,1,0,0.9017564058,-0.4771514833,0,0.878821075,2
160277706624600,1,1,1,200,0.878821075,0,0.4771514833,0.3979284465,0,1,0,1.901756406,-0.4771514833,0,0.878821075,2
160277722618900,2,1,1,200,0.8794240952,0,0.4760391414,0.3969162107,0,1,0,0.9035485983,-0.4760391414,0,0.8794240952,2
160277722649500,1,1,1,200,0.8794240952,0,0.4760391414,0.3969162107,0,1,0,1.903548598,-0.4760391414,0,0.8794240952,2
160277738104100,2,1,1,200,0.8797641993,0,0.4754103422,0.3963443041,0,1,0,0.9044399261,-0.4754103422,0,0.8797641993,2
160277738198000,1,1,1,200,0.8797641993,0,0.4754103422,0.3963443041,0,1,0,1.904439926,-0.4754103422,0,0.8797641993,2
160277753795800,2,1,1,200,0.8805277944,0,0.4739944637,0.3950573802,0,1,0,0.9062371254,-0.4739944637,0,0.8805277944,2
160277753828400,1,1,1,200,0.8805277944,0,0.4739944637,0.3950573802,0,1,0,1.906237125,-0.4739944637,0,0.8805277944,2
160277768986300,2,1,1,200,0.880959928,0,0.4731909037,0.3943274915,0,1,0,0.907161653,-0.4731909037,0,0.880959928,2
160277769020400,1,1,1,200,0.880959928,0,0.4731909037,0.3943274915,0,1,0,1.907161713,-0.4731909037,0,0.880959928,2
160277784466300,2,1,1,200,0.8814176917,0,0.4723376632,0.3935528696,0,1,0,0.9080859423,-0.4723376632,0,0.8814176917,2
160277784496000,1,1,1,200,0.8814176917,0,0.4723376632,0.3935528696,0,1,0,1.908085942,-0.4723376632,0,0.8814176917,2
160277799933600,2,1,1,200,0.8824090958,0,0.4704828858,0.3918703496,0,1,0,0.9099367857,-0.4704828858,0,0.8824090958,2
160277799975500,1,1,1,200,0.8824090958,0,0.4704828858,0.3918703496,0,1,0,1.909936786,-0.4704828858,0,0.8824090958,2
160277815444900,2,1,1,200,0.8829481602,0,0.4694705307,0.3909528255,0,1,0,0.9108743072,-0.4694705307,0,0.8829481602,2
160277815554500,1,1,1,200,0.8829481602,0,0.4694705307,0.3909528255,0,1,0,1.910874367,-0.4694705307,0,0.8829481602,2
160277831526700,2,1,1,200,0.8840985894,0,0.4673004746,0.3889878988,0,1,0,0.9127514362,-0.4673004746,0,0.8840985894,2
160277831677000,1,1,1,200,0.8840985894,0,0.4673004746,0.3889878988,0,1,0,1.912751436,-0.4673004746,0,0.8840985894,2
160277846792600,2,1,1,200,0.884722352,0,0.4661183953,0.3879186511,0,1,0,0.9137115479,-0.4661183953,0,0.884722352,2
160277846826400,1,1,1,200,0.884722352,0,0.4661183953,0.3879186511,0,1,0,1.913711548,-0.4661183953,0,0.884722352,2
160277862869200,2,1,1,200,0.885371089,0,0.464884907,0.3868036866,0,1,0,0.9146743417,-0.464884907,0,0.885371089,2
160277862912400,1,1,1,200,0.885371089,0,0.464884907,0.3868036866,0,1,0,1.914674282,-0.464884907,0,0.885371089,2
160277878478600,2,1,1,200,0.8867214322,0,0.4623041451,0.3844735622,0,1,0,0.9165802598,-0.4623041451,0,0.8867214322,2
160277878525700,1,1,1,200,0.8867214322,0,0.4623041451,0.3844735622,0,1,0,1.9165802,-0.4623041451,0,0.8867214322,2
160277893604500,2,1,1,200,0.8881846666,0,0.4594866931,0.3819337487,0,1,0,0.9185239673,-0.4594866931,0,0.8881846666,2
160277893644800,1,1,1,200,0.8881846666,0,0.4594866931,0.3819337487,0,1,0,1.918524027,-0.4594866931,0,0.8881846666,2
160277908771200,2,1,1,200,0.8881846666,0,0.4594866931,0.3819337487,0,1,0,0.9185239673,-0.4594866931,0,0.8881846666,2
160277908868500,1,1,1,200,0.8881846666,0,0.4594866931,0.3819337487,0,1,0,1.918524027,-0.4594866931,0,0.8881846666,2
160277924809900,2,1,1,200,0.8897461891,0,0.4564555883,0.379205972,0,1,0,0.9204875827,-0.4564555883,0,0.8897461891,2
160277924849300,1,1,1,200,0.8897461891,0,0.4564555883,0.379205972,0,1,0,1.920487642,-0.4564555883,0,0.8897461891,2
160277939968200,2,1,1,200,0.8914180398,0,0.453181982,0.376265347,0,1,0,0.9224879742,-0.453181982,0,0.8914180398,2
160277939999000,1,1,1,200,0.8914180398,0,0.453181982,0.376265347,0,1,0,1.922487974,-0.453181982,0,0.8914180398,2
160277955554000,2,1,1,200,0.8914180398,0,0.453181982,0.376265347,0,1,0,0.9224879742,-0.453181982,0,0.8914180398,2
160277955630800,1,1,1,200,0.8914180398,0,0.453181982,0.376265347,0,1,0,1.922487974,-0.453181982,0,0.8914180398,2
160277971590600,2,1,1,200,0.8931950927,0,0.4496693015,0.3731160462,0,1,0,0.9245203137,-0.4496693015,0,0.8931950927,2
160277971622700,1,1,1,200,0.8931950927,0,0.4496693015,0.3731160462,0,1,0,1.924520254,-0.4496693015,0,0.8931950927,2
160277986873600,2,1,1,200,0.8950440884,0,0.4459776878,0.3698130548,0,1,0,0.9265502095,-0.4459776878,0,0.8950440884,2
160277986902800,1,1,1,200,0.8950440884,0,0.4459776878,0.3698130548,0,1,0,1.92655015,-0.4459776878,0,0.8950440884,2
160278002390200,2,1,1,200,0.8959917426,0,0.4440706968,0.3681094348,0,1,0,0.9275619984,-0.4440706968,0,0.8959917426,2
160278002513000,1,1,1,200,0.8959917426,0,0.4440706968,0.3681094348,0,1,0,1.927561998,-0.4440706968,0,0.8959917426,2
160278018071100,2,1,1,200,0.8979545236,0,0.4400882721,0.3645575941,0,1,0,0.9296044707,-0.4400882721,0,0.8979545236,2
160278018111500,1,1,1,200,0.8979545236,0,0.4400882721,0.3645575941,0,1,0,1.92960453,-0.4400882721,0,0.8979545236,2
160278033971700,2,1,1,200,0.898963809,0,0.4380228817,0.3627185225,0,1,0,0.930629909,-0.4380228817,0,0.898963809,2
160278034022800,1,1,1,200,0.898963809,0,0.4380228817,0.3627185225,0,1,0,1.930629969,-0.4380228817,0,0.898963809,2
160278049650700,2,1,1,200,0.8999963403,0,0.4358974695,0.360828191,0,1,0,0.931663394,-0.4358974695,0,0.8999963403,2
160278049685100,1,1,1,200,0.8999963403,0,0.4358974695,0.360828191,0,1,0,1.931663394,-0.4358974695,0,0.8999963403,2
160278065181500,2,1,1,200,0.9021115303,0,0.4315029979,0.3569265604,0,1,0,0.9337364435,-0.4315029979,0,0.9021115303,2
160278065284100,1,1,1,200,0.9021115303,0,0.4315029979,0.3569265604,0,1,0,1.933736444,-0.4315029979,0,0.9021115303,2
160278080747300,2,1,1,200,0.9032482505,0,0.4291183352,0.3548131585,0,1,0,0.9348286986,-0.4291183352,0,0.9032482505,2
160278080770900,1,1,1,200,0.9032482505,0,0.4291183352,0.3548131585,0,1,0,1.934828758,-0.4291183352,0,0.9032482505,2
160278096318300,2,1,1,200,0.9043437839,0,0.4268047512,0.3527652919,0,1,0,0.9358683825,-0.4268047512,0,0.9043437839,2
160278096392100,1,1,1,200,0.9043437839,0,0.4268047512,0.3527652919,0,1,0,1.935868382,-0.4268047512,0,0.9043437839,2
160278111610500,2,1,1,200,0.9066184759,0,0.4219513834,0.348477304,0,1,0,0.9379906654,-0.4219513834,0,0.9066184759,2
160278111678600,1,1,1,200,0.9066184759,0,0.4219513834,0.348477304,0,1,0,1.937990665,-0.4219513834,0,0.9066184759,2
160278127404600,2,1,1,200,0.9077738523,0,0.4194598794,0.3462801874,0,1,0,0.9390518069,-0.4194598794,0,0.9077738523,2
160278127478000,1,1,1,200,0.9077738523,0,0.4194598794,0.3462801874,0,1,0,1.939051867,-0.4194598794,0,0.9077738523,2
160278142667400,2,1,1,200,0.9101112485,0,0.4143640399,0.3417951465,0,1,0,0.9411681294,-0.4143640399,0,0.9101112485,2
160278142706600,1,1,1,200,0.9101112485,0,0.4143640399,0.3417951465,0,1,0,1.94116807,-0.4143640399,0,0.9101112485,2
160278158160300,2,1,1,200,0.9113132954,0,0.4117135704,0.3394668698,0,1,0,0.942242384,-0.4117135704,0,0.9113132954,2
160278158250400,1,1,1,200,0.9113132954,0,0.4117135704,0.3394668698,0,1,0,1.942242384,-0.4117135704,0,0.9113132954,2
160278173730900,2,1,1,200,0.9125179648,0,0.4090366364,0.3371184766,0,1,0,0.9433103204,-0.4090366364,0,0.9125179648,2
160278173758400,1,1,1,200,0.9125179648,0,0.4090366364,0.3371184766,0,1,0,1.943310261,-0.4090366364,0,0.9125179648,2
160278189006900,2,1,1,200,0.9149977565,0,0.4034589529,0.3322351873,0,1,0,0.9454844594,-0.4034589529,0,0.9149977565,2
160278189093900,1,1,1,200,0.9149977565,0,0.4034589529,0.3322351873,0,1,0,1.9454844,-0.4034589529,0,0.9149977565,2
160278204686500,2,1,1,200,0.9162413478,0,0.4006268084,0.3297607005,0,1,0,0.9465638399,-0.4006268084,0,0.9162413478,2
160278204729400,1,1,1,200,0.9162413478,0,0.4006268084,0.3297607005,0,1,0,1.94656384,-0.4006268084,0,0.9162413478,2
160278220193000,2,1,1,200,0.9188394547,0,0.3946315646,0.3245334923,0,1,0,0.9487990737,-0.3946315646,0,0.9188394547,2
160278220297300,1,1,1,200,0.9188394547,0,0.3946315646,0.3245334923,0,1,0,1.948799133,-0.3946315646,0,0.9188394547,2
160278235865800,2,1,1,200,0.9201171398,0,0.3916432261,0.3219334483,0,1,0,0.9498896599,-0.3916432261,0,0.9201171398,2
160278235910100,1,1,1,200,0.9201171398,0,0.3916432261,0.3219334483,0,1,0,1.94988966,-0.3916432261,0,0.9201171398,2
160278251344500,2,1,1,200,0.9214310646,0,0.3885418773,0.3192388713,0,1,0,0.9510059953,-0.3885418773,0,0.9214310646,2
160278251454400,1,1,1,200,0.9214310646,0,0.3885418773,0.3192388713,0,1,0,1.951005936,-0.3885418773,0,0.9214310646,2
160278266899800,2,1,1,200,0.9240065217,0,0.3823767006,0.3138936758,0,1,0,0.9531814456,-0.3823767006,0,0.9240065217,2
160278266978900,1,1,1,200,0.9240065217,0,0.3823767006,0.3138936758,0,1,0,1.953181505,-0.3823767006,0,0.9240065217,2
160278282422300,2,1,1,200,0.9266394973,0,0.3759510517,0.3083383143,0,1,0,0.9553914666,-0.3759510517,0,0.9266394973,2
160278282461800,1,1,1,200,0.9266394973,0,0.3759510517,0.3083383143,0,1,0,1.955391407,-0.3759510517,0,0.9266394973,2
160278297544600,2,1,1,200,0.9266394973,0,0.3759510517,0.3083383143,0,1,0,0.9553914666,-0.3759510517,0,0.9266394973,2
160278297681500,1,1,1,200,0.9266394973,0,0.3759510517,0.3083383143,0,1,0,1.955391407,-0.3759510517,0,0.9266394973,2
160278313667700,2,1,1,200,0.9293041229,0,0.3693152964,0.3026176989,0,1,0,0.9576177597,-0.3693152964,0,0.9293041229,2
160278313706100,1,1,1,200,0.9293041229,0,0.3693152964,0.3026176989,0,1,0,1.95761776,-0.3693152964,0,0.9293041229,2
160278329277000,2,1,1,200,0.9320373535,0,0.3623622656,0.2966409326,0,1,0,0.9598948956,-0.3623622656,0,0.9320373535,2
160278329330700,1,1,1,200,0.9320373535,0,0.3623622656,0.2966409326,0,1,0,1.959894896,-0.3623622656,0,0.9320373535,2
160278344740300,2,1,1,200,0.9333825707,0,0.3588829041,0.2936566174,0,1,0,0.9610145092,-0.3588829041,0,0.9333825707,2
160278345017600,1,1,1,200,0.9333825707,0,0.3588829041,0.2936566174,0,1,0,1.961014509,-0.3588829041,0,0.9333825707,2
160278360408500,2,1,1,200,0.9347257018,0,0.3553700149,0.2906478941,0,1,0,0.9621322751,-0.3553700149,0,0.9347257018,2
160278360448100,1,1,1,200,0.9347257018,0,0.3553700149,0.2906478941,0,1,0,1.962132215,-0.3553700149,0,0.9347257018,2
160278375535300,2,1,1,200,0.9360740781,0,0.3518029451,0.2875971794,0,1,0,0.9632546902,-0.3518029451,0,0.9360740781,2
160278375581700,1,1,1,200,0.9360740781,0,0.3518029451,0.2875971794,0,1,0,1.96325469,-0.3518029451,0,0.9360740781,2
160278391061900,2,1,1,200,0.9387995005,0,0.3444641232,0.2813343406,0,1,0,0.9655264616,-0.3444641232,0,0.9387995005,2
160278391188000,1,1,1,200,0.9387995005,0,0.3444641232,0.2813343406,0,1,0,1.965526462,-0.3444641232,0,0.9387995005,2
160278406453400,2,1,1,200,0.941552341,0,0.3368667364,0.2748697102,0,1,0,0.9678285718,-0.3368667364,0,0.941552341,2
160278406522100,1,1,1,200,0.941552341,0,0.3368667364,0.2748697102,0,1,0,1.967828512,-0.3368667364,0,0.941552341,2
160278421835400,2,1,1,200,0.9428730607,0,0.3331522644,0.2717158794,0,1,0,0.9689369202,-0.3331522644,0,0.9428730607,2
160278421915500,1,1,1,200,0.9428730607,0,0.3331522644,0.2717158794,0,1,0,1.96893692,-0.3331522644,0,0.9428730607,2
160278437481300,2,1,1,200,0.9442209005,0,0.3293127418,0.2684604824,0,1,0,0.9700712562,-0.3293127418,0,0.9442209005,2
160278437521900,1,1,1,200,0.9442209005,0,0.3293127418,0.2684604824,0,1,0,1.970071316,-0.3293127418,0,0.9442209005,2
160278452983100,2,1,1,200,0.9469702244,0,0.3213212788,0.2616995275,0,1,0,0.9723972678,-0.3213212788,0,0.9469702244,2
160278453027900,1,1,1,200,0.9469702244,0,0.3213212788,0.2616995275,0,1,0,1.972397327,-0.3213212788,0,0.9469702244,2
160278468967900,2,1,1,200,0.9483038187,0,0.3173638582,0.2583586872,0,1,0,0.9735324979,-0.3173638582,0,0.9483038187,2
160278469047800,1,1,1,200,0.9483038187,0,0.3173638582,0.2583586872,0,1,0,1.973532438,-0.3173638582,0,0.9483038187,2
160278484622800,2,1,1,200,0.9496617317,0,0.3132772744,0.2549136579,0,1,0,0.9746937752,-0.3132772744,0,0.9496617317,2
160278484663900,1,1,1,200,0.9496617317,0,0.3132772744,0.2549136579,0,1,0,1.974693775,-0.3132772744,0,0.9496617317,2
160278499788800,2,1,1,200,0.9523166418,0,0.3051115274,0.2480444312,0,1,0,0.9769823551,-0.3051115274,0,0.9523166418,2
160278499846300,1,1,1,200,0.9523166418,0,0.3051115274,0.2480444312,0,1,0,1.976982355,-0.3051115274,0,0.9523166418,2
160278515300900,2,1,1,200,0.9536371827,0,0.3009586334,0.2445581853,0,1,0,0.9781306982,-0.3009586334,0,0.9536371827,2
160278515434800,1,1,1,200,0.9536371827,0,0.3009586334,0.2445581853,0,1,0,1.978130698,-0.3009586334,0,0.9536371827,2
160278530860700,2,1,1,200,0.9562498927,0,0.2925511003,0.2375148684,0,1,0,0.9804253578,-0.2925511003,0,0.9562498927,2
160278530922600,1,1,1,200,0.9562498927,0,0.2925511003,0.2375148684,0,1,0,1.980425358,-0.2925511003,0,0.9562498927,2
160278546463400,2,1,1,200,0.9576053619,0,0.2880833745,0.2337798029,0,1,0,0.9816289544,-0.2880833745,0,0.9576053619,2
160278546504600,1,1,1,200,0.9576053619,0,0.2880833745,0.2337798029,0,1,0,1.981628895,-0.2880833745,0,0.9576053619,2
160278562440600,2,1,1,200,0.9588837028,0,0.2837993503,0.230203256,0,1,0,0.982773304,-0.2837993503,0,0.9588837028,2
160278562496900,1,1,1,200,0.9588837028,0,0.2837993503,0.230203256,0,1,0,1.982773304,-0.2837993503,0,0.9588837028,2
160278578085000,2,1,1,200,0.9614236951,0,0.2750717103,0.2229314297,0,1,0,0.9850763083,-0.2750717103,0,0.9614236951,2
160278578131700,1,1,1,200,0.9614236951,0,0.2750717103,0.2229314297,0,1,0,1.985076308,-0.2750717103,0,0.9614236951,2
160278593650400,2,1,1,200,0.9626796246,0,0.2706436217,0.2192492485,0,1,0,0.9862308502,-0.2706436217,0,0.9626796246,2
160278593703300,1,1,1,200,0.9626796246,0,0.2706436217,0.2192492485,0,1,0,1.98623085,-0.2706436217,0,0.9626796246,2
160278608769200,2,1,1,200,0.9651747346,0,0.2616060078,0.2117486298,0,1,0,0.9885597229,-0.2616060078,0,0.9651747346,2
160278608800800,1,1,1,200,0.9651747346,0,0.2616060078,0.2117486298,0,1,0,1.988559723,-0.2616060078,0,0.9651747346,2
160278624381900,2,1,1,200,0.9663884044,0,0.257086426,0.2080048621,0,1,0,0.9897111058,-0.257086426,0,0.9663884044,2
160278624449400,1,1,1,200,0.9663884044,0,0.257086426,0.2080048621,0,1,0,1.989711046,-0.257086426,0,0.9663884044,2
160278639929200,2,1,1,200,0.9676235914,0,0.2523976564,0.2041258663,0,1,0,0.9908966422,-0.2523976564,0,0.9676235914,2
160278639963600,1,1,1,200,0.9676235914,0,0.2523976564,0.2041258663,0,1,0,1.990896702,-0.2523976564,0,0.9676235914,2
160278655536200,2,1,1,200,0.9700165391,0,0.2430389076,0.1963979751,0,1,0,0.9932368994,-0.2430389076,0,0.9700165391,2
160278655569400,1,1,1,200,0.9700165391,0,0.2430389076,0.1963979751,0,1,0,1.993236899,-0.2430389076,0,0.9700165391,2
160278671051200,2,1,1,200,0.9711851478,0,0.2383263558,0.192513749,0,1,0,0.994402647,-0.2383263558,0,0.9711851478,2
160278671083300,1,1,1,200,0.9711851478,0,0.2383263558,0.192513749,0,1,0,1.994402647,-0.2383263558,0,0.9711851478,2
160278686717700,2,1,1,200,0.973459065,0,0.2288612425,0.1847261637,0,1,0,0.9967198372,-0.2288612425,0,0.973459065,2
160278686771100,1,1,1,200,0.973459065,0,0.2288612425,0.1847261637,0,1,0,1.996719837,-0.2288612425,0,0.973459065,2
160278702188100,2,1,1,200,0.9745718837,0,0.2240749896,0.1807950288,0,1,0,0.9978797436,-0.2240749896,0,0.9745718837,2
160278702223400,1,1,1,200,0.9745718837,0,0.2240749896,0.1807950288,0,1,0,1.997879744,-0.2240749896,0,0.9745718837,2
160278717759100,2,1,1,200,0.9756820202,0,0.2191908807,0.1767880917,0,1,0,0.9990555644,-0.2191908807,0,0.9756820202,2
160278717802900,1,1,1,200,0.9756820202,0,0.2191908807,0.1767880917,0,1,0,1.999055624,-0.2191908807,0,0.9756820202,2
160278733370000,2,1,1,200,0.9778472781,0,0.2093196958,0.1687033623,0,1,0,1.001408577,-0.2093196958,0,0.9778472781,2
160278733479800,1,1,1,200,0.9778472781,0,0.2093196958,0.1687033623,0,1,0,2.001408577,-0.2093196958,0,0.9778472781,2
160278748830900,2,1,1,200,0.9788883924,0,0.2043954283,0.1646768451,0,1,0,1.002571225,-0.2043954283,0,0.9788883924,2
160278748863200,1,1,1,200,0.9788883924,0,0.2043954283,0.1646768451,0,1,0,2.002571106,-0.2043954283,0,0.9788883924,2
160278764364700,2,1,1,200,0.9799048305,0,0.1994656175,0.1606500447,0,1,0,1.003728032,-0.1994656175,0,0.9799048305,2
160278764431200,1,1,1,200,0.9799048305,0,0.1994656175,0.1606500447,0,1,0,2.003727913,-0.1994656175,0,0.9799048305,2
160278779954400,2,1,1,200,0.9818793535,0,0.1895071566,0.1525281519,0,1,0,1.006043673,-0.1895071566,0,0.9818793535,2
160278780101500,1,1,1,200,0.9818793535,0,0.1895071566,0.1525281519,0,1,0,2.006043673,-0.1895071566,0,0.9818793535,2
160278795306800,2,1,1,200,0.9828596711,0,0.1843551993,0.1483326256,0,1,0,1.007231116,-0.1843551993,0,0.9828596711,2
160278795339600,1,1,1,200,0.9828596711,0,0.1843551993,0.1483326256,0,1,0,2.007231236,-0.1843551993,0,0.9828596711,2
160278810915400,2,1,1,200,0.9847030044,0,0.1742413044,0.1401081979,0,1,0,1.009542108,-0.1742413044,0,0.9847030044,2
160278810963300,1,1,1,200,0.9847030044,0,0.1742413044,0.1401081979,0,1,0,2.009541988,-0.1742413044,0,0.9847030044,2
160278826388300,2,1,1,200,0.9864590168,0,0.1640080512,0.1318018883,0,1,0,1.011854768,-0.1640080512,0,0.9864590168,2
160278826439400,1,1,1,200,0.9864590168,0,0.1640080512,0.1318018883,0,1,0,2.011854649,-0.1640080512,0,0.9864590168,2
160278841659200,2,1,1,200,0.9864590168,0,0.1640080512,0.1318018883,0,1,0,1.011854768,-0.1640080512,0,0.9864590168,2
160278841704300,1,1,1,200,0.9864590168,0,0.1640080512,0.1318018883,0,1,0,2.011854649,-0.1640080512,0,0.9864590168,2
160278857714000,2,1,1,200,0.9881362319,0,0.1535800397,0.1233522296,0,1,0,1.014186144,-0.1535800397,0,0.9881362319,2
160278857743700,1,1,1,200,0.9881362319,0,0.1535800397,0.1233522296,0,1,0,2.014186144,-0.1535800397,0,0.9881362319,2
160278873100300,2,1,1,200,0.9897233248,0,0.1429957598,0.1147900969,0,1,0,1.01652813,-0.1429957598,0,0.9897233248,2
160278873141700,1,1,1,200,0.9897233248,0,0.1429957598,0.1147900969,0,1,0,2.01652813,-0.1429957598,0,0.9897233248,2
160278888623200,2,1,1,200,0.9897233248,0,0.1429957598,0.1147900969,0,1,0,1.01652813,-0.1429957598,0,0.9897233248,2
160278888675100,1,1,1,200,0.9897233248,0,0.1429957598,0.1147900969,0,1,0,2.01652813,-0.1429957598,0,0.9897233248,2
160278904181200,2,1,1,200,0.9911805987,0,0.1325181872,0.1063273177,0,1,0,1.018823624,-0.1325181872,0,0.9911805987,2
160278904221800,1,1,1,200,0.9911805987,0,0.1325181872,0.1063273177,0,1,0,2.018823624,-0.1325181872,0,0.9911805987,2
160278919581700,2,1,1,200,0.9925633073,0,0.1217296198,0.09762582183,0,1,0,1.021164775,-0.1217296198,0,0.9925633073,2
160278919638200,1,1,1,200,0.9925633073,0,0.1217296198,0.09762582183,0,1,0,2.021164894,-0.1217296198,0,0.9925633073,2
160278935158900,2,1,1,200,0.9931995869,0,0.1164243594,0.09335119277,0,1,0,1.022308111,-0.1164243594,0,0.9931995869,2
160278935209300,1,1,1,200,0.9931995869,0,0.1164243594,0.09335119277,0,1,0,2.022308111,-0.1164243594,0,0.9931995869,2
160278950693800,2,1,1,200,0.9943941832,0,0.105736658,0.08474774659,0,1,0,1.024596095,-0.105736658,0,0.9943941832,2
160278950738200,1,1,1,200,0.9943941832,0,0.105736658,0.08474774659,0,1,0,2.024596214,-0.105736658,0,0.9943941832,2
160278966171600,2,1,1,200,0.9943941832,0,0.105736658,0.08474774659,0,1,0,1.024596095,-0.105736658,0,0.9943941832,2
160278966252800,1,1,1,200,0.9943941832,0,0.105736658,0.08474774659,0,1,0,2.024596214,-0.105736658,0,0.9943941832,2
160278981604700,2,1,1,200,0.9954943061,0,0.09482140094,0.07597126067,0,1,0,1.026913047,-0.09482140094,0,0.9954943061,2
160278981631100,1,1,1,200,0.9954943061,0,0.09482140094,0.07597126067,0,1,0,2.026913166,-0.09482140094,0,0.9954943061,2
160278997453200,2,1,1,200,0.9964743257,0,0.08389794827,0.06719735265,0,1,0,1.029212713,-0.08389794827,0,0.9964743257,2
160278997494900,1,1,1,200,0.9964743257,0,0.08389794827,0.06719735265,0,1,0,2.029212713,-0.08389794827,0,0.9964743257,2
160279012596400,2,1,1,200,0.9969175458,0,0.07845643163,0.06282971054,0,1,0,1.03035152,-0.07845643163,0,0.9969175458,2
160279012668400,1,1,1,200,0.9969175458,0,0.07845643163,0.06282971054,0,1,0,2.030351639,-0.07845643163,0,0.9969175458,2
160279028065500,2,1,1,200,0.9973453879,0,0.07281645387,0.05830476433,0,1,0,1.031527281,-0.07281645387,0,0.9973453879,2
160279028107600,1,1,1,200,0.9973453879,0,0.07281645387,0.05830476433,0,1,0,2.031527281,-0.07281645387,0,0.9973453879,2
160279043569800,2,1,1,200,0.9977169633,0,0.0675342679,0.05406856537,0,1,0,1.032624483,-0.0675342679,0,0.9977169633,2
160279043644100,1,1,1,200,0.9977169633,0,0.0675342679,0.05406856537,0,1,0,2.032624483,-0.0675342679,0,0.9977169633,2
160279058988600,2,1,1,200,0.9984043837,0,0.05646810308,0.04519852251,0,1,0,1.034910798,-0.05646810308,0,0.9984043837,2
160279059050500,1,1,1,200,0.9984043837,0,0.05646810308,0.04519852251,0,1,0,2.034910679,-0.05646810308,0,0.9984043837,2
160279074465200,2,1,1,200,0.9989643097,0,0.0455002673,0.03641278297,0,1,0,1.037161231,-0.0455002673,0,0.9989643097,2
160279074513000,1,1,1,200,0.9989643097,0,0.0455002673,0.03641278297,0,1,0,2.03716135,-0.0455002673,0,0.9989643097,2
160279090148500,2,1,1,200,0.9992013574,0,0.0399578996,0.03197483346,0,1,0,1.038292885,-0.0399578996,0,0.9992013574,2
160279090190100,1,1,1,200,0.9992013574,0,0.0399578996,0.03197483346,0,1,0,2.038292885,-0.0399578996,0,0.9992013574,2
160279105530200,2,1,1,200,0.9994078875,0,0.03440785781,0.02753171884,0,1,0,1.039422512,-0.03440785781,0,0.9994078875,2
160279105610100,1,1,1,200,0.9994078875,0,0.03440785781,0.02753171884,0,1,0,2.039422512,-0.03440785781,0,0.9994078875,2
160279120731000,2,1,1,200,0.9997293353,0,0.02326412685,0.01861298084,0,1,0,1.041680336,-0.02326412685,0,0.9997293353,2
160279120774800,1,1,1,200,0.9997293353,0,0.02326412685,0.01861298084,0,1,0,2.041680336,-0.02326412685,0,0.9997293353,2
160279136237700,2,1,1,200,0.9998426437,0,0.01774002425,0.01419276465,0,1,0,1.042794585,-0.01774002425,0,0.9998426437,2
160279136295800,1,1,1,200,0.9998426437,0,0.01774002425,0.01419276465,0,1,0,2.042794704,-0.01774002425,0,0.9998426437,2
160279151438700,2,1,1,200,0.9999254942,0,0.0122058643,0.009764933959,0,1,0,1.043907762,-0.0122058643,0,0.9999254942,2
160279151482400,1,1,1,200,0.9999254942,0,0.0122058643,0.009764933959,0,1,0,2.043907642,-0.0122058643,0,0.9999254942,2
160279166956600,2,1,1,200,0.999999404,0,0.001081729308,0.0008653836558,0,1,0,1.046136498,-0.001081729308,0,0.999999404,2
160279166998900,1,1,1,200,0.999999404,0,0.001081729308,0.0008653836558,0,1,0,2.046136379,-0.001081729308,0,0.999999404,2
160279182564400,2,1,1,200,0.9999901652,0,-0.004438996781,-0.003551209113,0,1,0,1.047238231,0.004438996781,0,0.9999901652,2
160279182603600,1,1,1,200,0.9999901652,0,-0.004438996781,-0.003551209113,0,1,0,2.04723835,0.004438996781,0,0.9999901652,2
160279197808500,2,1,1,200,0.999879241,0,-0.01553884149,-0.01243157312,0,1,0,1.049445391,0.01553884149,0,0.999879241,2
160279197850300,1,1,1,200,0.999879241,0,-0.01553884149,-0.01243157312,0,1,0,2.049445391,0.01553884149,0,0.999879241,2
160279213299600,2,1,1,200,0.9997778535,0,-0.02107616141,-0.01686217822,0,1,0,1.050542712,0.02107616141,0,0.9997778535,2
160279213368800,1,1,1,200,0.9997778535,0,-0.02107616141,-0.01686217822,0,1,0,2.050542831,0.02107616141,0,0.9997778535,2
160279229001200,2,1,1,200,0.9996445775,0,-0.02665995806,-0.02133049257,0,1,0,1.051646709,0.02665995806,0,0.9996445775,2
160279229042700,1,1,1,200,0.9996445775,0,-0.02665995806,-0.02133049257,0,1,0,2.051646709,0.02665995806,0,0.9996445775,2
160279244519100,2,1,1,200,0.9992921948,0,-0.03761823475,-0.03010169044,0,1,0,1.053806663,0.03761823475,0,0.9992921948,2
160279244612800,1,1,1,200,0.9992921948,0,-0.03761823475,-0.03010169044,0,1,0,2.053806782,0.03761823475,0,0.9992921948,2
160279260181300,2,1,1,200,0.9990700483,0,-0.04311703146,-0.03450432047,0,1,0,1.054887414,0.04311703146,0,0.9990700483,2
160279260221200,1,1,1,200,0.9990700483,0,-0.04311703146,-0.03450432047,0,1,0,2.054887295,0.04311703146,0,0.9990700483,2
160279275636300,2,1,1,200,0.9985218048,0,-0.05435269326,-0.04350359365,0,1,0,1.057089448,0.05435269326,0,0.9985218048,2
160279275723100,1,1,1,200,0.9985218048,0,-0.05435269326,-0.04350359365,0,1,0,2.057089329,0.05435269326,0,0.9985218048,2
160279291457000,2,1,1,200,0.9982073307,0,-0.05985046551,-0.04790900275,0,1,0,1.058164239,0.05985046551,0,0.9982073307,2
160279291502400,1,1,1,200,0.9982073307,0,-0.05985046551,-0.04790900275,0,1,0,2.05816412,0.05985046551,0,0.9982073307,2
160279306855900,2,1,1,200,0.997852385,0,-0.06550265104,-0.05243966728,0,1,0,1.059267282,0.06550265104,0,0.997852385,2
160279306889100,1,1,1,200,0.997852385,0,-0.06550265104,-0.05243966728,0,1,0,2.059267282,0.06550265104,0,0.997852385,2
160279322583400,2,1,1,200,0.9970842004,0,-0.07630949467,-0.06110699847,0,1,0,1.061371803,0.07630949467,0,0.9970842004,2
160279322695700,1,1,1,200,0.9970842004,0,-0.07630949467,-0.06110699847,0,1,0,2.061371803,0.07630949467,0,0.9970842004,2
160279338098400,2,1,1,200,0.9966515303,0,-0.08176657557,-0.06548637152,0,1,0,1.062432289,0.08176657557,0,0.9966515303,2
160279338142800,1,1,1,200,0.9966515303,0,-0.08176657557,-0.06548637152,0,1,0,2.062432289,0.08176657557,0,0.9966515303,2
160279353799300,2,1,1,200,0.9961927533,0,-0.08717798442,-0.06983102858,0,1,0,1.063482523,0.08717798442,0,0.9961927533,2
160279353848400,1,1,1,200,0.9961927533,0,-0.08717798442,-0.06983102858,0,1,0,2.063482523,0.08717798442,0,0.9961927533,2
160279369230000,2,1,1,200,0.9951885939,0,-0.09797774255,-0.07850814611,0,1,0,1.065575004,0.09797774255,0,0.9951885939,2
160279369296000,1,1,1,200,0.9951885939,0,-0.09797774255,-0.07850814611,0,1,0,2.065575123,0.09797774255,0,0.9951885939,2
160279384743700,2,1,1,200,0.9946089983,0,-0.1036962941,-0.08310642838,0,1,0,1.066681266,0.1036962941,0,0.9946089983,2
160279384784600,1,1,1,200,0.9946089983,0,-0.1036962941,-0.08310642838,0,1,0,2.066681385,0.1036962941,0,0.9946089983,2
160279400339700,2,1,1,200,0.9934470057,0,-0.1142937765,-0.09163527191,0,1,0,1.068728566,0.1142937765,0,0.9934470057,2
160279400385100,1,1,1,200,0.9934470057,0,-0.1142937765,-0.09163527191,0,1,0,2.068728447,0.1142937765,0,0.9934470057,2
160279416541900,2,1,1,200,0.9928175807,0,-0.1196381301,-0.09594031423,0,1,0,1.069759727,0.1196381301,0,0.9928175807,2
160279416584600,1,1,1,200,0.9928175807,0,-0.1196381301,-0.09594031423,0,1,0,2.069759846,0.1196381301,0,0.9928175807,2
160279431796100,2,1,1,200,0.9921630621,0,-0.1249498427,-0.1002218202,0,1,0,1.070783973,0.1249498427,0,0.9921630621,2
160279431847100,1,1,1,200,0.9921630621,0,-0.1249498427,-0.1002218202,0,1,0,2.070784092,0.1249498427,0,0.9921630621,2
160279447241200,2,1,1,200,0.9907569289,0,-0.1356491446,-0.1088549122,0,1,0,1.072845101,0.1356491446,0,0.9907569289,2
160279447279000,1,1,1,200,0.9907569289,0,-0.1356491446,-0.1088549122,0,1,0,2.072844982,0.1356491446,0,0.9907569289,2
160279462840600,2,1,1,200,0.989266634,0,-0.1461217552,-0.1173174456,0,1,0,1.07486093,0.1461217552,0,0.989266634,2
160279462937800,1,1,1,200,0.989266634,0,-0.1461217552,-0.1173174456,0,1,0,2.07486105,0.1461217552,0,0.989266634,2
160279478549600,2,1,1,200,0.9884819984,0,-0.1513383687,-0.1215376779,0,1,0,1.075864553,0.1513383687,0,0.9884819984,2
160279478597500,1,1,1,200,0.9884819984,0,-0.1513383687,-0.1215376779,0,1,0,2.075864553,0.1513383687,0,0.9884819984,2
160279493773600,2,1,1,200,0.9876619577,0,-0.156600982,-0.125798583,0,1,0,1.07687676,0.156600982,0,0.9876619577,2
160279493816500,1,1,1,200,0.9876619577,0,-0.156600982,-0.125798583,0,1,0,2.07687664,0.156600982,0,0.9876619577,2
160279509083900,2,1,1,200,0.9868233204,0,-0.1618014127,-0.1300126761,0,1,0,1.077876925,0.1618014127,0,0.9868233204,2
160279509131800,1,1,1,200,0.9868233204,0,-0.1618014127,-0.1300126761,0,1,0,2.077877045,0.1618014127,0,0.9868233204,2
160279524722300,2,1,1,200,0.9850595593,0,-0.1722141355,-0.13846156,0,1,0,1.079879522,0.1722141355,0,0.9850595593,2
160279524769500,1,1,1,200,0.9850595593,0,-0.1722141355,-0.13846156,0,1,0,2.079879522,0.1722141355,0,0.9850595593,2
160279539989900,2,1,1,200,0.984138906,0,-0.1773994565,-0.1426746994,0,1,0,1.080876946,0.1773994565,0,0.984138906,2
160279540026100,1,1,1,200,0.984138906,0,-0.1773994565,-0.1426746994,0,1,0,2.080876827,0.1773994565,0,0.984138906,2
160279555550000,2,1,1,200,0.9822624326,0,-0.1875113547,-0.1509023458,0,1,0,1.082822561,0.1875113547,0,0.9822624326,2
160279555601800,1,1,1,200,0.9822624326,0,-0.1875113547,-0.1509023458,0,1,0,2.082822561,0.1875113547,0,0.9822624326,2
160279570991200,2,1,1,200,0.9812918305,0,-0.1925263107,-0.1549887806,0,1,0,1.083787918,0.1925263107,0,0.9812918305,2
160279571022500,1,1,1,200,0.9812918305,0,-0.1925263107,-0.1549887806,0,1,0,2.083787918,0.1925263107,0,0.9812918305,2
160279586581700,2,1,1,200,0.9803014994,0,-0.1975068748,-0.1590512395,0,1,0,1.084747195,0.1975068748,0,0.9803014994,2
160279586698100,1,1,1,200,0.9803014994,0,-0.1975068748,-0.1590512395,0,1,0,2.084747314,0.1975068748,0,0.9803014994,2
160279602085600,2,1,1,200,0.9782310128,0,-0.2075189054,-0.1672303826,0,1,0,1.086676955,0.2075189054,0,0.9782310128,2
160279602126700,1,1,1,200,0.9782310128,0,-0.2075189054,-0.1672303826,0,1,0,2.086677074,0.2075189054,0,0.9782310128,2
160279617207500,2,1,1,200,0.9761064053,0,-0.2172929794,-0.1752322614,0,1,0,1.088563442,0.2172929794,0,0.9761064053,2
160279617261400,1,1,1,200,0.9761064053,0,-0.2172929794,-0.1752322614,0,1,0,2.088563442,0.2172929794,0,0.9761064053,2
160279632666900,2,1,1,200,0.9761064053,0,-0.2172929794,-0.1752322614,0,1,0,1.088563442,0.2172929794,0,0.9761064053,2
160279632708900,1,1,1,200,0.9761064053,0,-0.2172929794,-0.1752322614,0,1,0,2.088563442,0.2172929794,0,0.9761064053,2
160279648272600,2,1,1,200,0.9739097953,0,-0.2269353867,-0.1831438541,0,1,0,1.090427637,0.2269353867,0,0.9739097953,2
160279648301600,1,1,1,200,0.9739097953,0,-0.2269353867,-0.1831438541,0,1,0,2.090427637,0.2269353867,0,0.9739097953,2
160279663658400,2,1,1,200,0.972787261,0,-0.2317000628,-0.1870599538,0,1,0,1.091350079,0.2317000628,0,0.972787261,2
160279663704400,1,1,1,200,0.972787261,0,-0.2317000628,-0.1870599538,0,1,0,2.091350079,0.2317000628,0,0.972787261,2
160279679173700,2,1,1,200,0.9704633951,0,-0.2412483394,-0.1949215829,0,1,0,1.093201876,0.2412483394,0,0.9704633951,2
160279679292500,1,1,1,200,0.9704633951,0,-0.2412483394,-0.1949215829,0,1,0,2.093201876,0.2412483394,0,0.9704633951,2
160279694735300,2,1,1,200,0.9681279063,0,-0.2504561841,-0.2025211602,0,1,0,1.094991922,0.2504561841,0,0.9681279063,2
160279694766100,1,1,1,200,0.9681279063,0,-0.2504561841,-0.2025211602,0,1,0,2.094991922,0.2504561841,0,0.9681279063,2
160279710439200,2,1,1,200,0.9681279063,0,-0.2504561841,-0.2025211602,0,1,0,1.094991922,0.2504561841,0,0.9681279063,2
160279710488500,1,1,1,200,0.9681279063,0,-0.2504561841,-0.2025211602,0,1,0,2.094991922,0.2504561841,0,0.9681279063,2
160279726409000,2,1,1,200,0.9656499624,0,-0.2598464191,-0.2102905363,0,1,0,1.096822619,0.2598464191,0,0.9656499624,2
160279726456400,1,1,1,200,0.9656499624,0,-0.2598464191,-0.2102905363,0,1,0,2.096822739,0.2598464191,0,0.9656499624,2
160279741556600,2,1,1,200,0.9644240141,0,-0.264360249,-0.2140324116,0,1,0,1.097704768,0.264360249,0,0.9644240141,2
160279741595800,1,1,1,200,0.9644240141,0,-0.264360249,-0.2140324116,0,1,0,2.097704887,0.264360249,0,0.9644240141,2
160279757109700,2,1,1,200,0.9644240141,0,-0.264360249,-0.2140324116,0,1,0,1.097704768,0.264360249,0,0.9644240141,2
160279757166000,1,1,1,200,0.9644240141,0,-0.264360249,-0.2140324116,0,1,0,2.097704887,0.264360249,0,0.9644240141,2
160279772713700,2,1,1,200,0.9644240141,0,-0.264360249,-0.2140324116,0,1,0,1.097704768,0.264360249,0,0.9644240141,2
160279772796000,1,1,1,200,0.9644240141,0,-0.264360249,-0.2140324116,0,1,0,2.097704887,0.264360249,0,0.9644240141,2
160279788529400,2,1,1,200,0.9644240141,0,-0.264360249,-0.2140324116,0,1,0,1.097704768,0.264360249,0,0.9644240141,2
160279788577000,1,1,1,200,0.9644240141,0,-0.264360249,-0.2140324116,0,1,0,2.097704887,0.264360249,0,0.9644240141,2
160279803886300,2,1,1,200,0.9644240141,0,-0.264360249,-0.2140324116,0,1,0,1.097704768,0.264360249,0,0.9644240141,2
160279803927200,1,1,1,200,0.9644240141,0,-0.264360249,-0.2140324116,0,1,0,2.097704887,0.264360249,0,0.9644240141,2
160279819513200,2,1,1,200,0.9644240141,0,-0.264360249,-0.2140324116,0,1,0,1.097704768,0.264360249,0,0.9644240141,2
160279819584200,1,1,1,200,0.9644240141,0,-0.264360249,-0.2140324116,0,1,0,2.097704887,0.264360249,0,0.9644240141,2
160279834793600,2,1,1,200,0.9644240141,0,-0.264360249,-0.2140324116,0,1,0,1.097704768,0.264360249,0,0.9644240141,2
160279834838700,1,1,1,200,0.9644240141,0,-0.264360249,-0.2140324116,0,1,0,2.097704887,0.264360249,0,0.9644240141,2
160279850460400,2,1,1,200,0.9644240141,0,-0.264360249,-0.2140324116,0,1,0,1.097704768,0.264360249,0,0.9644240141,2
160279850526400,1,1,1,200,0.9644240141,0,-0.264360249,-0.2140324116,0,1,0,2.097704887,0.264360249,0,0.9644240141,2
160279865543300,2,1,1,200,0.9644240141,0,-0.264360249,-0.2140324116,0,1,0,1.097704768,0.264360249,0,0.9644240141,2
160279865584700,1,1,1,200,0.9644240141,0,-0.264360249,-0.2140324116,0,1,0,2.097704887,0.264360249,0,0.9644240141,2
160279881174000,2,1,1,200,0.9644240141,0,-0.264360249,-0.2140324116,0,1,0,1.097704768,0.264360249,0,0.9644240141,2
160279881216800,1,1,1,200,0.9644240141,0,-0.264360249,-0.2140324116,0,1,0,2.097704887,0.264360249,0,0.9644240141,2
160279896495000,2,1,1,200,0.9644240141,0,-0.264360249,-0.2140324116,0,1,0,1.097704768,0.264360249,0,0.9644240141,2
160279896540300,1,1,1,200,0.9644240141,0,-0.264360249,-0.2140324116,0,1,0,2.097704887,0.264360249,0,0.9644240141,2
160279911874900,2,1,1,200,0.9644240141,0,-0.264360249,-0.2140324116,0,1,0,1.097704768,0.264360249,0,0.9644240141,2
160279911921600,1,1,1,200,0.9644240141,0,-0.264360249,-0.2140324116,0,1,0,2.097704887,0.264360249,0,0.9644240141,2
160279926982200,2,1,1,200,0.9644240141,0,-0.264360249,-0.2140324116,0,1,0,1.097704768,0.264360249,0,0.9644240141,2
160279927039700,1,1,1,200,0.9644240141,0,-0.264360249,-0.2140324116,0,1,0,2.097704887,0.264360249,0,0.9644240141,2
160279942110000,2,1,1,200,0.9644240141,0,-0.264360249,-0.2140324116,0,1,0,1.097704768,0.264360249,0,0.9644240141,2
160279942158100,1,1,1,200,0.9644240141,0,-0.264360249,-0.2140324116,0,1,0,2.097704887,0.264360249,0,0.9644240141,2
160279957355300,2,1,1,200,0.9644240141,0,-0.264360249,-0.2140324116,0,1,0,1.097704768,0.264360249,0,0.9644240141,2
160279957401800,1,1,1,200,0.9644240141,0,-0.264360249,-0.2140324116,0,1,0,2.097704887,0.264360249,0,0.9644240141,2
160279972746900,2,1,1,200,0.9644240141,0,-0.264360249,-0.2140324116,0,1,0,1.097704768,0.264360249,0,0.9644240141,2
160279972854100,1,1,1,200,0.9644240141,0,-0.264360249,-0.2140324116,0,1,0,2.097704887,0.264360249,0,0.9644240141,2
160279988123400,2,1,1,200,0.9644240141,0,-0.264360249,-0.2140324116,0,1,0,1.097704768,0.264360249,0,0.9644240141,2
160279988177000,1,1,1,200,0.9644240141,0,-0.264360249,-0.2140324116,0,1,0,2.097704887,0.264360249,0,0.9644240141,2
160280003546100,2,1,1,200,0.9644240141,0,-0.264360249,-0.2140324116,0,1,0,1.097704768,0.264360249,0,0.9644240141,2
160280003623300,1,1,1,200,0.9644240141,0,-0.264360249,-0.2140324116,0,1,0,2.097704887,0.264360249,0,0.9644240141,2
160280018986000,2,1,1,200,0.9644240141,0,-0.264360249,-0.2140324116,0,1,0,1.097704768,0.264360249,0,0.9644240141,2
160280019084500,1,1,1,200,0.9644240141,0,-0.264360249,-0.2140324116,0,1,0,2.097704887,0.264360249,0,0.9644240141,2
160280034321700,2,1,1,200,0.9644240141,0,-0.264360249,-0.2140324116,0,1,0,1.097704768,0.264360249,0,0.9644240141,2
160280034395700,1,1,1,200,0.9644240141,0,-0.264360249,-0.2140324116,0,1,0,2.097704887,0.264360249,0,0.9644240141,2
160280049694400,2,1,1,200,0.9644240141,0,-0.264360249,-0.2140324116,0,1,0,1.097704768,0.264360249,0,0.9644240141,2
160280049741800,1,1,1,200,0.9644240141,0,-0.264360249,-0.2140324116,0,1,0,2.097704887,0.264360249,0,0.9644240141,2
160280065479700,2,1,1,200,0.9644240141,0,-0.264360249,-0.2140324116,0,1,0,1.097704768,0.264360249,0,0.9644240141,2
160280065512500,1,1,1,200,0.9644240141,0,-0.264360249,-0.2140324116,0,1,0,2.097704887,0.264360249,0,0.9644240141,2
160280080981200,2,1,1,200,0.9644240141,0,-0.264360249,-0.2140324116,0,1,0,1.097704768,0.264360249,0,0.9644240141,2
160280081034800,1,1,1,200,0.9644240141,0,-0.264360249,-0.2140324116,0,1,0,2.097704887,0.264360249,0,0.9644240141,2
160280096604400,2,1,1,200,0.9644240141,0,-0.264360249,-0.2140324116,0,1,0,1.097704768,0.264360249,0,0.9644240141,2
160280096684100,1,1,1,200,0.9644240141,0,-0.264360249,-0.2140324116,0,1,0,2.097704887,0.264360249,0,0.9644240141,2
160280112188300,2,1,1,200,0.9644240141,0,-0.264360249,-0.2140324116,0,1,0,1.097704768,0.264360249,0,0.9644240141,2
160280112246100,1,1,1,200,0.9644240141,0,-0.264360249,-0.2140324116,0,1,0,2.097704887,0.264360249,0,0.9644240141,2
160280127762000,2,1,1,200,0.9644240141,0,-0.264360249,-0.2140324116,0,1,0,1.097704768,0.264360249,0,0.9644240141,2
160280127810500,1,1,1,200,0.9644240141,0,-0.264360249,-0.2140324116,0,1,0,2.097704887,0.264360249,0,0.9644240141,2
160280143277100,2,1,1,200,0.9644240141,0,-0.264360249,-0.2140324116,0,1,0,1.097704768,0.264360249,0,0.9644240141,2
160280143327000,1,1,1,200,0.9644240141,0,-0.264360249,-0.2140324116,0,1,0,2.097704887,0.264360249,0,0.9644240141,2
160280158793700,2,1,1,200,0.9644240141,0,-0.264360249,-0.2140324116,0,1,0,1.097704768,0.264360249,0,0.9644240141,2
160280158835500,1,1,1,200,0.9644240141,0,-0.264360249,-0.2140324116,0,1,0,2.097704887,0.264360249,0,0.9644240141,2
160280174307500,2,1,1,200,0.9644240141,0,-0.264360249,-0.2140324116,0,1,0,1.097704768,0.264360249,0,0.9644240141,2
160280174396900,1,1,1,200,0.9644240141,0,-0.264360249,-0.2140324116,0,1,0,2.097704887,0.264360249,0,0.9644240141,2
160280189786200,2,1,1,200,0.9644240141,0,-0.264360249,-0.2140324116,0,1,0,1.097704768,0.264360249,0,0.9644240141,2
160280189862800,1,1,1,200,0.9644240141,0,-0.264360249,-0.2140324116,0,1,0,2.097704887,0.264360249,0,0.9644240141,2
160280205222500,2,1,1,200,0.9644240141,0,-0.264360249,-0.2140324116,0,1,0,1.097704768,0.264360249,0,0.9644240141,2
160280205256000,1,1,1,200,0.9644240141,0,-0.264360249,-0.2140324116,0,1,0,2.097704887,0.264360249,0,0.9644240141,2
160280220801500,2,1,1,200,0.9644240141,0,-0.264360249,-0.2140324116,0,1,0,1.097704768,0.264360249,0,0.9644240141,2
160280220840900,1,1,1,200,0.9644240141,0,-0.264360249,-0.2140324116,0,1,0,2.097704887,0.264360249,0,0.9644240141,2
160280236399700,2,1,1,200,0.9644240141,0,-0.264360249,-0.2140324116,0,1,0,1.097704768,0.264360249,0,0.9644240141,2
160280236450600,1,1,1,200,0.9644240141,0,-0.264360249,-0.2140324116,0,1,0,2.097704887,0.264360249,0,0.9644240141,2
160280251895100,2,1,1,200,0.9644240141,0,-0.264360249,-0.2140324116,0,1,0,1.097704768,0.264360249,0,0.9644240141,2
160280251942700,1,1,1,200,0.9644240141,0,-0.264360249,-0.2140324116,0,1,0,2.097704887,0.264360249,0,0.9644240141,2
160280267418200,2,1,1,200,0.9644240141,0,-0.264360249,-0.2140324116,0,1,0,1.097704768,0.264360249,0,0.9644240141,2
160280267534100,1,1,1,200,0.9644240141,0,-0.264360249,-0.2140324116,0,1,0,2.097704887,0.264360249,0,0.9644240141,2
160280283055500,2,1,1,200,0.9644240141,0,-0.264360249,-0.2140324116,0,1,0,1.097704768,0.264360249,0,0.9644240141,2
160280283100700,1,1,1,200,0.9644240141,0,-0.264360249,-0.2140324116,0,1,0,2.097704887,0.264360249,0,0.9644240141,2
160280298440900,2,1,1,200,0.9644240141,0,-0.264360249,-0.2140324116,0,1,0,1.097704768,0.264360249,0,0.9644240141,2
160280298470400,1,1,1,200,0.9644240141,0,-0.264360249,-0.2140324116,0,1,0,2.097704887,0.264360249,0,0.9644240141,2
160280313999400,2,1,1,200,0.9644240141,0,-0.264360249,-0.2140324116,0,1,0,1.097704768,0.264360249,0,0.9644240141,2
160280314037400,1,1,1,200,0.9644240141,0,-0.264360249,-0.2140324116,0,1,0,2.097704887,0.264360249,0,0.9644240141,2
160280329454600,2,1,1,200,0.9644240141,0,-0.264360249,-0.2140324116,0,1,0,1.097704768,0.264360249,0,0.9644240141,2
160280329507400,1,1,1,200,0.9644240141,0,-0.264360249,-0.2140324116,0,1,0,2.097704887,0.264360249,0,0.9644240141,2
160280345108800,2,1,1,200,0.9644240141,0,-0.264360249,-0.2140324116,0,1,0,1.097704768,0.264360249,0,0.9644240141,2
160280345170100,1,1,1,200,0.9644240141,0,-0.264360249,-0.2140324116,0,1,0,2.097704887,0.264360249,0,0.9644240141,2
160280360354000,2,1,1,200,0.9644240141,0,-0.264360249,-0.2140324116,0,1,0,1.097704768,0.264360249,0,0.9644240141,2
160280360398200,1,1,1,200,0.9644240141,0,-0.264360249,-0.2140324116,0,1,0,2.097704887,0.264360249,0,0.9644240141,2
160280376484300,2,1,1,200,0.9644240141,0,-0.264360249,-0.2140324116,0,1,0,1.097704768,0.264360249,0,0.9644240141,2
160280376545900,1,1,1,200,0.9644240141,0,-0.264360249,-0.2140324116,0,1,0,2.097704887,0.264360249,0,0.9644240141,2
160280391723400,2,1,1,200,0.9644240141,0,-0.264360249,-0.2140324116,0,1,0,1.097704768,0.264360249,0,0.9644240141,2
160280391780700,1,1,1,200,0.9644240141,0,-0.264360249,-0.2140324116,0,1,0,2.097704887,0.264360249,0,0.9644240141,2
160280407358100,2,1,1,200,0.9644240141,0,-0.264360249,-0.2140324116,0,1,0,1.097704768,0.264360249,0,0.9644240141,2
160280407398500,1,1,1,200,0.9644240141,0,-0.264360249,-0.2140324116,0,1,0,2.097704887,0.264360249,0,0.9644240141,2
160280422487000,2,1,1,200,0.9644240141,0,-0.264360249,-0.2140324116,0,1,0,1.097704768,0.264360249,0,0.9644240141,2
160280422520900,1,1,1,200,0.9644240141,0,-0.264360249,-0.2140324116,0,1,0,2.097704887,0.264360249,0,0.9644240141,2
160280438070700,2,1,1,200,0.9644240141,0,-0.264360249,-0.2140324116,0,1,0,1.097704768,0.264360249,0,0.9644240141,2
160280438113800,1,1,1,200,0.9644240141,0,-0.264360249,-0.2140324116,0,1,0,2.097704887,0.264360249,0,0.9644240141,2
160280453628900,2,1,1,200,0.9644240141,0,-0.264360249,-0.2140324116,0,1,0,1.097704768,0.264360249,0,0.9644240141,2
160280453676400,1,1,1,200,0.9644240141,0,-0.264360249,-0.2140324116,0,1,0,2.097704887,0.264360249,0,0.9644240141,2
160280469101900,2,1,1,200,1,0,0,0,0,1,0,1,0,0,1,0
160280469155200,1,1,1,200,1,0,0,0,0,1,0,2,0,0,1,0
160280484640000,2,1,1,200,1,0,0,0,0,1,0,1,0,0,1,0
160280484671600,1,1,1,200,1,0,0,0,0,1,0,2,0,0,1,0
160280500206700,2,1,1,200,1,0,0,0,0,1,0,1,0,0,1,0
160280500263700,1,1,1,200,1,0,0,0,0,1,0,2,0,0,1,0
160280516411200,2,1,1,200,1,0,0,0,0,1,0,1,0,0,1,0
160280516444000,1,1,1,200,1,0,0,0,0,1,0,2,0,0,1,0
160280531951800,2,1,1,200,1,0,0,0,0,1,0,1,0,0,1,0
160280531981800,1,1,1,200,1,0,0,0,0,1,0,2,0,0,1,0
160280547214500,2,1,1,200,1,0,0,0,0,1,0,1,0,0,1,0
160280547254100,1,1,1,200,1,0,0,0,0,1,0,2,0,0,1,0
160280562810400,2,1,1,200,1,0,0,0,0,1,0,1,0,0,1,0
160280562862000,1,1,1,200,1,0,0,0,0,1,0,2,0,0,1,0
160280578197700,2,1,1,200,1,0,0,0,0,1,0,1,0,0,1,0
160280578238900,1,1,1,200,1,0,0,0,0,1,0,2,0,0,1,0
160280593368900,2,1,1,200,1,0,0,0,0,1,0,1,0,0,1,0
160280593439200,1,1,1,200,1,0,0,0,0,1,0,2,0,0,1,0
160280608531200,2,1,1,200,1,0,0,0,0,1,0,1,0,0,1,0
160280608603100,1,1,1,200,1,0,0,0,0,1,0,2,0,0,1,0
160280624006300,2,1,1,200,1,0,0,0,0,1,0,1,0,0,1,0
160280624056200,1,1,1,200,1,0,0,0,0,1,0,2,0,0,1,0
160280639570300,2,1,1,200,1,0,0,0,0,1,0,1,0,0,1,0
160280639665300,1,1,1,200,1,0,0,0,0,1,0,2,0,0,1,0
160280655121900,2,1,1,200,1,0,0,0,0,1,0,1,0,0,1,0
160280655169300,1,1,1,200,1,0,0,0,0,1,0,2,0,0,1,0
160280670885900,2,1,1,200,1,0,0,0,0,1,0,1,0,0,1,0
160280670919900,1,1,1,200,1,0,0,0,0,1,0,2,0,0,1,0
160280686350600,2,1,1,200,1,0,0,0,0,1,0,1,0,0,1,0
160280686380200,1,1,1,200,1,0,0,0,0,1,0,2,0,0,1,0
160280701543800,2,1,1,200,1,0,0,0,0,1,0,1,0,0,1,0
160280701573500,1,1,1,200,1,0,0,0,0,1,0,2,0,0,1,0
160280717278100,2,1,1,200,1,0,0,0,0,1,0,1,0,0,1,0
160280717325900,1,1,1,200,1,0,0,0,0,1,0,2,0,0,1,0
160280732746200,2,1,1,200,1,0,0,0,0,1,0,1,0,0,1,0
160280732781700,1,1,1,200,1,0,0,0,0,1,0,2,0,0,1,0
160280748022900,2,1,1,200,1,0,0,0,0,1,0,1,0,0,1,0
160280748080600,1,1,1,200,1,0,0,0,0,1,0,2,0,0,1,0
160280764031000,2,1,1,200,1,0,0,0,0,1,0,1,0,0,1,0
160280764087300,1,1,1,200,1,0,0,0,0,1,0,2,0,0,1,0
160280779599900,2,1,1,200,1,0,0,0,0,1,0,1,0,0,1,0
160280779634600,1,1,1,200,1,0,0,0,0,1,0,2,0,0,1,0
160280794911400,2,1,1,200,1,0,0,0,0,1,0,1,0,0,1,0
160280794959000,1,1,1,200,1,0,0,0,0,1,0,2,0,0,1,0
160280810174000,2,1,1,200,1,0,0,0,0,1,0,1,0,0,1,0
160280810222900,1,1,1,200,1,0,0,0,0,1,0,2,0,0,1,0
160280825654400,2,1,1,200,1,0,0,0,0,1,0,1,0,0,1,0
160280825693300,1,1,1,200,1,0,0,0,0,1,0,2,0,0,1,0
160280841145300,2,1,1,200,1,0,0,0,0,1,0,1,0,0,1,0
160280841172700,1,1,1,200,1,0,0,0,0,1,0,2,0,0,1,0
160280856382100,2,1,1,200,1,0,0,0,0,1,0,1,0,0,1,0
160280856432200,1,1,1,200,1,0,0,0,0,1,0,2,0,0,1,0
160280871861200,2,1,1,200,1,0,0,0,0,1,0,1,0,0,1,0
160280871920000,1,1,1,200,1,0,0,0,0,1,0,2,0,0,1,0
160280887251500,2,1,1,200,1,0,0,0,0,1,0,1,0,0,1,0
160280887320800,1,1,1,200,1,0,0,0,0,1,0,2,0,0,1,0
160280902862900,2,1,1,200,1,0,0,0,0,1,0,1,0,0,1,0
160280902908300,1,1,1,200,1,0,0,0,0,1,0,2,0,0,1,0
160280918388500,2,1,1,200,1,0,0,0,0,1,0,1,0,0,1,0
160280918430700,1,1,1,200,1,0,0,0,0,1,0,2,0,0,1,0
160280933886200,2,1,1,200,1,0,0,0,0,1,0,1,0,0,1,0
160280933925100,1,1,1,200,1,0,0,0,0,1,0,2,0,0,1,0
160280949483300,2,1,1,200,1,0,0,0,0,1,0,1,0,0,1,0
160280949519600,1,1,1,200,1,0,0,0,0,1,0,2,0,0,1,0
160280964706100,2,1,1,200,1,0,0,0,0,1,0,1,0,0,1,0
160280964759800,1,1,1,200,1,0,0,0,0,1,0,2,0,0,1,0
160280980223600,2,1,1,200,1,0,0,0,0,1,0,1,0,0,1,0
160280980253000,1,1,1,200,1,0,0,0,0,1,0,2,0,0,1,0
160280996393100,2,1,1,200,1,0,0,0,0,1,0,1,0,0,1,0
160280996433000,1,1,1,200,1,0,0,0,0,1,0,2,0,0,1,0
160281011852400,2,1,1,200,1,0,0,0,0,1,0,1,0,0,1,0
160281011928100,1,1,1,200,1,0,0,0,0,1,0,2,0,0,1,0
160281027386500,2,1,1,200,1,0,0,0,0,1,0,1,0,0,1,0
160281027452600,1,1,1,200,1,0,0,0,0,1,0,2,0,0,1,0
160281043071600,2,1,1,200,1,0,0,0,0,1,0,1,0,0,1,0
160281043114300,1,1,1,200,1,0,0,0,0,1,0,2,0,0,1,0
160281058584900,2,1,1,200,1,0,0,0,0,1,0,1,0,0,1,0
160281058659300,1,1,1,200,1,0,0,0,0,1,0,2,0,0,1,0
160281074151100,2,1,1,200,1,0,0,0,0,1,0,1,0,0,1,0
160281074181400,1,1,1,200,1,0,0,0,0,1,0,2,0,0,1,0
160281089665200,2,1,1,200,1,0,0,0,0,1,0,1,0,0,1,0
160281089692600,1,1,1,200,1,0,0,0,0,1,0,2,0,0,1,0
160281104971000,2,1,1,200,1,0,0,0,0,1,0,1,0,0,1,0
160281105060100,1,1,1,200,1,0,0,0,0,1,0,2,0,0,1,0
160281120448300,2,1,1,200,1,0,0,0,0,1,0,1,0,0,1,0
160281120486400,1,1,1,200,1,0,0,0,0,1,0,2,0,0,1,0
160281135873700,2,1,1,200,1,0,0,0,0,1,0,1,0,0,1,0
160281135903500,1,1,1,200,1,0,0,0,0,1,0,2,0,0,1,0
160281151254900,2,1,1,200,1,0,0,0,0,1,0,1,0,0,1,0
160281151283200,1,1,1,200,1,0,0,0,0,1,0,2,0,0,1,0
160281166857800,2,1,1,200,1,0,0,0,0,1,0,1,0,0,1,0
160281166994600,1,1,1,200,1,0,0,0,0,1,0,2,0,0,1,0
160281182919300,2,1,1,200,1,0,0,0,0,1,0,1,0,0,1,0
160281182952700,1,1,1,200,1,0,0,0,0,1,0,2,0,0,1,0
160281198992100,2,1,1,200,1,0,0,0,0,1,0,1,0,0,1,0
160281199047300,1,1,1,200,1,0,0,0,0,1,0,2,0,0,1,0
160281214537300,2,1,1,200,1,0,0,0,0,1,0,1,0,0,1,0
160281214571700,1,1,1,200,1,0,0,0,0,1,0,2,0,0,1,0
160281230118800,2,1,1,200,1,0,0,0,0,1,0,1,0,0,1,0
160281230157800,1,1,1,200,1,0,0,0,0,1,0,2,0,0,1,0
160281245713700,2,1,1,200,1,0,0,0,0,1,0,1,0,0,1,0
160281245757200,1,1,1,200,1,0,0,0,0,1,0,2,0,0,1,0
160281261297200,2,1,1,200,1,0,0,0,0,1,0,1,0,0,1,0
160281261336900,1,1,1,200,1,0,0,0,0,1,0,2,0,0,1,0
160281276634000,2,1,1,200,1,0,0,0,0,1,0,1,0,0,1,0
160281276679600,1,1,1,200,1,0,0,0,0,1,0,2,0,0,1,0
160281292621200,2,1,1,200,1,0,0,0,0,1,0,1,0,0,1,0
160281292724600,1,1,1,200,1,0,0,0,0,1,0,2,0,0,1,0
160281308148000,2,1,1,200,1,0,0,0,0,1,0,1,0,0,1,0
160281308190900,1,1,1,200,1,0,0,0,0,1,0,2,0,0,1,0
160281323504400,2,1,1,200,1,0,0,0,0,1,0,1,0,0,1,0
160281323577600,1,1,1,200,1,0,0,0,0,1,0,2,0,0,1,0
160281338783600,2,1,1,200,1,0,0,0,0,1,0,1,0,0,1,0
160281338814600,1,1,1,200,1,0,0,0,0,1,0,2,0,0,1,0
160281354258200,2,1,1,200,1,0,0,0,0,1,0,1,0,0,1,0
160281354295000,1,1,1,200,1,0,0,0,0,1,0,2,0,0,1,0
160281369502300,2,1,1,200,1,0,0,0,0,1,0,1,0,0,1,0
160281369538400,1,1,1,200,1,0,0,0,0,1,0,2,0,0,1,0
160281384978100,2,1,1,200,1,0,0,0,0,1,0,1,0,0,1,0
160281385098800,1,1,1,200,1,0,0,0,0,1,0,2,0,0,1,0
160281400555400,2,1,1,200,1,0,0,0,0,1,0,1,0,0,1,0
160281400584400,1,1,1,200,1,0,0,0,0,1,0,2,0,0,1,0
160281416597300,2,1,1,200,1,0,0,0,0,1,0,1,0,0,1,0
160281416626300,1,1,1,200,1,0,0,0,0,1,0,2,0,0,1,0
160281432588100,2,1,1,200,1,0,0,0,0,1,0,1,0,0,1,0
160281432618800,1,1,1,200,1,0,0,0,0,1,0,2,0,0,1,0
160281448298400,2,1,1,200,1,0,0,0,0,1,0,1,0,0,1,0
160281448339600,1,1,1,200,1,0,0,0,0,1,0,2,0,0,1,0
160281463779400,2,1,1,200,1,0,0,0,0,1,0,1,0,0,1,0
160281463810100,1,1,1,200,1,0,0,0,0,1,0,2,0,0,1,0
160281479346500,2,1,1,200,1,0,0,0,0,1,0,1,0,0,1,0
160281479436100,1,1,1,200,1,0,0,0,0,1,0,2,0,0,1,0
160281494902900,2,1,1,200,1,0,0,0,0,1,0,1,0,0,1,0
160281494958300,1,1,1,200,1,0,0,0,0,1,0,2,0,0,1,0
160281510281800,2,1,1,200,1,0,0,0,0,1,0,1,0,0,1,0
160281510338300,1,1,1,200,1,0,0,0,0,1,0,2,0,0,1,0
160281525606600,2,1,1,200,1,0,0,0,0,1,0,1,0,0,1,0
160281525646200,1,1,1,200,1,0,0,0,0,1,0,2,0,0,1,0
160281541028200,2,1,1,200,1,0,0,0,0,1,0,1,0,0,1,0
160281541060800,1,1,1,200,1,0,0,0,0,1,0,2,0,0,1,0
160281556238400,2,1,1,200,1,0,0,0,0,1,0,1,0,0,1,0
160281556269500,1,1,1,200,1,0,0,0,0,1,0,2,0,0,1,0
160281571712700,2,1,1,200,1,0,0,0,0,1,0,1,0,0,1,0
160281571742400,1,1,1,200,1,0,0,0,0,1,0,2,0,0,1,0
160281587403100,2,1,1,200,1,0,0,0,0,1,0,1,0,0,1,0
160281587461400,1,1,1,200,1,0,0,0,0,1,0,2,0,0,1,0
160281602961000,2,1,1,200,1,0,0,0,0,1,0,1,0,0,1,0
160281603019500,1,1,1,200,1,0,0,0,0,1,0,2,0,0,1,0
160281618141300,2,1,1,200,1,0,0,0,0,1,0,1,0,0,1,0
160281618203200,1,1,1,200,1,0,0,0,0,1,0,2,0,0,1,0
160281633730500,2,1,1,200,1,0,0,0,0,1,0,1,0,0,1,0
160281633758900,1,1,1,200,1,0,0,0,0,1,0,2,0,0,1,0
160281649384900,2,1,1,200,1,0,0,0,0,1,0,1,0,0,1,0
160281649423300,1,1,1,200,1,0,0,0,0,1,0,2,0,0,1,0
160281664493500,2,1,1,200,1,0,0,0,0,1,0,1,0,0,1,0
160281664538200,1,1,1,200,1,0,0,0,0,1,0,2,0,0,1,0
160281680020600,2,1,1,200,1,0,0,0,0,1,0,1,0,0,1,0
160281680051000,1,1,1,200,1,0,0,0,0,1,0,2,0,0,1,0
160281695979500,2,1,1,200,1,0,0,0,0,1,0,1,0,0,1,0
160281696130500,1,1,1,200,1,0,0,0,0,1,0,2,0,0,1,0
160281711245300,2,1,1,200,1,0,0,0,0,1,0,1,0,0,1,0
160281711286500,1,1,1,200,1,0,0,0,0,1,0,2,0,0,1,0
160281726808000,2,1,1,200,1,0,0,0,0,1,0,1,0,0,1,0
160281726880200,1,1,1,200,1,0,0,0,0,1,0,2,0,0,1,0
160281742670400,2,1,1,200,1,0,0,0,0,1,0,1,0,0,1,0
160281742779500,1,1,1,200,1,0,0,0,0,1,0,2,0,0,1,0
160281758131400,2,1,1,200,1,0,0,0,0,1,0,1,0,0,1,0
160281758232800,1,1,1,200,1,0,0,0,0,1,0,2,0,0,1,0
160281773688600,2,1,1,200,1,0,0,0,0,1,0,1,0,0,1,0
160281773727100,1,1,1,200,1,0,0,0,0,1,0,2,0,0,1,0
160281789044100,2,1,1,200,1,0,0,0,0,1,0,1,0,0,1,0
160281789083300,1,1,1,200,1,0,0,0,0,1,0,2,0,0,1,0
160281804273700,2,1,1,200,1,0,0,0,0,1,0,1,0,0,1,0
160281804313900,1,1,1,200,1,0,0,0,0,1,0,2,0,0,1,0
160281819886000,2,1,1,200,1,0,0,0,0,1,0,1,0,0,1,0
160281819929100,1,1,1,200,1,0,0,0,0,1,0,2,0,0,1,0
160281835254100,2,1,1,200,1,0,0,0,0,1,0,1,0,0,1,0
160281835377700,1,1,1,200,1,0,0,0,0,1,0,2,0,0,1,0
160281850975900,2,1,1,200,1,0,0,0,0,1,0,1,0,0,1,0
160281851017200,1,1,1,200,1,0,0,0,0,1,0,2,0,0,1,0
160281866172900,2,1,1,200,1,0,0,0,0,1,0,1,0,0,1,0
160281866273200,1,1,1,200,1,0,0,0,0,1,0,2,0,0,1,0
160281881815800,2,1,1,200,1,0,0,0,0,1,0,1,0,0,1,0
160281881856300,1,1,1,200,1,0,0,0,0,1,0,2,0,0,1,0
160281897320600,2,1,1,200,1,0,0,0,0,1,0,1,0,0,1,0
160281897425000,1,1,1,200,1,0,0,0,0,1,0,2,0,0,1,0
160281912914800,2,1,1,200,1,0,0,0,0,1,0,1,0,0,1,0
160281912958900,1,1,1,200,1,0,0,0,0,1,0,2,0,0,1,0
160281928046100,2,1,1,200,1,0,0,0,0,1,0,1,0,0,1,0
160281928087900,1,1,1,200,1,0,0,0,0,1,0,2,0,0,1,0
160281943093700,2,1,1,200,1,0,0,0,0,1,0,1,0,0,1,0
160281943197800,1,1,1,200,1,0,0,0,0,1,0,2,0,0,1,0
160281958335800,2,1,1,200,1,0,0,0,0,1,0,1,0,0,1,0
160281958366200,1,1,1,200,1,0,0,0,0,1,0,2,0,0,1,0
160281973917800,2,1,1,200,1,0,0,0,0,1,0,1,0,0,1,0
160281973945600,1,1,1,200,1,0,0,0,0,1,0,2,0,0,1,0
160281989365100,2,1,1,200,1,0,0,0,0,1,0,1,0,0,1,0
160281989444000,1,1,1,200,1,0,0,0,0,1,0,2,0,0,1,0
160282004974500,2,1,1,200,1,0,0,0,0,1,0,1,0,0,1,0
160282005016500,1,1,1,200,1,0,0,0,0,1,0,2,0,0,1,0
160282020501200,2,1,1,200,1,0,0,0,0,1,0,1,0,0,1,0
160282020543300,1,1,1,200,1,0,0,0,0,1,0,2,0,0,1,0
160282036510500,2,1,1,200,1,0,0,0,0,1,0,1,0,0,1,0
160282036599800,1,1,1,200,1,0,0,0,0,1,0,2,0,0,1,0
160282051898100,2,1,1,200,1,0,0,0,0,1,0,1,0,0,1,0
160282051937400,1,1,1,200,1,0,0,0,0,1,0,2,0,0,1,0
160282067465000,2,1,1,200,1,0,0,0,0,1,0,1,0,0,1,0
160282067503900,1,1,1,200,1,0,0,0,0,1,0,2,0,0,1,0
160282082976300,2,1,1,200,1,0,0,0,0,1,0,1,0,0,1,0
160282083006600,1,1,1,200,1,0,0,0,0,1,0,2,0,0,1,0
160282098516000,2,1,1,200,1,0,0,0,0,1,0,1,0,0,1,0
160282098552700,1,1,1,200,1,0,0,0,0,1,0,2,0,0,1,0
160282114117100,2,1,1,200,1,0,0,0,0,1,0,1,0,0,1,0
160282114159500,1,1,1,200,1,0,0,0,0,1,0,2,0,0,1,0
160282129579800,2,1,1,200,1,0,0,0,0,1,0,1,0,0,1,0
160282129638900,1,1,1,200,1,0,0,0,0,1,0,2,0,0,1,0
160282145091800,2,1,1,200,1,0,0,0,0,1,0,1,0,0,1,0
160282145122100,1,1,1,200,1,0,0,0,0,1,0,2,0,0,1,0
160282160672100,2,1,1,200,1,0,0,0,0,1,0,1,0,0,1,0
160282160713500,1,1,1,200,1,0,0,0,0,1,0,2,0,0,1,0
160282176269800,2,1,1,200,1,0,0,0,0,1,0,1,0,0,1,0
160282176310000,1,1,1,200,1,0,0,0,0,1,0,2,0,0,1,0
160282191712500,2,1,1,200,1,0,0,0,0,1,0,1,0,0,1,0
160282191773800,1,1,1,200,1,0,0,0,0,1,0,2,0,0,1,0
160282207208700,2,1,1,200,1,0,0,0,0,1,0,1,0,0,1,0
160282207312700,1,1,1,200,1,0,0,0,0,1,0,2,0,0,1,0
160282222545000,2,1,1,200,1,0,0,0,0,1,0,1,0,0,1,0
160282222582600,1,1,1,200,1,0,0,0,0,1,0,2,0,0,1,0
160282238059800,2,1,1,200,1,0,0,0,0,1,0,1,0,0,1,0
160282238118100,1,1,1,200,1,0,0,0,0,1,0,2,0,0,1,0
160282253463600,2,1,1,200,1,0,0,0,0,1,0,1,0,0,1,0
160282253507100,1,1,1,200,1,0,0,0,0,1,0,2,0,0,1,0
160282268906800,2,1,1,200,1,0,0,0,0,1,0,1,0,0,1,0
160282268955000,1,1,1,200,1,0,0,0,0,1,0,2,0,0,1,0
160282284485900,2,1,1,200,1,0,0,0,0,1,0,1,0,0,1,0
160282284528500,1,1,1,200,1,0,0,0,0,1,0,2,0,0,1,0
160282299965600,2,1,1,200,1,0,0,0,0,1,0,1,0,0,1,0
160282300084800,1,1,1,200,1,0,0,0,0,1,0,2,0,0,1,0
160282315425000,2,1,1,200,1,0,0,0,0,1,0,1,0,0,1,0
160282315452900,1,1,1,200,1,0,0,0,0,1,0,2,0,0,1,0
160282331137400,2,1,1,200,1,0,0,0,0,1,0,1,0,0,1,0
160282331176600,1,1,1,200,1,0,0,0,0,1,0,2,0,0,1,0
160282346624100,2,1,1,200,1,0,0,0,0,1,0,1,0,0,1,0
160282346650700,1,1,1,200,1,0,0,0,0,1,0,2,0,0,1,0
160282362516800,2,1,1,200,1,0,0,0,0,1,0,1,0,0,1,0
160282362560200,1,1,1,200,1,0,0,0,0,1,0,2,0,0,1,0
160282377957900,2,1,1,200,1,0,0,0,0,1,0,1,0,0,1,0
160282378003900,1,1,1,200,1,0,0,0,0,1,0,2,0,0,1,0
160282393665100,2,1,1,200,1,0,0,0,0,1,0,1,0,0,1,0
160282393713300,1,1,1,200,1,0,0,0,0,1,0,2,0,0,1,0
160282409109600,2,1,1,200,1,0,0,0,0,1,0,1,0,0,1,0
160282409149700,1,1,1,200,1,0,0,0,0,1,0,2,0,0,1,0
160282424318600,2,1,1,200,1,0,0,0,0,1,0,1,0,0,1,0
160282424373900,1,1,1,200,1,0,0,0,0,1,0,2,0,0,1,0
160282439830200,2,1,1,200,1,0,0,0,0,1,0,1,0,0,1,0
160282439872000,1,1,1,200,1,0,0,0,0,1,0,2,0,0,1,0
160282455383900,2,1,1,200,1,0,0,0,0,1,0,1,0,0,1,0
160282455421500,1,1,1,200,1,0,0,0,0,1,0,2,0,0,1,0
160282470912400,2,1,1,200,1,0,0,0,0,1,0,1,0,0,1,0
160282470996900,1,1,1,200,1,0,0,0,0,1,0,2,0,0,1,0
160282486637900,2,1,1,200,1,0,0,0,0,1,0,1,0,0,1,0
160282486731100,1,1,1,200,1,0,0,0,0,1,0,2,0,0,1,0
160282502562900,2,1,1,200,1,0,0,0,0,1,0,1,0,0,1,0
160282502596000,1,1,1,200,1,0,0,0,0,1,0,2,0,0,1,0
160282518306700,2,1,1,200,1,0,0,0,0,1,0,1,0,0,1,0
160282518345700,1,1,1,200,1,0,0,0,0,1,0,2,0,0,1,0
160282533693000,2,1,1,200,1,0,0,0,0,1,0,1,0,0,1,0
160282533749700,1,1,1,200,1,0,0,0,0,1,0,2,0,0,1,0
160282549226100,2,1,1,200,1,0,0,0,0,1,0,1,0,0,1,0
160282549255500,1,1,1,200,1,0,0,0,0,1,0,2,0,0,1,0
160282564761900,2,1,1,200,1,0,0,0,0,1,0,1,0,0,1,0
160282564792100,1,1,1,200,1,0,0,0,0,1,0,2,0,0,1,0
160282580451400,2,1,1,200,1,0,0,0,0,1,0,1,0,0,1,0
160282580518600,1,1,1,200,1,0,0,0,0,1,0,2,0,0,1,0
160282595969100,2,1,1,200,1,0,0,0,0,1,0,1,0,0,1,0
160282596014900,1,1,1,200,1,0,0,0,0,1,0,2,0,0,1,0
160282611206900,2,1,1,200,1,0,0,0,0,1,0,1,0,0,1,0
160282611251300,1,1,1,200,1,0,0,0,0,1,0,2,0,0,1,0
160282626712700,2,1,1,200,1,0,0,0,0,1,0,1,0,0,1,0
160282626832800,1,1,1,200,1,0,0,0,0,1,0,2,0,0,1,0
160282642512200,2,1,1,200,1,0,0,0,0,1,0,1,0,0,1,0
160282642551800,1,1,1,200,1,0,0,0,0,1,0,2,0,0,1,0
160282658063600,2,1,1,200,1,0,0,0,0,1,0,1,0,0,1,0
160282658097800,1,1,1,200,1,0,0,0,0,1,0,2,0,0,1,0
160282673508800,2,1,1,200,1,0,0,0,0,1,0,1,0,0,1,0
160282673582900,1,1,1,200,1,0,0,0,0,1,0,2,0,0,1,0
160282689005300,2,1,1,200,1,0,0,0,0,1,0,1,0,0,1,0
160282689038800,1,1,1,200,1,0,0,0,0,1,0,2,0,0,1,0
160282704612200,2,1,1,200,1,0,0,0,0,1,0,1,0,0,1,0
160282704690400,1,1,1,200,1,0,0,0,0,1,0,2,0,0,1,0
160282720142700,2,1,1,200,1,0,0,0,0,1,0,1,0,0,1,0
160282720221200,1,1,1,200,1,0,0,0,0,1,0,2,0,0,1,0
160282736195200,2,1,1,200,1,0,0,0,0,1,0,1,0,0,1,0
160282736226400,1,1,1,200,1,0,0,0,0,1,0,2,0,0,1,0
160282751832300,2,1,1,200,1,0,0,0,0,1,0,1,0,0,1,0
160282751872300,1,1,1,200,1,0,0,0,0,1,0,2,0,0,1,0
160282767341200,2,1,1,200,1,0,0,0,0,1,0,1,0,0,1,0
160282767369500,1,1,1,200,1,0,0,0,0,1,0,2,0,0,1,0
160282782993100,2,1,1,200,1,0,0,0,0,1,0,1,0,0,1,0
160282783032000,1,1,1,200,1,0,0,0,0,1,0,2,0,0,1,0
160282798404900,2,1,1,200,1,0,0,0,0,1,0,1,0,0,1,0
160282798434200,1,1,1,200,1,0,0,0,0,1,0,2,0,0,1,0
160282813942500,2,1,1,200,1,0,0,0,0,1,0,1,0,0,1,0
160282813988100,1,1,1,200,1,0,0,0,0,1,0,2,0,0,1,0
160282829625900,2,1,1,200,1,0,0,0,0,1,0,1,0,0,1,0
160282829664600,1,1,1,200,1,0,0,0,0,1,0,2,0,0,1,0
160282845087200,2,1,1,200,1,0,0,0,0,1,0,1,0,0,1,0
160282845124400,1,1,1,200,1,0,0,0,0,1,0,2,0,0,1,0
160282860350900,2,1,1,200,1,0,0,0,0,1,0,1,0,0,1,0
160282860398000,1,1,1,200,1,0,0,0,0,1,0,2,0,0,1,0
160282876513200,2,1,1,200,1,0,0,0,0,1,0,1,0,0,1,0
160282876555900,1,1,1,200,1,0,0,0,0,1,0,2,0,0,1,0
160282891554700,2,1,1,200,1,0,0,0,0,1,0,1,0,0,1,0
160282891585100,1,1,1,200,1,0,0,0,0,1,0,2,0,0,1,0
160282907167500,2,1,1,200,1,0,0,0,0,1,0,1,0,0,1,0
160282907222900,1,1,1,200,1,0,0,0,0,1,0,2,0,0,1,0
160282922699100,2,1,1,200,1,0,0,0,0,1,0,1,0,0,1,0
160282922754100,1,1,1,200,1,0,0,0,0,1,0,2,0,0,1,0
160282937871200,2,1,1,200,1,0,0,0,0,1,0,1,0,0,1,0
160282937972100,1,1,1,200,1,0,0,0,0,1,0,2,0,0,1,0
160282953487000,2,1,1,200,1,0,0,0,0,1,0,1,0,0,1,0
160282953519200,1,1,1,200,1,0,0,0,0,1,0,2,0,0,1,0
160282968964600,2,1,1,200,1,0,0,0,0,1,0,1,0,0,1,0
160282969025600,1,1,1,200,1,0,0,0,0,1,0,2,0,0,1,0
160282984321300,2,1,1,200,1,0,0,0,0,1,0,1,0,0,1,0
160282984352500,1,1,1,200,1,0,0,0,0,1,0,2,0,0,1,0
160282999776400,2,1,1,200,1,0,0,0,0,1,0,1,0,0,1,0
160282999806100,1,1,1,200,1,0,0,0,0,1,0,2,0,0,1,0
160283015375100,2,1,1,200,1,0,0,0,0,1,0,1,0,0,1,0
160283015419800,1,1,1,200,1,0,0,0,0,1,0,2,0,0,1,0
160283030858600,2,1,1,200,1,0,0,0,0,1,0,1,0,0,1,0
160283030887600,1,1,1,200,1,0,0,0,0,1,0,2,0,0,1,0
160283046502600,2,1,1,200,1,0,0,0,0,1,0,1,0,0,1,0
160283046564500,1,1,1,200,1,0,0,0,0,1,0,2,0,0,1,0
160283061704400,2,1,1,200,1,0,0,0,0,1,0,1,0,0,1,0
160283061744500,1,1,1,200,1,0,0,0,0,1,0,2,0,0,1,0
160283076784100,2,1,1,200,1,0,0,0,0,1,0,1,0,0,1,0
160283076830700,1,1,1,200,1,0,0,0,0,1,0,2,0,0,1,0
160283092670500,2,1,1,200,1,0,0,0,0,1,0,1,0,0,1,0
160283092763800,1,1,1,200,1,0,0,0,0,1,0,2,0,0,1,0
160283107940000,2,1,1,200,1,0,0,0,0,1,0,1,0,0,1,0
160283107983000,1,1,1,200,1,0,0,0,0,1,0,2,0,0,1,0
160283123494000,2,1,1,200,1,0,0,0,0,1,0,1,0,0,1,0
160283123556400,1,1,1,200,1,0,0,0,0,1,0,2,0,0,1,0
160283138970900,2,1,1,200,1,0,0,0,0,1,0,1,0,0,1,0
160283139008000,1,1,1,200,1,0,0,0,0,1,0,2,0,0,1,0
160283154443000,2,1,1,200,1,0,0,0,0,1,0,1,0,0,1,0
160283154474400,1,1,1,200,1,0,0,0,0,1,0,2,0,0,1,0
160283169891800,2,1,1,200,1,0,0,0,0,1,0,1,0,0,1,0
160283169932200,1,1,1,200,1,0,0,0,0,1,0,2,0,0,1,0
160283185315500,2,1,1,200,1,0,0,0,0,1,0,1,0,0,1,0
160283185401100,1,1,1,200,1,0,0,0,0,1,0,2,0,0,1,0
160283200802900,2,1,1,200,1,0,0,0,0,1,0,1,0,0,1,0
160283200836200,1,1,1,200,1,0,0,0,0,1,0,2,0,0,1,0
160283216648500,2,1,1,200,1,0,0,0,0,1,0,1,0,0,1,0
160283216749400,1,1,1,200,1,0,0,0,0,1,0,2,0,0,1,0
160283231828700,2,1,1,200,1,0,0,0,0,1,0,1,0,0,1,0
160283232006600,1,1,1,200,1,0,0,0,0,1,0,2,0,0,1,0
160283247515800,2,1,1,200,1,0,0,0,0,1,0,1,0,0,1,0
160283247598500,1,1,1,200,1,0,0,0,0,1,0,2,0,0,1,0
160283262953800,2,1,1,200,1,0,0,0,0,1,0,1,0,0,1,0
160283263117900,1,1,1,200,1,0,0,0,0,1,0,2,0,0,1,0
160283279179700,2,1,1,200,1,0,0,0,0,1,0,1,0,0,1,0
160283279234600,1,1,1,200,1,0,0,0,0,1,0,2,0,0,1,0
160283294155600,2,1,1,200,1,0,0,0,0,1,0,1,0,0,1,0
160283294209800,1,1,1,200,1,0,0,0,0,1,0,2,0,0,1,0
160283309263300,2,1,1,200,1,0,0,0,0,1,0,1,0,0,1,0
160283309307400,1,1,1,200,1,0,0,0,0,1,0,2,0,0,1,0
160283324660400,2,1,1,200,1,0,0,0,0,1,0,1,0,0,1,0
160283324710700,1,1,1,200,1,0,0,0,0,1,0,2,0,0,1,0
160283340669200,2,1,1,200,1,0,0,0,0,1,0,1,0,0,1,0
160283340732800,1,1,1,200,1,0,0,0,0,1,0,2,0,0,1,0
160283356624200,2,1,1,200,1,0,0,0,0,1,0,1,0,0,1,0
160283356668100,1,1,1,200,1,0,0,0,0,1,0,2,0,0,1,0
160283371860000,2,1,1,200,1,0,0,0,0,1,0,1,0,0,1,0
160283371900600,1,1,1,200,1,0,0,0,0,1,0,2,0,0,1,0
160283386917000,2,1,1,200,1,0,0,0,0,1,0,1,0,0,1,0
160283387119600,1,1,1,200,1,0,0,0,0,1,0,2,0,0,1,0
160283402694500,2,1,1,200,1,0,0,0,0,1,0,1,0,0,1,0
160283402727600,1,1,1,200,1,0,0,0,0,1,0,2,0,0,1,0
160283417642400,2,1,1,200,1,0,0,0,0,1,0,1,0,0,1,0
160283417774200,1,1,1,200,1,0,0,0,0,1,0,2,0,0,1,0
160283433400700,2,1,1,200,1,0,0,0,0,1,0,1,0,0,1,0
160283433452600,1,1,1,200,1,0,0,0,0,1,0,2,0,0,1,0
160283448885900,2,1,1,200,1,0,0,0,0,1,0,1,0,0,1,0
160283448927500,1,1,1,200,1,0,0,0,0,1,0,2,0,0,1,0
160283464382100,2,1,1,200,1,0,0,0,0,1,0,1,0,0,1,0
160283464411000,1,1,1,200,1,0,0,0,0,1,0,2,0,0,1,0
160283479729500,2,1,1,200,1,0,0,0,0,1,0,1,0,0,1,0
160283479762300,1,1,1,200,1,0,0,0,0,1,0,2,0,0,1,0
160283495349800,2,1,1,200,1,0,0,0,0,1,0,1,0,0,1,0
160283495392800,1,1,1,200,1,0,0,0,0,1,0,2,0,0,1,0
160283511017800,2,1,1,200,1,0,0,0,0,1,0,1,0,0,1,0
160283511061800,1,1,1,200,1,0,0,0,0,1,0,2,0,0,1,0
160283526378800,2,1,1,200,1,0,0,0,0,1,0,1,0,0,1,0
160283526427400,1,1,1,200,1,0,0,0,0,1,0,2,0,0,1,0
160283541768900,2,1,1,200,1,0,0,0,0,1,0,1,0,0,1,0
160283541812600,1,1,1,200,1,0,0,0,0,1,0,2,0,0,1,0
160283557369600,2,1,1,200,1,0,0,0,0,1,0,1,0,0,1,0
160283557411800,1,1,1,200,1,0,0,0,0,1,0,2,0,0,1,0
160283572776900,2,1,1,200,1,0,0,0,0,1,0,1,0,0,1,0
160283572811900,1,1,1,200,1,0,0,0,0,1,0,2,0,0,1,0
160283588392300,2,1,1,200,1,0,0,0,0,1,0,1,0,0,1,0
160283588432700,1,1,1,200,1,0,0,0,0,1,0,2,0,0,1,0
160283603699400,2,1,1,200,1,0,0,0,0,1,0,1,0,0,1,0
160283603744200,1,1,1,200,1,0,0,0,0,1,0,2,0,0,1,0
160283619149000,2,1,1,200,1,0,0,0,0,1,0,1,0,0,1,0
160283619213700,1,1,1,200,1,0,0,0,0,1,0,2,0,0,1,0
160283634484000,2,1,1,200,1,0,0,0,0,1,0,1,0,0,1,0
160283634522100,1,1,1,200,1,0,0,0,0,1,0,2,0,0,1,0
160283650167200,2,1,1,200,1,0,0,0,0,1,0,1,0,0,1,0
160283650210000,1,1,1,200,1,0,0,0,0,1,0,2,0,0,1,0
160283665617500,2,1,1,200,1,0,0,0,0,1,0,1,0,0,1,0
160283665716000,1,1,1,200,1,0,0,0,0,1,0,2,0,0,1,0
160283681293700,2,1,1,200,1,0,0,0,0,1,0,1,0,0,1,0
160283681338200,1,1,1,200,1,0,0,0,0,1,0,2,0,0,1,0
160283696856000,2,1,1,200,1,0,0,0,0,1,0,1,0,0,1,0
160283696898100,1,1,1,200,1,0,0,0,0,1,0,2,0,0,1,0
160283712921100,2,1,1,200,1,0,0,0,0,1,0,1,0,0,1,0
160283712964000,1,1,1,200,1,0,0,0,0,1,0,2,0,0,1,0
160283728098700,2,1,1,200,1,0,0,0,0,1,0,1,0,0,1,0
160283728140000,1,1,1,200,1,0,0,0,0,1,0,2,0,0,1,0
160283743698100,2,1,1,200,1,0,0,0,0,1,0,1,0,0,1,0
160283743745300,1,1,1,200,1,0,0,0,0,1,0,2,0,0,1,0
160283759099000,2,1,1,200,1,0,0,0,0,1,0,1,0,0,1,0
160283759152500,1,1,1,200,1,0,0,0,0,1,0,2,0,0,1,0
160283775305900,2,1,1,200,1,0,0,0,0,1,0,1,0,0,1,0
160283775351900,1,1,1,200,1,0,0,0,0,1,0,2,0,0,1,0
160283790862700,2,1,1,200,1,0,0,0,0,1,0,1,0,0,1,0
160283790898400,1,1,1,200,1,0,0,0,0,1,0,2,0,0,1,0
160283806342200,2,1,1,200,1,0,0,0,0,1,0,1,0,0,1,0
160283806386400,1,1,1,200,1,0,0,0,0,1,0,2,0,0,1,0
160283822328100,2,1,1,200,1,0,0,0,0,1,0,1,0,0,1,0
160283822416400,1,1,1,200,1,0,0,0,0,1,0,2,0,0,1,0
160283837997700,2,1,1,200,1,0,0,0,0,1,0,1,0,0,1,0
160283838039600,1,1,1,200,1,0,0,0,0,1,0,2,0,0,1,0
160283854032200,2,1,1,200,1,0,0,0,0,1,0,1,0,0,1,0
160283854065200,1,1,1,200,1,0,0,0,0,1,0,2,0,0,1,0
160283869580500,2,1,1,200,1,0,0,0,0,1,0,1,0,0,1,0
160283869628700,1,1,1,200,1,0,0,0,0,1,0,2,0,0,1,0
160283884950100,2,1,1,200,1,0,0,0,0,1,0,1,0,0,1,0
160283884996500,1,1,1,200,1,0,0,0,0,1,0,2,0,0,1,0
160283900363900,2,1,1,200,1,0,0,0,0,1,0,1,0,0,1,0
160283900394900,1,1,1,200,1,0,0,0,0,1,0,2,0,0,1,0
160283916444800,2,1,1,200,1,0,0,0,0,1,0,1,0,0,1,0
160283916493400,1,1,1,200,1,0,0,0,0,1,0,2,0,0,1,0
160283932584700,2,1,1,200,1,0,0,0,0,1,0,1,0,0,1,0
160283932623400,1,1,1,200,1,0,0,0,0,1,0,2,0,0,1,0
160283948121300,2,1,1,200,1,0,0,0,0,1,0,1,0,0,1,0
160283948166600,1,1,1,200,1,0,0,0,0,1,0,2,0,0,1,0
160283963747400,2,1,1,200,1,0,0,0,0,1,0,1,0,0,1,0
160283963790500,1,1,1,200,1,0,0,0,0,1,0,2,0,0,1,0
160283979250200,2,1,1,200,1,0,0,0,0,1,0,1,0,0,1,0
160283979299600,1,1,1,200,1,0,0,0,0,1,0,2,0,0,1,0
160283994351200,2,1,1,200,1,0,0,0,0,1,0,1,0,0,1,0
160283994471400,1,1,1,200,1,0,0,0,0,1,0,2,0,0,1,0
160284009869400,2,1,1,200,1,0,0,0,0,1,0,1,0,0,1,0
160284009916300,1,1,1,200,1,0,0,0,0,1,0,2,0,0,1,0
160284025806300,2,1,1,200,1,0,0,0,0,1,0,1,0,0,1,0
160284025850400,1,1,1,200,1,0,0,0,0,1,0,2,0,0,1,0
160284041418100,2,1,1,200,1,0,0,0,0,1,0,1,0,0,1,0
160284041461700,1,1,1,200,1,0,0,0,0,1,0,2,0,0,1,0
160284056848200,2,1,1,200,1,0,0,0,0,1,0,1,0,0,1,0
160284056881300,1,1,1,200,1,0,0,0,0,1,0,2,0,0,1,0
160284072925700,2,1,1,200,1,0,0,0,0,1,0,1,0,0,1,0
160284072965600,1,1,1,200,1,0,0,0,0,1,0,2,0,0,1,0
160284088513100,2,1,1,200,1,0,0,0,0,1,0,1,0,0,1,0
160284088557900,1,1,1,200,1,0,0,0,0,1,0,2,0,0,1,0
160284103918200,2,1,1,200,1,0,0,0,0,1,0,1,0,0,1,0
160284103961800,1,1,1,200,1,0,0,0,0,1,0,2,0,0,1,0
160284119754500,2,1,1,200,1,0,0,0,0,1,0,1,0,0,1,0
160284119799900,1,1,1,200,1,0,0,0,0,1,0,2,0,0,1,0
160284135429200,2,1,1,200,1,0,0,0,0,1,0,1,0,0,1,0
160284135474900,1,1,1,200,1,0,0,0,0,1,0,2,0,0,1,0
160284150921100,2,1,1,200,1,0,0,0,0,1,0,1,0,0,1,0
160284150963600,1,1,1,200,1,0,0,0,0,1,0,2,0,0,1,0
160284166429100,2,1,1,200,1,0,0,0,0,1,0,1,0,0,1,0
160284166517800,1,1,1,200,1,0,0,0,0,1,0,2,0,0,1,0
160284181595300,2,1,1,200,1,0,0,0,0,1,0,1,0,0,1,0
160284181626500,1,1,1,200,1,0,0,0,0,1,0,2,0,0,1,0
160284197213400,2,1,1,200,1,0,0,0,0,1,0,1,0,0,1,0
160284197253500,1,1,1,200,1,0,0,0,0,1,0,2,0,0,1,0
160284212832900,2,1,1,200,1,0,0,0,0,1,0,1,0,0,1,0
160284212876400,1,1,1,200,1,0,0,0,0,1,0,2,0,0,1,0
160284228284400,2,1,1,200,1,0,0,0,0,1,0,1,0,0,1,0
160284228315200,1,1,1,200,1,0,0,0,0,1,0,2,0,0,1,0
160284243858100,2,1,1,200,1,0,0,0,0,1,0,1,0,0,1,0
160284243904000,1,1,1,200,1,0,0,0,0,1,0,2,0,0,1,0
160284259456000,2,1,1,200,1,0,0,0,0,1,0,1,0,0,1,0
160284259501300,1,1,1,200,1,0,0,0,0,1,0,2,0,0,1,0
160284274979300,2,1,1,200,1,0,0,0,0,1,0,1,0,0,1,0
160284275096600,1,1,1,200,1,0,0,0,0,1,0,2,0,0,1,0
160284290481200,2,1,1,200,1,0,0,0,0,1,0,1,0,0,1,0
160284290521400,1,1,1,200,1,0,0,0,0,1,0,2,0,0,1,0
160284306607000,2,1,1,200,1,0,0,0,0,1,0,1,0,0,1,0
160284306673600,1,1,1,200,1,0,0,0,0,1,0,2,0,0,1,0
160284322622300,2,1,1,200,1,0,0,0,0,1,0,1,0,0,1,0
160284322738300,1,1,1,200,1,0,0,0,0,1,0,2,0,0,1,0
160284338214100,2,1,1,200,1,0,0,0,0,1,0,1,0,0,1,0
160284338254700,1,1,1,200,1,0,0,0,0,1,0,2,0,0,1,0
160284353723800,2,1,1,200,1,0,0,0,0,1,0,1,0,0,1,0
160284353765200,1,1,1,200,1,0,0,0,0,1,0,2,0,0,1,0
160284369299400,2,1,1,200,1,0,0,0,0,1,0,1,0,0,1,0
160284369341100,1,1,1,200,1,0,0,0,0,1,0,2,0,0,1,0
160284384784000,2,1,1,200,1,0,0,0,0,1,0,1,0,0,1,0
160284384824200,1,1,1,200,1,0,0,0,0,1,0,2,0,0,1,0
160284400226100,2,1,1,200,1,0,0,0,0,1,0,1,0,0,1,0
160284400256300,1,1,1,200,1,0,0,0,0,1,0,2,0,0,1,0
160284416371200,2,1,1,200,1,0,0,0,0,1,0,1,0,0,1,0
160284416412800,1,1,1,200,1,0,0,0,0,1,0,2,0,0,1,0
160284431848700,2,1,1,200,1,0,0,0,0,1,0,1,0,0,1,0
160284431933900,1,1,1,200,1,0,0,0,0,1,0,2,0,0,1,0
160284447385900,2,1,1,200,1,0,0,0,0,1,0,1,0,0,1,0
160284447447200,1,1,1,200,1,0,0,0,0,1,0,2,0,0,1,0
160284462963600,2,1,1,200,1,0,0,0,0,1,0,1,0,0,1,0
160284463034200,1,1,1,200,1,0,0,0,0,1,0,2,0,0,1,0
160284478515500,2,1,1,200,1,0,0,0,0,1,0,1,0,0,1,0
160284478557400,1,1,1,200,1,0,0,0,0,1,0,2,0,0,1,0
160284494149700,2,1,1,200,1,0,0,0,0,1,0,1,0,0,1,0
160284494193700,1,1,1,200,1,0,0,0,0,1,0,2,0,0,1,0
160284510089400,2,1,1,200,1,0,0,0,0,1,0,1,0,0,1,0
160284510144700,1,1,1,200,1,0,0,0,0,1,0,2,0,0,1,0
160284526075100,2,1,1,200,1,0,0,0,0,1,0,1,0,0,1,0
160284526148200,1,1,1,200,1,0,0,0,0,1,0,2,0,0,1,0
160284541265000,2,1,1,200,1,0,0,0,0,1,0,1,0,0,1,0
160284541357800,1,1,1,200,1,0,0,0,0,1,0,2,0,0,1,0
160284556847500,2,1,1,200,1,0,0,0,0,1,0,1,0,0,1,0
160284556957400,1,1,1,200,1,0,0,0,0,1,0,2,0,0,1,0
160284572549500,2,1,1,200,1,0,0,0,0,1,0,1,0,0,1,0
160284572591000,1,1,1,200,1,0,0,0,0,1,0,2,0,0,1,0
160284588039600,2,1,1,200,1,0,0,0,0,1,0,1,0,0,1,0
160284588078300,1,1,1,200,1,0,0,0,0,1,0,2,0,0,1,0
160284603711200,2,1,1,200,1,0,0,0,0,1,0,1,0,0,1,0
160284603742600,1,1,1,200,1,0,0,0,0,1,0,2,0,0,1,0
160284619095500,2,1,1,200,1,0,0,0,0,1,0,1,0,0,1,0
160284619128300,1,1,1,200,1,0,0,0,0,1,0,2,0,0,1,0
160284634524800,2,1,1,200,1,0,0,0,0,1,0,1,0,0,1,0
160284634562300,1,1,1,200,1,0,0,0,0,1,0,2,0,0,1,0
160284650050600,2,1,1,200,1,0,0,0,0,1,0,1,0,0,1,0
160284650090400,1,1,1,200,1,0,0,0,0,1,0,2,0,0,1,0
160284665316500,2,1,1,200,1,0,0,0,0,1,0,1,0,0,1,0
160284665354400,1,1,1,200,1,0,0,0,0,1,0,2,0,0,1,0
160284680825000,2,1,1,200,1,0,0,0,0,1,0,1,0,0,1,0
160284680884200,1,1,1,200,1,0,0,0,0,1,0,2,0,0,1,0
160284696678800,2,1,1,200,1,0,0,0,0,1,0,1,0,0,1,0
160284696719000,1,1,1,200,1,0,0,0,0,1,0,2,0,0,1,0
160284711868200,2,1,1,200,1,0,0,0,0,1,0,1,0,0,1,0
160284711910300,1,1,1,200,1,0,0,0,0,1,0,2,0,0,1,0
160284727337700,2,1,1,200,1,0,0,0,0,1,0,1,0,0,1,0
160284727390400,1,1,1,200,1,0,0,0,0,1,0,2,0,0,1,0
160284742964400,2,1,1,200,1,0,0,0,0,1,0,1,0,0,1,0
160284743020000,1,1,1,200,1,0,0,0,0,1,0,2,0,0,1,0
160284758071000,2,1,1,200,1,0,0,0,0,1,0,1,0,0,1,0
160284758113200,1,1,1,200,1,0,0,0,0,1,0,2,0,0,1,0
160284773103500,2,1,1,200,1,0,0,0,0,1,0,1,0,0,1,0
160284773132300,1,1,1,200,1,0,0,0,0,1,0,2,0,0,1,0
160284788357500,2,1,1,200,1,0,0,0,0,1,0,1,0,0,1,0
160284788462800,1,1,1,200,1,0,0,0,0,1,0,2,0,0,1,0
160284803908900,2,1,1,200,1,0,0,0,0,1,0,1,0,0,1,0
160284803967400,1,1,1,200,1,0,0,0,0,1,0,2,0,0,1,0
160284819968100,2,1,1,200,1,0,0,0,0,1,0,1,0,0,1,0
160284820011900,1,1,1,200,1,0,0,0,0,1,0,2,0,0,1,0
160284835464200,2,1,1,200,1,0,0,0,0,1,0,1,0,0,1,0
160284835495600,1,1,1,200,1,0,0,0,0,1,0,2,0,0,1,0
160284851034700,2,1,1,200,1,0,0,0,0,1,0,1,0,0,1,0
160284851113300,1,1,1,200,1,0,0,0,0,1,0,2,0,0,1,0
160284866639100,2,1,1,200,1,0,0,0,0,1,0,1,0,0,1,0
160284866707700,1,1,1,200,1,0,0,0,0,1,0,2,0,0,1,0
160284882631700,2,1,1,200,1,0,0,0,0,1,0,1,0,0,1,0
160284882659100,1,1,1,200,1,0,0,0,0,1,0,2,0,0,1,0
160284898247500,2,1,1,200,1,0,0,0,0,1,0,1,0,0,1,0
160284898299400,1,1,1,200,1,0,0,0,0,1,0,2,0,0,1,0
160284913775800,2,1,1,200,1,0,0,0,0,1,0,1,0,0,1,0
160284913810400,1,1,1,200,1,0,0,0,0,1,0,2,0,0,1,0
160284929300600,2,1,1,200,1,0,0,0,0,1,0,1,0,0,1,0
160284929341600,1,1,1,200,1,0,0,0,0,1,0,2,0,0,1,0
160284944851800,2,1,1,200,1,0,0,0,0,1,0,1,0,0,1,0
160284944896700,1,1,1,200,1,0,0,0,0,1,0,2,0,0,1,0
160284960257400,2,1,1,200,1,0,0,0,0,1,0,1,0,0,1,0
160284960312200,1,1,1,200,1,0,0,0,0,1,0,2,0,0,1,0
160284975727900,2,1,1,200,1,0,0,0,0,1,0,1,0,0,1,0
160284975782600,1,1,1,200,1,0,0,0,0,1,0,2,0,0,1,0
160284991266000,2,1,1,200,1,0,0,0,0,1,0,1,0,0,1,0
160284991327700,1,1,1,200,1,0,0,0,0,1,0,2,0,0,1,0
160285006366000,2,1,1,200,1,0,0,0,0,1,0,1,0,0,1,0
160285006407900,1,1,1,200,1,0,0,0,0,1,0,2,0,0,1,0
160285021887700,2,1,1,200,1,0,0,0,0,1,0,1,0,0,1,0
160285021971600,1,1,1,200,1,0,0,0,0,1,0,2,0,0,1,0
160285037511700,2,1,1,200,1,0,0,0,0,1,0,1,0,0,1,0
160285037550700,1,1,1,200,1,0,0,0,0,1,0,2,0,0,1,0
160285052984400,2,1,1,200,1,0,0,0,0,1,0,1,0,0,1,0
160285053087500,1,1,1,200,1,0,0,0,0,1,0,2,0,0,1,0
160285068192700,2,1,1,200,1,0,0,0,0,1,0,1,0,0,1,0
160285068225300,1,1,1,200,1,0,0,0,0,1,0,2,0,0,1,0
160285083578100,2,1,1,200,1,0,0,0,0,1,0,1,0,0,1,0
160285083695600,1,1,1,200,1,0,0,0,0,1,0,2,0,0,1,0
160285099087200,2,1,1,200,1,0,0,0,0,1,0,1,0,0,1,0
160285099164800,1,1,1,200,1,0,0,0,0,1,0,2,0,0,1,0
160285114768800,2,1,1,200,1,0,0,0,0,1,0,1,0,0,1,0
160285114809700,1,1,1,200,1,0,0,0,0,1,0,2,0,0,1,0
160285130011800,2,1,1,200,1,0,0,0,0,1,0,1,0,0,1,0
160285130044800,1,1,1,200,1,0,0,0,0,1,0,2,0,0,1,0
160285145618400,2,1,1,200,1,0,0,0,0,1,0,1,0,0,1,0
160285145653100,1,1,1,200,1,0,0,0,0,1,0,2,0,0,1,0
160285160840900,2,1,1,200,1,0,0,0,0,1,0,1,0,0,1,0
160285160883200,1,1,1,200,1,0,0,0,0,1,0,2,0,0,1,0
160285176616200,2,1,1,200,1,0,0,0,0,1,0,1,0,0,1,0
160285176677800,1,1,1,200,1,0,0,0,0,1,0,2,0,0,1,0
160285192633700,2,1,1,200,1,0,0,0,0,1,0,1,0,0,1,0
160285192674200,1,1,1,200,1,0,0,0,0,1,0,2,0,0,1,0
160285208116700,2,1,1,200,1,0,0,0,0,1,0,1,0,0,1,0
160285208195500,1,1,1,200,1,0,0,0,0,1,0,2,0,0,1,0
160285223736700,2,1,1,200,1,0,0,0,0,1,0,1,0,0,1,0
160285223778300,1,1,1,200,1,0,0,0,0,1,0,2,0,0,1,0
160285239338000,2,1,1,200,1,0,0,0,0,1,0,1,0,0,1,0
160285239377900,1,1,1,200,1,0,0,0,0,1,0,2,0,0,1,0
160285254801000,2,1,1,200,1,0,0,0,0,1,0,1,0,0,1,0
160285254833700,1,1,1,200,1,0,0,0,0,1,0,2,0,0,1,0
160285270878400,2,1,1,200,1,0,0,0,0,1,0,1,0,0,1,0
160285270922900,1,1,1,200,1,0,0,0,0,1,0,2,0,0,1,0
160285286397800,2,1,1,200,1,0,0,0,0,1,0,1,0,0,1,0
160285286431400,1,1,1,200,1,0,0,0,0,1,0,2,0,0,1,0
160285302450700,2,1,1,200,1,0,0,0,0,1,0,1,0,0,1,0
160285302494400,1,1,1,200,1,0,0,0,0,1,0,2,0,0,1,0
160285317841900,2,1,1,200,1,0,0,0,0,1,0,1,0,0,1,0
160285317902300,1,1,1,200,1,0,0,0,0,1,0,2,0,0,1,0
160285333471700,2,1,1,200,1,0,0,0,0,1,0,1,0,0,1,0
160285333511000,1,1,1,200,1,0,0,0,0,1,0,2,0,0,1,0
160285348745600,2,1,1,200,1,0,0,0,0,1,0,1,0,0,1,0
160285348808300,1,1,1,200,1,0,0,0,0,1,0,2,0,0,1,0
160285364285300,2,1,1,200,1,0,0,0,0,1,0,1,0,0,1,0
160285364335300,1,1,1,200,1,0,0,0,0,1,0,2,0,0,1,0
160285379857100,2,1,1,200,1,0,0,0,0,1,0,1,0,0,1,0
160285379890100,1,1,1,200,1,0,0,0,0,1,0,2,0,0,1,0
160285395472800,2,1,1,200,1,0,0,0,0,1,0,1,0,0,1,0
160285395529200,1,1,1,200,1,0,0,0,0,1,0,2,0,0,1,0
160285411012700,2,1,1,200,1,0,0,0,0,1,0,1,0,0,1,0
160285411061800,1,1,1,200,1,0,0,0,0,1,0,2,0,0,1,0
160285426554000,2,1,1,200,1,0,0,0,0,1,0,1,0,0,1,0
160285426615400,1,1,1,200,1,0,0,0,0,1,0,2,0,0,1,0
160285442702000,2,1,1,200,1,0,0,0,0,1,0,1,0,0,1,0
160285442752000,1,1,1,200,1,0,0,0,0,1,0,2,0,0,1,0
160285458130800,2,1,1,200,1,0,0,0,0,1,0,1,0,0,1,0
160285458169800,1,1,1,200,1,0,0,0,0,1,0,2,0,0,1,0
160285473697200,2,1,1,200,1,0,0,0,0,1,0,1,0,0,1,0
160285473735900,1,1,1,200,1,0,0,0,0,1,0,2,0,0,1,0
160285488743700,2,1,1,200,1,0,0,0,0,1,0,1,0,0,1,0
160285488775000,1,1,1,200,1,0,0,0,0,1,0,2,0,0,1,0
160285504120300,2,1,1,200,1,0,0,0,0,1,0,1,0,0,1,0
160285504157100,1,1,1,200,1,0,0,0,0,1,0,2,0,0,1,0
160285519499100,2,1,1,200,1,0,0,0,0,1,0,1,0,0,1,0
160285519581700,1,1,1,200,1,0,0,0,0,1,0,2,0,0,1,0
160285535051200,2,1,1,200,1,0,0,0,0,1,0,1,0,0,1,0
160285535082700,1,1,1,200,1,0,0,0,0,1,0,2,0,0,1,0
160285550619200,2,1,1,200,1,0,0,0,0,1,0,1,0,0,1,0
160285550666600,1,1,1,200,1,0,0,0,0,1,0,2,0,0,1,0
160285566315300,2,1,1,200,1,0,0,0,0,1,0,1,0,0,1,0
160285566352800,1,1,1,200,1,0,0,0,0,1,0,2,0,0,1,0
160285581768500,2,1,1,200,1,0,0,0,0,1,0,1,0,0,1,0
160285581836100,1,1,1,200,1,0,0,0,0,1,0,2,0,0,1,0
160285597336100,2,1,1,200,1,0,0,0,0,1,0,1,0,0,1,0
160285597386300,1,1,1,200,1,0,0,0,0,1,0,2,0,0,1,0
160285612658100,2,1,1,200,1,0,0,0,0,1,0,1,0,0,1,0
160285612772700,1,1,1,200,1,0,0,0,0,1,0,2,0,0,1,0
160285627957300,2,1,1,200,1,0,0,0,0,1,0,1,0,0,1,0
160285628008400,1,1,1,200,1,0,0,0,0,1,0,2,0,0,1,0
160285643569100,2,1,1,200,1,0,0,0,0,1,0,1,0,0,1,0
160285643644400,1,1,1,200,1,0,0,0,0,1,0,2,0,0,1,0
160285659209800,2,1,1,200,1,0,0,0,0,1,0,1,0,0,1,0
160285659316400,1,1,1,200,1,0,0,0,0,1,0,2,0,0,1,0
160285674660900,2,1,1,200,1,0,0,0,0,1,0,1,0,0,1,0
160285674699500,1,1,1,200,1,0,0,0,0,1,0,2,0,0,1,0
160285690159600,2,1,1,200,1,0,0,0,0,1,0,1,0,0,1,0
160285690192900,1,1,1,200,1,0,0,0,0,1,0,2,0,0,1,0
160285706275600,2,1,1,200,1,0,0,0,0,1,0,1,0,0,1,0
160285706330100,1,1,1,200,1,0,0,0,0,1,0,2,0,0,1,0
160285721491300,2,1,1,200,1,0,0,0,0,1,0,1,0,0,1,0
160285721532900,1,1,1,200,1,0,0,0,0,1,0,2,0,0,1,0
160285736679400,2,1,1,200,1,0,0,0,0,1,0,1,0,0,1,0
160285736733100,1,1,1,200,1,0,0,0,0,1,0,2,0,0,1,0
160285752553600,2,1,1,200,1,0,0,0,0,1,0,1,0,0,1,0
160285752589300,1,1,1,200,1,0,0,0,0,1,0,2,0,0,1,0
160285767950000,2,1,1,200,1,0,0,0,0,1,0,1,0,0,1,0
160285767997800,1,1,1,200,1,0,0,0,0,1,0,2,0,0,1,0
160285783265100,2,1,1,200,1,0,0,0,0,1,0,1,0,0,1,0
160285783325900,1,1,1,200,1,0,0,0,0,1,0,2,0,0,1,0
160285798602300,2,1,1,200,1,0,0,0,0,1,0,1,0,0,1,0
160285798647000,1,1,1,200,1,0,0,0,0,1,0,2,0,0,1,0
160285814142200,2,1,1,200,1,0,0,0,0,1,0,1,0,0,1,0
160285814175200,1,1,1,200,1,0,0,0,0,1,0,2,0,0,1,0
160285830234100,2,1,1,200,1,0,0,0,0,1,0,1,0,0,1,0
160285830285900,1,1,1,200,1,0,0,0,0,1,0,2,0,0,1,0
160285845842400,2,1,1,200,1,0,0,0,0,1,0,1,0,0,1,0
160285845873200,1,1,1,200,1,0,0,0,0,1,0,2,0,0,1,0
160285861122200,2,1,1,200,1,0,0,0,0,1,0,1,0,0,1,0
160285861164800,1,1,1,200,1,0,0,0,0,1,0,2,0,0,1,0
160285876786400,2,1,1,200,1,0,0,0,0,1,0,1,0,0,1,0
160285876836800,1,1,1,200,1,0,0,0,0,1,0,2,0,0,1,0
160285891771000,2,1,1,200,1,0,0,0,0,1,0,1,0,0,1,0
160285891806600,1,1,1,200,1,0,0,0,0,1,0,2,0,0,1,0
160285906947500,2,1,1,200,1,0,0,0,0,1,0,1,0,0,1,0
160285906981200,1,1,1,200,1,0,0,0,0,1,0,2,0,0,1,0
160285923046700,2,1,1,200,1,0,0,0,0,1,0,1,0,0,1,0
160285923133300,1,1,1,200,1,0,0,0,0,1,0,2,0,0,1,0
160285938405200,2,1,1,200,1,0,0,0,0,1,0,1,0,0,1,0
160285938437600,1,1,1,200,1,0,0,0,0,1,0,2,0,0,1,0
160285954503300,2,1,1,200,1,0,0,0,0,1,0,1,0,0,1,0
160285954577500,1,1,1,200,1,0,0,0,0,1,0,2,0,0,1,0
160285969603500,2,1,1,200,1,0,0,0,0,1,0,1,0,0,1,0
160285969738300,1,1,1,200,1,0,0,0,0,1,0,2,0,0,1,0
160285985082700,2,1,1,200,1,0,0,0,0,1,0,1,0,0,1,0
160285985113800,1,1,1,200,1,0,0,0,0,1,0,2,0,0,1,0
160286000310100,2,1,1,200,1,0,0,0,0,1,0,1,0,0,1,0
160286000341900,1,1,1,200,1,0,0,0,0,1,0,2,0,0,1,0
