portal_host bound 4243, peer 127.0.0.1, UEVR 127.0.0.1:4244, OpenTrack 127.0.0.1:4242
pose 1 head_m=1.60001e-07,4.20003e-08,2 head_xyzw=0,1.00001e-07,0,1 opentrack=-1.60001e-05,-4.20003e-06,200,-1.14592e-05,0,0,
pose 2 head_m=0.00454418,0.00119286,2 head_xyzw=0,0.00284011,0,0.999996 opentrack=-0.454418,-0.119286,200,-0.325453,0,0,
pose 3 head_m=0.00897645,0.00235642,2 head_xyzw=0,0.00561025,0,0.999984 opentrack=-0.897645,-0.235642,200,-0.642891,0,0,
pose 4 head_m=0.0133863,0.00351423,2 head_xyzw=0,0.00836631,0,0.999965 opentrack=-1.33863,-0.351423,200,-0.95872,0,0,
pose 5 head_m=0.0178227,0.00467924,2 head_xyzw=0,0.0111389,0,0.999938 opentrack=-1.78227,-0.467924,200,-1.27645,0,0,
pose 6 head_m=0.0222597,0.00584472,2 head_xyzw=0,0.0139119,0,0.999903 opentrack=-2.22597,-0.584472,200,-1.59424,0,0,
pose 7 head_m=0.0269561,0.00707872,2 head_xyzw=0,0.0168468,0,0.999858 opentrack=-2.69561,-0.707872,200,-1.93059,0,0,
pose 8 head_m=0.0313028,0.00822126,2 head_xyzw=0,0.019563,0,0.999809 opentrack=-3.13028,-0.822126,200,-2.2419,0,0,
pose 9 head_m=0.0355478,0.00933758,2 head_xyzw=0,0.0222155,0,0.999753 opentrack=-3.55478,-0.933758,200,-2.54592,0,0,
pose 10 head_m=0.0400028,0.0105097,2 head_xyzw=0,0.0249992,0,0.999687 opentrack=-4.00028,-1.05097,200,-2.86499,0,0,
pose 11 head_m=0.0444118,0.0116704,2 head_xyzw=0,0.0277538,0,0.999615 opentrack=-4.44118,-1.16704,200,-3.18076,0,0,
pose 12 head_m=0.0487905,0.0128238,2 head_xyzw=0,0.0304893,0,0.999535 opentrack=-4.87905,-1.28238,200,-3.49436,0,0,
pose 13 head_m=0.0533683,0.0140305,2 head_xyzw=0,0.033349,0,0.999444 opentrack=-5.33683,-1.40305,200,-3.82222,0,0,
pose 14 head_m=0.0578235,0.0152059,2 head_xyzw=0,0.0361318,0,0.999347 opentrack=-5.78235,-1.52059,200,-4.14131,0,0,
pose 15 head_m=0.0620199,0.0163138,2 head_xyzw=0,0.0387528,0,0.999249 opentrack=-6.20199,-1.63138,200,-4.44185,0,0,
pose 16 head_m=0.0665202,0.0175031,2 head_xyzw=0,0.0415632,0,0.999136 opentrack=-6.65202,-1.75031,200,-4.76416,0,0,
pose 17 head_m=0.0708408,0.018646,2 head_xyzw=0,0.044261,0,0.99902 opentrack=-7.08408,-1.8646,200,-5.0736,0,0,
pose 18 head_m=0.0752444,0.019812,2 head_xyzw=0,0.0470104,0,0.998894 opentrack=-7.52444,-1.9812,200,-5.38898,0,0,
pose 19 head_m=0.0795793,0.020961,2 head_xyzw=0,0.0497165,0,0.998763 opentrack=-7.95793,-2.0961,200,-5.69944,0,0,
pose 20 head_m=0.0838716,0.0221002,2 head_xyzw=0,0.0523958,0,0.998626 opentrack=-8.38716,-2.21002,200,-6.00686,0,0,
pose 21 head_m=0.0882631,0.023267,2 head_xyzw=0,0.0551365,0,0.998479 opentrack=-8.82631,-2.3267,200,-6.32138,0,0,
pose 22 head_m=0.0925231,0.0244004,2 head_xyzw=0,0.0577947,0,0.998328 opentrack=-9.25231,-2.44004,200,-6.62648,0,0,
pose 23 head_m=0.0970415,0.0256041,2 head_xyzw=0,0.0606138,0,0.998161 opentrack=-9.70415,-2.56041,200,-6.95009,0,0,
pose 24 head_m=0.101309,0.0267427,2 head_xyzw=0,0.0632757,0,0.997996 opentrack=-10.1309,-2.67427,200,-7.2557,0,0,
pose 25 head_m=0.105591,0.027887,2 head_xyzw=0,0.0659468,0,0.997823 opentrack=-10.5591,-2.7887,200,-7.56243,0,0,
pose 26 head_m=0.109846,0.0290255,2 head_xyzw=0,0.0685996,0,0.997644 opentrack=-10.9846,-2.90255,200,-7.86712,0,0,
pose 27 head_m=0.114031,0.0301474,2 head_xyzw=0,0.0712089,0,0.997461 opentrack=-11.4031,-3.01474,200,-8.16685,0,0,
pose 28 head_m=0.118321,0.0312994,2 head_xyzw=0,0.0738835,0,0.997267 opentrack=-11.8321,-3.12994,200,-8.47414,0,0,
pose 29 head_m=0.122522,0.0324293,2 head_xyzw=0,0.0765013,0,0.997069 opentrack=-12.2522,-3.24293,200,-8.77497,0,0,
pose 30 head_m=0.126701,0.0335554,2 head_xyzw=0,0.0791052,0,0.996866 opentrack=-12.6701,-3.35554,200,-9.07427,0,0,
pose 31 head_m=0.13096,0.0347055,2 head_xyzw=0,0.0817587,0,0.996652 opentrack=-13.096,-3.47055,200,-9.37932,0,0,
pose 32 head_m=0.135115,0.0358295,2 head_xyzw=0,0.0843464,0,0.996436 opentrack=-13.5115,-3.58295,200,-9.67688,0,0,
pose 33 head_m=0.13927,0.0369559,2 head_xyzw=0,0.0869336,0,0.996214 opentrack=-13.927,-3.69559,200,-9.97445,0,0,
pose 34 head_m=0.143571,0.0381247,2 head_xyzw=0,0.0896117,0,0.995977 opentrack=-14.3571,-3.81247,200,-10.2825,0,0,
pose 35 head_m=0.147679,0.0392432,2 head_xyzw=0,0.0921684,0,0.995743 opentrack=-14.7679,-3.92432,200,-10.5767,0,0,
pose 36 head_m=0.151776,0.0403614,2 head_xyzw=0,0.0947177,0,0.995504 opentrack=-15.1776,-4.03614,200,-10.8701,0,0,
pose 37 head_m=0.155944,0.0415017,2 head_xyzw=0,0.0973107,0,0.995254 opentrack=-15.5944,-4.15017,200,-11.1687,0,0,
pose 38 head_m=0.160023,0.0426203,2 head_xyzw=0,0.0998474,0,0.995003 opentrack=-16.0023,-4.26203,200,-11.4608,0,0,
pose 39 head_m=0.164055,0.0437291,2 head_xyzw=0,0.102355,0,0.994748 opentrack=-16.4055,-4.37291,200,-11.7496,0,0,
pose 40 head_m=0.168148,0.0448576,2 head_xyzw=0,0.104899,0,0.994483 opentrack=-16.8148,-4.48576,200,-12.0427,0,0,
pose 41 head_m=0.172146,0.0459626,2 head_xyzw=0,0.107384,0,0.994218 opentrack=-17.2146,-4.59626,200,-12.329,0,0,
pose 42 head_m=0.176123,0.0470653,2 head_xyzw=0,0.109855,0,0.993948 opentrack=-17.6123,-4.70653,200,-12.6139,0,0,
pose 43 head_m=0.180096,0.0481697,2 head_xyzw=0,0.112322,0,0.993672 opentrack=-18.0096,-4.81697,200,-12.8984,0,0,
pose 44 head_m=0.184113,0.0492898,2 head_xyzw=0,0.114817,0,0.993387 opentrack=-18.4113,-4.92898,200,-13.1861,0,0,
pose 45 head_m=0.18802,0.0503827,2 head_xyzw=0,0.117242,0,0.993103 opentrack=-18.802,-5.03827,200,-13.466,0,0,
pose 46 head_m=0.191926,0.0514784,2 head_xyzw=0,0.119666,0,0.992814 opentrack=-19.1926,-5.14784,200,-13.7457,0,0,
pose 47 head_m=0.195771,0.0525607,2 head_xyzw=0,0.122052,0,0.992524 opentrack=-19.5771,-5.25607,200,-14.0211,0,0,
pose 48 head_m=0.199609,0.0536444,2 head_xyzw=0,0.124432,0,0.992228 opentrack=-19.9609,-5.36444,200,-14.2959,0,0,
pose 49 head_m=0.203422,0.0547251,2 head_xyzw=0,0.126797,0,0.991929 opentrack=-20.3422,-5.47251,200,-14.569,0,0,
pose 50 head_m=0.207221,0.0558052,2 head_xyzw=0,0.129151,0,0.991625 opentrack=-20.7221,-5.58052,200,-14.8411,0,0,
pose 51 head_m=0.210981,0.0568782,2 head_xyzw=0,0.131481,0,0.991319 opentrack=-21.0981,-5.68782,200,-15.1104,0,0,
pose 52 head_m=0.214889,0.0579979,2 head_xyzw=0,0.133902,0,0.990995 opentrack=-21.4889,-5.79979,200,-15.3903,0,0,
pose 53 head_m=0.218598,0.0590645,2 head_xyzw=0,0.136199,0,0.990681 opentrack=-21.8598,-5.90645,200,-15.656,0,0,
pose 54 head_m=0.222281,0.0601276,2 head_xyzw=0,0.138479,0,0.990365 opentrack=-22.2281,-6.01276,200,-15.9197,0,0,
pose 55 head_m=0.226013,0.0612095,2 head_xyzw=0,0.140789,0,0.99004 opentrack=-22.6013,-6.12095,200,-16.187,0,0,
pose 56 head_m=0.229638,0.0622644,2 head_xyzw=0,0.143031,0,0.989718 opentrack=-22.9638,-6.22644,200,-16.4466,0,0,
pose 57 head_m=0.233239,0.063317,2 head_xyzw=0,0.145259,0,0.989394 opentrack=-23.3239,-6.3317,200,-16.7045,0,0,
pose 58 head_m=0.236913,0.0643955,2 head_xyzw=0,0.14753,0,0.989058 opentrack=-23.6913,-6.43955,200,-16.9676,0,0,
pose 59 head_m=0.240377,0.0654171,2 head_xyzw=0,0.149671,0,0.988736 opentrack=-24.0377,-6.54171,200,-17.2157,0,0,
pose 60 head_m=0.243926,0.0664683,2 head_xyzw=0,0.151864,0,0.988401 opentrack=-24.3926,-6.64683,200,-17.4699,0,0,
pose 61 head_m=0.24742,0.0675083,2 head_xyzw=0,0.154022,0,0.988067 opentrack=-24.742,-6.75083,200,-17.7202,0,0,
pose 62 head_m=0.25098,0.068573,2 head_xyzw=0,0.15622,0,0.987722 opentrack=-25.098,-6.8573,200,-17.9751,0,0,
pose 63 head_m=0.254362,0.0695895,2 head_xyzw=0,0.158307,0,0.98739 opentrack=-25.4362,-6.95895,200,-18.2173,0,0,
pose 64 head_m=0.257752,0.0706136,2 head_xyzw=0,0.160399,0,0.987052 opentrack=-25.7752,-7.06136,200,-18.4601,0,0,
pose 65 head_m=0.261122,0.0716369,2 head_xyzw=0,0.162478,0,0.986712 opentrack=-26.1122,-7.16369,200,-18.7015,0,0,
pose 66 head_m=0.264459,0.0726555,2 head_xyzw=0,0.164535,0,0.986371 opentrack=-26.4459,-7.26555,200,-18.9405,0,0,
pose 67 head_m=0.267754,0.0736667,2 head_xyzw=0,0.166566,0,0.98603 opentrack=-26.7754,-7.36667,200,-19.1764,0,0,
pose 68 head_m=0.271169,0.0747211,2 head_xyzw=0,0.16867,0,0.985672 opentrack=-27.1169,-7.47211,200,-19.4211,0,0,
pose 69 head_m=0.274416,0.0757292,2 head_xyzw=0,0.17067,0,0.985328 opentrack=-27.4416,-7.57292,200,-19.6536,0,0,
pose 70 head_m=0.277613,0.076728,2 head_xyzw=0,0.172639,0,0.984985 opentrack=-27.7613,-7.6728,200,-19.8826,0,0,
pose 71 head_m=0.280804,0.0777307,2 head_xyzw=0,0.174603,0,0.984639 opentrack=-28.0804,-7.77307,200,-20.1111,0,0,
pose 72 head_m=0.28394,0.0787225,2 head_xyzw=0,0.176532,0,0.984295 opentrack=-28.394,-7.87225,200,-20.3357,0,0,
pose 73 head_m=0.287021,0.0797029,2 head_xyzw=0,0.178427,0,0.983953 opentrack=-28.7021,-7.97029,200,-20.5563,0,0,
pose 74 head_m=0.29008,0.0806828,2 head_xyzw=0,0.180308,0,0.98361 opentrack=-29.008,-8.06828,200,-20.7754,0,0,
pose 75 head_m=0.293102,0.0816575,2 head_xyzw=0,0.182166,0,0.983268 opentrack=-29.3102,-8.16575,200,-20.9919,0,0,
pose 76 head_m=0.296105,0.0826324,2 head_xyzw=0,0.184011,0,0.982924 opentrack=-29.6105,-8.26324,200,-21.2069,0,0,
pose 77 head_m=0.299184,0.0836394,2 head_xyzw=0,0.185902,0,0.982568 opentrack=-29.9184,-8.36394,200,-21.4274,0,0,
pose 78 head_m=0.302093,0.0845982,2 head_xyzw=0,0.187689,0,0.982229 opentrack=-30.2093,-8.45982,200,-21.6358,0,0,
pose 79 head_m=0.304941,0.0855436,2 head_xyzw=0,0.189437,0,0.981893 opentrack=-30.4941,-8.55436,200,-21.8398,0,0,
pose 80 head_m=0.30777,0.0864897,2 head_xyzw=0,0.191172,0,0.981556 opentrack=-30.777,-8.64897,200,-22.0424,0,0,
pose 81 head_m=0.310576,0.0874354,2 head_xyzw=0,0.192893,0,0.98122 opentrack=-31.0576,-8.74354,200,-22.2433,0,0,
pose 82 head_m=0.313468,0.0884184,2 head_xyzw=0,0.194666,0,0.98087 opentrack=-31.3468,-8.84184,200,-22.4505,0,0,
pose 83 head_m=0.31618,0.0893482,2 head_xyzw=0,0.196329,0,0.980538 opentrack=-31.618,-8.93482,200,-22.6447,0,0,
pose 84 head_m=0.318922,0.0902964,2 head_xyzw=0,0.198009,0,0.9802 opentrack=-31.8922,-9.02964,200,-22.8411,0,0,
pose 85 head_m=0.321541,0.0912097,2 head_xyzw=0,0.199613,0,0.979875 opentrack=-32.1541,-9.12097,200,-23.0287,0,0,
pose 86 head_m=0.324193,0.0921431,2 head_xyzw=0,0.201237,0,0.979543 opentrack=-32.4193,-9.21431,200,-23.2186,0,0,
pose 87 head_m=0.326704,0.0930351,2 head_xyzw=0,0.202774,0,0.979226 opentrack=-32.6704,-9.30351,200,-23.3984,0,0,
pose 88 head_m=0.32924,0.0939444,2 head_xyzw=0,0.204326,0,0.978903 opentrack=-32.924,-9.39444,200,-23.5801,0,0,
pose 89 head_m=0.331724,0.0948439,2 head_xyzw=0,0.205845,0,0.978585 opentrack=-33.1724,-9.48439,200,-23.758,0,0,
pose 90 head_m=0.334286,0.0957814,2 head_xyzw=0,0.207412,0,0.978254 opentrack=-33.4286,-9.57814,200,-23.9415,0,0,
pose 91 head_m=0.336697,0.096673,2 head_xyzw=0,0.208886,0,0.97794 opentrack=-33.6697,-9.6673,200,-24.1141,0,0,
pose 92 head_m=0.339049,0.0975521,2 head_xyzw=0,0.210323,0,0.977632 opentrack=-33.9049,-9.75521,200,-24.2826,0,0,
pose 93 head_m=0.341383,0.0984343,2 head_xyzw=0,0.211749,0,0.977324 opentrack=-34.1383,-9.84343,200,-24.4498,0,0,
pose 94 head_m=0.34366,0.0993047,2 head_xyzw=0,0.21314,0,0.977022 opentrack=-34.366,-9.93047,200,-24.6129,0,0,
pose 95 head_m=0.345906,0.100173,2 head_xyzw=0,0.214511,0,0.976722 opentrack=-34.5906,-10.0173,200,-24.7737,0,0,
pose 96 head_m=0.348114,0.101038,2 head_xyzw=0,0.215859,0,0.976425 opentrack=-34.8114,-10.1038,200,-24.9318,0,0,
pose 97 head_m=0.35026,0.101888,2 head_xyzw=0,0.217168,0,0.976134 opentrack=-35.026,-10.1888,200,-25.0855,0,0,
pose 98 head_m=0.352507,0.102791,2 head_xyzw=0,0.218539,0,0.975828 opentrack=-35.2507,-10.2791,200,-25.2464,0,0,
pose 99 head_m=0.354486,0.103597,2 head_xyzw=0,0.219746,0,0.975557 opentrack=-35.4486,-10.3597,200,-25.3882,0,0,
pose 100 head_m=0.356562,0.104453,2 head_xyzw=0,0.221011,0,0.975271 opentrack=-35.6562,-10.4453,200,-25.5369,0,0,
pose 101 head_m=0.358518,0.105272,2 head_xyzw=0,0.222203,0,0.975 opentrack=-35.8518,-10.5272,200,-25.6769,0,0,
pose 102 head_m=0.360456,0.106095,2 head_xyzw=0,0.223384,0,0.974731 opentrack=-36.0456,-10.6095,200,-25.8157,0,0,
pose 103 head_m=0.362349,0.106912,2 head_xyzw=0,0.224537,0,0.974466 opentrack=-36.2349,-10.6912,200,-25.9513,0,0,
pose 104 head_m=0.36421,0.107727,2 head_xyzw=0,0.225671,0,0.974204 opentrack=-36.421,-10.7727,200,-26.0846,0,0,
pose 105 head_m=0.366127,0.108582,2 head_xyzw=0,0.226838,0,0.973933 opentrack=-36.6127,-10.8582,200,-26.2219,0,0,
pose 106 head_m=0.36785,0.109363,2 head_xyzw=0,0.227886,0,0.973688 opentrack=-36.785,-10.9363,200,-26.3453,0,0,
pose 107 head_m=0.369562,0.110153,2 head_xyzw=0,0.228928,0,0.973443 opentrack=-36.9562,-11.0153,200,-26.4679,0,0,
pose 108 head_m=0.37123,0.110937,2 head_xyzw=0,0.229943,0,0.973204 opentrack=-37.123,-11.0937,200,-26.5874,0,0,
pose 109 head_m=0.372868,0.111722,2 head_xyzw=0,0.230939,0,0.972968 opentrack=-37.2868,-11.1722,200,-26.7047,0,0,
pose 110 head_m=0.374414,0.112477,2 head_xyzw=0,0.231879,0,0.972745 opentrack=-37.4414,-11.2477,200,-26.8154,0,0,
pose 111 head_m=0.375984,0.11326,2 head_xyzw=0,0.232833,0,0.972517 opentrack=-37.5984,-11.326,200,-26.9279,0,0,
pose 112 head_m=0.377492,0.114029,2 head_xyzw=0,0.23375,0,0.972297 opentrack=-37.7492,-11.4029,200,-27.0359,0,0,
pose 113 head_m=0.378903,0.114765,2 head_xyzw=0,0.234607,0,0.97209 opentrack=-37.8903,-11.4765,200,-27.1369,0,0,
pose 114 head_m=0.380304,0.115513,2 head_xyzw=0,0.235458,0,0.971884 opentrack=-38.0304,-11.5513,200,-27.2373,0,0,
pose 115 head_m=0.381656,0.116253,2 head_xyzw=0,0.23628,0,0.971685 opentrack=-38.1656,-11.6253,200,-27.3341,0,0,
pose 116 head_m=0.382972,0.116991,2 head_xyzw=0,0.237078,0,0.971491 opentrack=-38.2972,-11.6991,200,-27.4283,0,0,
pose 117 head_m=0.38425,0.117729,2 head_xyzw=0,0.237855,0,0.971301 opentrack=-38.425,-11.7729,200,-27.5199,0,0,
pose 118 head_m=0.385466,0.118451,2 head_xyzw=0,0.238592,0,0.97112 opentrack=-38.5466,-11.8451,200,-27.607,0,0,
pose 119 head_m=0.386604,0.119147,2 head_xyzw=0,0.239283,0,0.97095 opentrack=-38.6604,-11.9147,200,-27.6884,0,0,
pose 120 head_m=0.387715,0.119849,2 head_xyzw=0,0.239957,0,0.970784 opentrack=-38.7715,-11.9849,200,-27.768,0,0,
pose 121 head_m=0.388825,0.120575,2 head_xyzw=0,0.240631,0,0.970617 opentrack=-38.8825,-12.0575,200,-27.8476,0,0,
pose 122 head_m=0.389842,0.121263,2 head_xyzw=0,0.241248,0,0.970464 opentrack=-38.9842,-12.1263,200,-27.9204,0,0,
pose 123 head_m=0.390801,0.121937,2 head_xyzw=0,0.241829,0,0.970319 opentrack=-39.0801,-12.1937,200,-27.9891,0,0,
pose 124 head_m=0.391723,0.122612,2 head_xyzw=0,0.242388,0,0.970179 opentrack=-39.1723,-12.2612,200,-28.0551,0,0,
pose 125 head_m=0.392591,0.123275,2 head_xyzw=0,0.242915,0,0.970048 opentrack=-39.2591,-12.3275,200,-28.1172,0,0,
pose 126 head_m=0.393421,0.123938,2 head_xyzw=0,0.243418,0,0.969922 opentrack=-39.3421,-12.3938,200,-28.1767,0,0,
pose 127 head_m=0.394196,0.124588,2 head_xyzw=0,0.243887,0,0.969804 opentrack=-39.4196,-12.4588,200,-28.2322,0,0,
pose 128 head_m=0.394921,0.12523,2 head_xyzw=0,0.244327,0,0.969693 opentrack=-39.4921,-12.523,200,-28.2841,0,0,
pose 129 head_m=0.395599,0.125865,2 head_xyzw=0,0.244738,0,0.969589 opentrack=-39.5599,-12.5865,200,-28.3327,0,0,
pose 130 head_m=0.396231,0.126494,2 head_xyzw=0,0.245121,0,0.969493 opentrack=-39.6231,-12.6494,200,-28.3779,0,0,
pose 131 head_m=0.396836,0.127141,2 head_xyzw=0,0.245488,0,0.9694 opentrack=-39.6836,-12.7141,200,-28.4213,0,0,
pose 132 head_m=0.397367,0.127753,2 head_xyzw=0,0.245809,0,0.969318 opentrack=-39.7367,-12.7753,200,-28.4593,0,0,
pose 133 head_m=0.39785,0.128359,2 head_xyzw=0,0.246102,0,0.969244 opentrack=-39.785,-12.8359,200,-28.4939,0,0,
pose 134 head_m=0.398283,0.128955,2 head_xyzw=0,0.246364,0,0.969177 opentrack=-39.8283,-12.8955,200,-28.5249,0,0,
pose 135 head_m=0.398668,0.129543,2 head_xyzw=0,0.246597,0,0.969118 opentrack=-39.8668,-12.9543,200,-28.5525,0,0,
pose 136 head_m=0.399003,0.130122,2 head_xyzw=0,0.2468,0,0.969066 opentrack=-39.9003,-13.0122,200,-28.5765,0,0,
pose 137 head_m=0.399291,0.130696,2 head_xyzw=0,0.246974,0,0.969022 opentrack=-39.9291,-13.0696,200,-28.5971,0,0,
pose 138 head_m=0.399531,0.131265,2 head_xyzw=0,0.24712,0,0.968985 opentrack=-39.9531,-13.1265,200,-28.6143,0,0,
pose 139 head_m=0.399721,0.131824,2 head_xyzw=0,0.247235,0,0.968956 opentrack=-39.9721,-13.1824,200,-28.6279,0,0,
pose 140 head_m=0.399866,0.132397,2 head_xyzw=0,0.247323,0,0.968933 opentrack=-39.9866,-13.2397,200,-28.6383,0,0,
pose 141 head_m=0.399956,0.132938,2 head_xyzw=0,0.247377,0,0.968919 opentrack=-39.9956,-13.2938,200,-28.6447,0,0,
pose 142 head_m=0.399997,0.133473,2 head_xyzw=0,0.247402,0,0.968913 opentrack=-39.9997,-13.3473,200,-28.6477,0,0,
pose 143 head_m=0.399989,0.134004,2 head_xyzw=0,0.247397,0,0.968914 opentrack=-39.9989,-13.4004,200,-28.6471,0,0,
pose 144 head_m=0.399932,0.134519,2 head_xyzw=0,0.247363,0,0.968923 opentrack=-39.9932,-13.4519,200,-28.643,0,0,
pose 145 head_m=0.399826,0.135029,2 head_xyzw=0,0.247298,0,0.968939 opentrack=-39.9826,-13.5029,200,-28.6354,0,0,
pose 146 head_m=0.399671,0.135529,2 head_xyzw=0,0.247205,0,0.968963 opentrack=-39.9671,-13.5529,200,-28.6244,0,0,
pose 147 head_m=0.399468,0.136023,2 head_xyzw=0,0.247082,0,0.968995 opentrack=-39.9468,-13.6023,200,-28.6098,0,0,
pose 148 head_m=0.399216,0.136507,2 head_xyzw=0,0.246929,0,0.969034 opentrack=-39.9216,-13.6507,200,-28.5917,0,0,
pose 149 head_m=0.398901,0.137004,2 head_xyzw=0,0.246738,0,0.969082 opentrack=-39.8901,-13.7004,200,-28.5692,0,0,
pose 150 head_m=0.39855,0.137471,2 head_xyzw=0,0.246526,0,0.969136 opentrack=-39.855,-13.7471,200,-28.544,0,0,
pose 151 head_m=0.398151,0.13793,2 head_xyzw=0,0.246284,0,0.969198 opentrack=-39.8151,-13.793,200,-28.5154,0,0,
pose 152 head_m=0.397702,0.138382,2 head_xyzw=0,0.246012,0,0.969267 opentrack=-39.7702,-13.8382,200,-28.4833,0,0,
pose 153 head_m=0.397194,0.138835,2 head_xyzw=0,0.245704,0,0.969345 opentrack=-39.7194,-13.8835,200,-28.4469,0,0,
pose 154 head_m=0.396648,0.139269,2 head_xyzw=0,0.245373,0,0.969429 opentrack=-39.6648,-13.9269,200,-28.4078,0,0,
pose 155 head_m=0.396054,0.139695,2 head_xyzw=0,0.245014,0,0.96952 opentrack=-39.6054,-13.9695,200,-28.3653,0,0,
pose 156 head_m=0.39541,0.140114,2 head_xyzw=0,0.244623,0,0.969618 opentrack=-39.541,-14.0114,200,-28.3191,0,0,
pose 157 head_m=0.394716,0.140525,2 head_xyzw=0,0.244203,0,0.969724 opentrack=-39.4716,-14.0525,200,-28.2695,0,0,
pose 158 head_m=0.393973,0.140928,2 head_xyzw=0,0.243753,0,0.969837 opentrack=-39.3973,-14.0928,200,-28.2163,0,0,
pose 159 head_m=0.393177,0.141325,2 head_xyzw=0,0.24327,0,0.969959 opentrack=-39.3177,-14.1325,200,-28.1592,0,0,
pose 160 head_m=0.392337,0.141711,2 head_xyzw=0,0.242761,0,0.970086 opentrack=-39.2337,-14.1711,200,-28.0991,0,0,
pose 161 head_m=0.391416,0.142102,2 head_xyzw=0,0.242202,0,0.970226 opentrack=-39.1416,-14.2102,200,-28.0331,0,0,
pose 162 head_m=0.390484,0.142468,2 head_xyzw=0,0.241637,0,0.970367 opentrack=-39.0484,-14.2468,200,-27.9664,0,0,
pose 163 head_m=0.389502,0.142827,2 head_xyzw=0,0.241041,0,0.970515 opentrack=-38.9502,-14.2827,200,-27.896,0,0,
pose 164 head_m=0.388491,0.143171,2 head_xyzw=0,0.240428,0,0.970667 opentrack=-38.8491,-14.3171,200,-27.8236,0,0,
pose 165 head_m=0.387415,0.143512,2 head_xyzw=0,0.239775,0,0.970828 opentrack=-38.7415,-14.3512,200,-27.7466,0,0,
pose 166 head_m=0.38624,0.14386,2 head_xyzw=0,0.239062,0,0.971004 opentrack=-38.624,-14.386,200,-27.6624,0,0,
pose 167 head_m=0.385065,0.144185,2 head_xyzw=0,0.238349,0,0.97118 opentrack=-38.5065,-14.4185,200,-27.5782,0,0,
pose 168 head_m=0.383848,0.1445,2 head_xyzw=0,0.23761,0,0.971361 opentrack=-38.3848,-14.45,200,-27.4911,0,0,
pose 169 head_m=0.382592,0.144804,2 head_xyzw=0,0.236848,0,0.971547 opentrack=-38.2592,-14.4804,200,-27.4011,0,0,
pose 170 head_m=0.38128,0.145103,2 head_xyzw=0,0.236051,0,0.971741 opentrack=-38.128,-14.5103,200,-27.3072,0,0,
pose 171 head_m=0.379886,0.145399,2 head_xyzw=0,0.235204,0,0.971946 opentrack=-37.9886,-14.5399,200,-27.2073,0,0,
pose 172 head_m=0.378456,0.145685,2 head_xyzw=0,0.234336,0,0.972156 opentrack=-37.8456,-14.5685,200,-27.1049,0,0,
pose 173 head_m=0.377012,0.145955,2 head_xyzw=0,0.233458,0,0.972367 opentrack=-37.7012,-14.5955,200,-27.0015,0,0,
pose 174 head_m=0.375513,0.146218,2 head_xyzw=0,0.232547,0,0.972585 opentrack=-37.5513,-14.6218,200,-26.8941,0,0,
pose 175 head_m=0.373969,0.146472,2 head_xyzw=0,0.231608,0,0.972809 opentrack=-37.3969,-14.6472,200,-26.7835,0,0,
pose 176 head_m=0.372374,0.146719,2 head_xyzw=0,0.230638,0,0.97304 opentrack=-37.2374,-14.6719,200,-26.6693,0,0,
pose 177 head_m=0.370739,0.146955,2 head_xyzw=0,0.229644,0,0.973275 opentrack=-37.0739,-14.6955,200,-26.5522,0,0,
pose 178 head_m=0.368981,0.147193,2 head_xyzw=0,0.228575,0,0.973526 opentrack=-36.8981,-14.7193,200,-26.4263,0,0,
pose 179 head_m=0.367214,0.147417,2 head_xyzw=0,0.227499,0,0.973778 opentrack=-36.7214,-14.7417,200,-26.2997,0,0,
pose 180 head_m=0.365519,0.147618,2 head_xyzw=0,0.226467,0,0.974019 opentrack=-36.5519,-14.7618,200,-26.1783,0,0,
pose 181 head_m=0.363658,0.147824,2 head_xyzw=0,0.225334,0,0.974281 opentrack=-36.3658,-14.7824,200,-26.0451,0,0,
pose 182 head_m=0.361815,0.148014,2 head_xyzw=0,0.224212,0,0.97454 opentrack=-36.1815,-14.8014,200,-25.9131,0,0,
pose 183 head_m=0.359914,0.148198,2 head_xyzw=0,0.223054,0,0.974806 opentrack=-35.9914,-14.8198,200,-25.7769,0,0,
pose 184 head_m=0.357877,0.14838,2 head_xyzw=0,0.221813,0,0.975089 opentrack=-35.7877,-14.838,200,-25.6311,0,0,
pose 185 head_m=0.355902,0.148544,2 head_xyzw=0,0.220609,0,0.975362 opentrack=-35.5902,-14.8544,200,-25.4896,0,0,
pose 186 head_m=0.35383,0.148703,2 head_xyzw=0,0.219346,0,0.975647 opentrack=-35.383,-14.8703,200,-25.3412,0,0,
pose 187 head_m=0.351749,0.148851,2 head_xyzw=0,0.218076,0,0.975932 opentrack=-35.1749,-14.8851,200,-25.1922,0,0,
pose 188 head_m=0.349625,0.14899,2 head_xyzw=0,0.216781,0,0.97622 opentrack=-34.9625,-14.899,200,-25.04,0,0,
pose 189 head_m=0.347431,0.149121,2 head_xyzw=0,0.215442,0,0.976517 opentrack=-34.7431,-14.9121,200,-24.8829,0,0,
pose 190 head_m=0.345188,0.149244,2 head_xyzw=0,0.214073,0,0.976818 opentrack=-34.5188,-14.9244,200,-24.7223,0,0,
pose 191 head_m=0.342936,0.149355,2 head_xyzw=0,0.212698,0,0.977118 opentrack=-34.2936,-14.9355,200,-24.561,0,0,
pose 192 head_m=0.34064,0.149458,2 head_xyzw=0,0.211295,0,0.977422 opentrack=-34.064,-14.9458,200,-24.3966,0,0,
pose 193 head_m=0.338293,0.149553,2 head_xyzw=0,0.209861,0,0.977731 opentrack=-33.8293,-14.9553,200,-24.2284,0,0,
pose 194 head_m=0.335916,0.149638,2 head_xyzw=0,0.208408,0,0.978042 opentrack=-33.5916,-14.9638,200,-24.0582,0,0,
pose 195 head_m=0.333458,0.149715,2 head_xyzw=0,0.206906,0,0.978361 opentrack=-33.3458,-14.9715,200,-23.8822,0,0,
pose 196 head_m=0.331002,0.149782,2 head_xyzw=0,0.205404,0,0.978677 opentrack=-33.1002,-14.9782,200,-23.7063,0,0,
pose 197 head_m=0.3285,0.14984,2 head_xyzw=0,0.203873,0,0.978997 opentrack=-32.85,-14.984,200,-23.5271,0,0,
pose 198 head_m=0.325955,0.149889,2 head_xyzw=0,0.202316,0,0.97932 opentrack=-32.5955,-14.9889,200,-23.3448,0,0,
pose 199 head_m=0.323292,0.14993,2 head_xyzw=0,0.200685,0,0.979656 opentrack=-32.3292,-14.993,200,-23.1541,0,0,
pose 200 head_m=0.320667,0.149961,2 head_xyzw=0,0.199078,0,0.979984 opentrack=-32.0667,-14.9961,200,-22.9661,0,0,
pose 201 head_m=0.317958,0.149983,2 head_xyzw=0,0.197419,0,0.980319 opentrack=-31.7958,-14.9983,200,-22.7721,0,0,
pose 202 head_m=0.315264,0.149996,2 head_xyzw=0,0.195767,0,0.98065 opentrack=-31.5264,-14.9996,200,-22.5791,0,0,
pose 203 head_m=0.312531,0.15,2 head_xyzw=0,0.194092,0,0.980983 opentrack=-31.2531,-15,200,-22.3834,0,0,
pose 204 head_m=0.309765,0.149995,2 head_xyzw=0,0.192396,0,0.981317 opentrack=-30.9765,-14.9995,200,-22.1853,0,0,
pose 205 head_m=0.306945,0.149981,2 head_xyzw=0,0.190666,0,0.981655 opentrack=-30.6945,-14.9981,200,-21.9833,0,0,
pose 206 head_m=0.304082,0.149958,2 head_xyzw=0,0.188909,0,0.981995 opentrack=-30.4082,-14.9958,200,-21.7783,0,0,
pose 207 head_m=0.30118,0.149925,2 head_xyzw=0,0.187128,0,0.982336 opentrack=-30.118,-14.9925,200,-21.5704,0,0,
pose 208 head_m=0.298262,0.149884,2 head_xyzw=0,0.185336,0,0.982675 opentrack=-29.8262,-14.9884,200,-21.3614,0,0,
pose 209 head_m=0.295276,0.149834,2 head_xyzw=0,0.183502,0,0.983019 opentrack=-29.5276,-14.9834,200,-21.1476,0,0,
pose 210 head_m=0.292142,0.149772,2 head_xyzw=0,0.181576,0,0.983377 opentrack=-29.2142,-14.9772,200,-20.9232,0,0,
pose 211 head_m=0.289102,0.149704,2 head_xyzw=0,0.179707,0,0.98372 opentrack=-28.9102,-14.9704,200,-20.7054,0,0,
pose 212 head_m=0.286038,0.149626,2 head_xyzw=0,0.177823,0,0.984063 opentrack=-28.6038,-14.9626,200,-20.4859,0,0,
pose 213 head_m=0.282868,0.149538,2 head_xyzw=0,0.175873,0,0.984413 opentrack=-28.2868,-14.9538,200,-20.259,0,0,
pose 214 head_m=0.279709,0.149442,2 head_xyzw=0,0.173929,0,0.984758 opentrack=-27.9709,-14.9442,200,-20.0327,0,0,
pose 215 head_m=0.276534,0.149338,2 head_xyzw=0,0.171975,0,0.985101 opentrack=-27.6534,-14.9338,200,-19.8053,0,0,
pose 216 head_m=0.273312,0.149224,2 head_xyzw=0,0.169991,0,0.985446 opentrack=-27.3312,-14.9224,200,-19.5745,0,0,
pose 217 head_m=0.270068,0.149102,2 head_xyzw=0,0.167992,0,0.985788 opentrack=-27.0068,-14.9102,200,-19.3422,0,0,
pose 218 head_m=0.266869,0.148974,2 head_xyzw=0,0.166021,0,0.986122 opentrack=-26.6869,-14.8974,200,-19.1131,0,0,
pose 219 head_m=0.26346,0.14883,2 head_xyzw=0,0.163919,0,0.986474 opentrack=-26.346,-14.883,200,-18.8689,0,0,
pose 220 head_m=0.26004,0.148677,2 head_xyzw=0,0.16181,0,0.986822 opentrack=-26.004,-14.8677,200,-18.624,0,0,
pose 221 head_m=0.256663,0.148519,2 head_xyzw=0,0.159727,0,0.987161 opentrack=-25.6663,-14.8519,200,-18.3821,0,0,
pose 222 head_m=0.253238,0.148351,2 head_xyzw=0,0.157614,0,0.987501 opentrack=-25.3238,-14.8351,200,-18.1368,0,0,
pose 223 head_m=0.249804,0.148175,2 head_xyzw=0,0.155494,0,0.987837 opentrack=-24.9804,-14.8175,200,-17.8909,0,0,
pose 224 head_m=0.246237,0.147984,2 head_xyzw=0,0.153291,0,0.988181 opentrack=-24.6237,-14.7984,200,-17.6354,0,0,
pose 225 head_m=0.242842,0.147796,2 head_xyzw=0,0.151194,0,0.988504 opentrack=-24.2842,-14.7796,200,-17.3923,0,0,
pose 226 head_m=0.239312,0.147593,2 head_xyzw=0,0.149013,0,0.988835 opentrack=-23.9312,-14.7593,200,-17.1395,0,0,
pose 227 head_m=0.235759,0.147382,2 head_xyzw=0,0.146817,0,0.989164 opentrack=-23.5759,-14.7382,200,-16.885,0,0,
pose 228 head_m=0.232176,0.147162,2 head_xyzw=0,0.144601,0,0.98949 opentrack=-23.2176,-14.7162,200,-16.6284,0,0,
pose 229 head_m=0.228424,0.146924,2 head_xyzw=0,0.142281,0,0.989826 opentrack=-22.8424,-14.6924,200,-16.3597,0,0,
pose 230 head_m=0.224793,0.146687,2 head_xyzw=0,0.140034,0,0.990147 opentrack=-22.4793,-14.6687,200,-16.0996,0,0,
pose 231 head_m=0.221062,0.146436,2 head_xyzw=0,0.137725,0,0.990471 opentrack=-22.1062,-14.6436,200,-15.8324,0,0,
pose 232 head_m=0.21745,0.146186,2 head_xyzw=0,0.135488,0,0.990779 opentrack=-21.745,-14.6186,200,-15.5737,0,0,
pose 233 head_m=0.213745,0.145923,2 head_xyzw=0,0.133193,0,0.99109 opentrack=-21.3745,-14.5923,200,-15.3083,0,0,
pose 234 head_m=0.209831,0.145638,2 head_xyzw=0,0.130769,0,0.991413 opentrack=-20.9831,-14.5638,200,-15.0281,0,0,
pose 235 head_m=0.206066,0.145356,2 head_xyzw=0,0.128435,0,0.991718 opentrack=-20.6066,-14.5356,200,-14.7584,0,0,
pose 236 head_m=0.202271,0.145066,2 head_xyzw=0,0.126083,0,0.99202 opentrack=-20.2271,-14.5066,200,-14.4866,0,0,
pose 237 head_m=0.198441,0.144766,2 head_xyzw=0,0.123708,0,0.992319 opentrack=-19.8441,-14.4766,200,-14.2123,0,0,
pose 238 head_m=0.194575,0.144457,2 head_xyzw=0,0.12131,0,0.992615 opentrack=-19.4575,-14.4457,200,-13.9354,0,0,
pose 239 head_m=0.190689,0.144139,2 head_xyzw=0,0.118899,0,0.992906 opentrack=-19.0689,-14.4139,200,-13.6571,0,0,
pose 240 head_m=0.186795,0.143813,2 head_xyzw=0,0.116482,0,0.993193 opentrack=-18.6795,-14.3813,200,-13.3782,0,0,
pose 241 head_m=0.182885,0.14348,2 head_xyzw=0,0.114055,0,0.993474 opentrack=-18.2885,-14.348,200,-13.0982,0,0,
pose 242 head_m=0.178743,0.14312,2 head_xyzw=0,0.111482,0,0.993766 opentrack=-17.8743,-14.312,200,-12.8015,0,0,
pose 243 head_m=0.174795,0.14277,2 head_xyzw=0,0.109029,0,0.994039 opentrack=-17.4795,-14.277,200,-12.5187,0,0,
pose 244 head_m=0.170784,0.142408,2 head_xyzw=0,0.106537,0,0.994309 opentrack=-17.0784,-14.2408,200,-12.2315,0,0,
pose 245 head_m=0.166723,0.142034,2 head_xyzw=0,0.104013,0,0.994576 opentrack=-16.6723,-14.2034,200,-11.9406,0,0,
pose 246 head_m=0.162738,0.141661,2 head_xyzw=0,0.101536,0,0.994832 opentrack=-16.2738,-14.1661,200,-11.6553,0,0,
pose 247 head_m=0.15861,0.141267,2 head_xyzw=0,0.098969,0,0.995091 opentrack=-15.861,-14.1267,200,-11.3596,0,0,
pose 248 head_m=0.154547,0.140873,2 head_xyzw=0,0.0964418,0,0.995339 opentrack=-15.4547,-14.0873,200,-11.0686,0,0,
pose 249 head_m=0.150442,0.140469,2 head_xyzw=0,0.0938878,0,0.995583 opentrack=-15.0442,-14.0469,200,-10.7746,0,0,
pose 250 head_m=0.146344,0.140058,2 head_xyzw=0,0.0913373,0,0.99582 opentrack=-14.6344,-14.0058,200,-10.4811,0,0,
pose 251 head_m=0.142273,0.139644,2 head_xyzw=0,0.0888035,0,0.996049 opentrack=-14.2273,-13.9644,200,-10.1896,0,0,
pose 252 head_m=0.137941,0.139196,2 head_xyzw=0,0.0861061,0,0.996286 opentrack=-13.7941,-13.9196,200,-9.87927,0,0,
pose 253 head_m=0.133862,0.138768,2 head_xyzw=0,0.0835661,0,0.996502 opentrack=-13.3862,-13.8768,200,-9.58715,0,0,
pose 254 head_m=0.129705,0.138325,2 head_xyzw=0,0.0809767,0,0.996716 opentrack=-12.9705,-13.8325,200,-9.28942,0,0,
pose 255 head_m=0.125471,0.137867,2 head_xyzw=0,0.0783391,0,0.996927 opentrack=-12.5471,-13.7867,200,-8.98621,0,0,
pose 256 head_m=0.12128,0.137407,2 head_xyzw=0,0.0757277,0,0.997129 opentrack=-12.128,-13.7407,200,-8.68607,0,0,
pose 257 head_m=0.116965,0.136927,2 head_xyzw=0,0.0730379,0,0.997329 opentrack=-11.6965,-13.6927,200,-8.37699,0,0,
pose 258 head_m=0.112718,0.136448,2 head_xyzw=0,0.0703904,0,0.99752 opentrack=-11.2718,-13.6448,200,-8.07282,0,0,
pose 259 head_m=0.10851,0.135966,2 head_xyzw=0,0.0677666,0,0.997701 opentrack=-10.851,-13.5966,200,-7.77143,0,0,
pose 260 head_m=0.104257,0.135473,2 head_xyzw=0,0.0651147,0,0.997878 opentrack=-10.4257,-13.5473,200,-7.46688,0,0,
pose 261 head_m=0.0999823,0.134971,2 head_xyzw=0,0.0624483,0,0.998048 opentrack=-9.99823,-13.4971,200,-7.16071,0,0,
pose 262 head_m=0.0954966,0.134437,2 head_xyzw=0,0.05965,0,0.998219 opentrack=-9.54966,-13.4437,200,-6.83944,0,0,
pose 263 head_m=0.0912158,0.13392,2 head_xyzw=0,0.056979,0,0.998375 opentrack=-9.12158,-13.392,200,-6.53285,0,0,
pose 264 head_m=0.0869106,0.133394,2 head_xyzw=0,0.0542924,0,0.998525 opentrack=-8.69106,-13.3394,200,-6.22452,0,0,
pose 265 head_m=0.0825969,0.13286,2 head_xyzw=0,0.0516001,0,0.998668 opentrack=-8.25969,-13.286,200,-5.91557,0,0,
pose 266 head_m=0.0782567,0.132316,2 head_xyzw=0,0.0488909,0,0.998804 opentrack=-7.82567,-13.2316,200,-5.60472,0,0,
pose 267 head_m=0.0738961,0.131763,2 head_xyzw=0,0.0461686,0,0.998934 opentrack=-7.38961,-13.1763,200,-5.29242,0,0,
pose 268 head_m=0.0695601,0.131206,2 head_xyzw=0,0.0434614,0,0.999055 opentrack=-6.95601,-13.1206,200,-4.98188,0,0,
pose 269 head_m=0.0651018,0.130626,2 head_xyzw=0,0.0406774,0,0.999172 opentrack=-6.51018,-13.0626,200,-4.66258,0,0,
pose 270 head_m=0.0606641,0.130043,2 head_xyzw=0,0.037906,0,0.999281 opentrack=-6.06641,-13.0043,200,-4.34475,0,0,
pose 271 head_m=0.0562661,0.129457,2 head_xyzw=0,0.035159,0,0.999382 opentrack=-5.62661,-12.9457,200,-4.02976,0,0,
pose 272 head_m=0.0519122,0.128871,2 head_xyzw=0,0.0324394,0,0.999474 opentrack=-5.19122,-12.8871,200,-3.71794,0,0,
pose 273 head_m=0.047535,0.128274,2 head_xyzw=0,0.029705,0,0.999559 opentrack=-4.7535,-12.8274,200,-3.40445,0,0,
pose 274 head_m=0.0431515,0.12767,2 head_xyzw=0,0.0269664,0,0.999636 opentrack=-4.31515,-12.767,200,-3.0905,0,0,
pose 275 head_m=0.0387486,0.127056,2 head_xyzw=0,0.0242155,0,0.999707 opentrack=-3.87486,-12.7056,200,-2.77516,0,0,
pose 276 head_m=0.0343419,0.126435,2 head_xyzw=0,0.021462,0,0.99977 opentrack=-3.43419,-12.6435,200,-2.45956,0,0,
pose 277 head_m=0.0298698,0.125797,2 head_xyzw=0,0.0186675,0,0.999826 opentrack=-2.98698,-12.5797,200,-2.13926,0,0,
pose 278 head_m=0.0254477,0.12516,2 head_xyzw=0,0.0159041,0,0.999874 opentrack=-2.54477,-12.516,200,-1.82255,0,0,
pose 279 head_m=0.0208591,0.124491,2 head_xyzw=0,0.0130366,0,0.999915 opentrack=-2.08591,-12.4491,200,-1.49392,0,0,
pose 280 head_m=0.0163608,0.123828,2 head_xyzw=0,0.0102253,0,0.999948 opentrack=-1.63608,-12.3828,200,-1.17176,0,0,
pose 281 head_m=0.0120712,0.123188,2 head_xyzw=0,0.00754442,0,0.999972 opentrack=-1.20712,-12.3188,200,-0.864535,0,0,
pose 282 head_m=0.00766119,0.122524,2 head_xyzw=0,0.00478823,0,0.999989 opentrack=-0.766119,-12.2524,200,-0.548693,0,0,
pose 283 head_m=0.00323575,0.12185,2 head_xyzw=0,0.00202234,0,0.999998 opentrack=-0.323575,-12.185,200,-0.231743,0,0,
pose 284 head_m=-0.00119586,0.121168,2 head_xyzw=0,-0.00074741,0,1 opentrack=0.119586,-12.1168,200,0.0856469,0,0,
pose 285 head_m=-0.00569251,0.120468,2 head_xyzw=0,-0.00355781,0,0.999994 opentrack=0.569251,-12.0468,200,0.407696,0,0,
pose 286 head_m=-0.0100977,0.119775,2 head_xyzw=0,-0.00631105,0,0.99998 opentrack=1.00977,-11.9775,200,0.723198,0,0,
pose 287 head_m=-0.0145839,0.119063,2 head_xyzw=0,-0.00911481,0,0.999958 opentrack=1.45839,-11.9063,200,1.0445,0,0,
pose 288 head_m=-0.019119,0.118334,2 head_xyzw=0,-0.0119491,0,0.999929 opentrack=1.9119,-11.8334,200,1.3693,0,0,
pose 289 head_m=-0.0235418,0.117616,2 head_xyzw=0,-0.0147131,0,0.999892 opentrack=2.35418,-11.7616,200,1.68605,0,0,
pose 290 head_m=-0.027843,0.116911,2 head_xyzw=0,-0.017401,0,0.999849 opentrack=2.7843,-11.6911,200,1.99411,0,0,
pose 291 head_m=-0.0323781,0.116159,2 head_xyzw=0,-0.0202349,0,0.999795 opentrack=3.23781,-11.6159,200,2.31891,0,0,
pose 292 head_m=-0.0366695,0.11544,2 head_xyzw=0,-0.0229164,0,0.999737 opentrack=3.66695,-11.544,200,2.62626,0,0,
pose 293 head_m=-0.0412581,0.114664,2 head_xyzw=0,-0.0257835,0,0.999668 opentrack=4.12581,-11.4664,200,2.9549,0,0,
pose 294 head_m=-0.0455938,0.113922,2 head_xyzw=0,-0.0284923,0,0.999594 opentrack=4.55938,-11.3922,200,3.26541,0,0,
pose 295 head_m=-0.0500476,0.113153,2 head_xyzw=0,-0.0312747,0,0.999511 opentrack=5.00476,-11.3153,200,3.5844,0,0,
pose 296 head_m=-0.0544687,0.112381,2 head_xyzw=0,-0.0340363,0,0.999421 opentrack=5.44687,-11.2381,200,3.90103,0,0,
pose 297 head_m=-0.0588151,0.111614,2 head_xyzw=0,-0.0367512,0,0.999324 opentrack=5.88151,-11.1614,200,4.21232,0,0,
pose 298 head_m=-0.0631772,0.110837,2 head_xyzw=0,-0.0394755,0,0.999221 opentrack=6.31772,-11.0837,200,4.52474,0,0,
pose 299 head_m=-0.0675521,0.110049,2 head_xyzw=0,-0.0422075,0,0.999109 opentrack=6.75521,-11.0049,200,4.83806,0,0,
pose 300 head_m=-0.0719439,0.10925,2 head_xyzw=0,-0.0449498,0,0.998989 opentrack=7.19439,-10.925,200,5.1526,0,0,
pose 301 head_m=-0.0763939,0.108432,2 head_xyzw=0,-0.047728,0,0.99886 opentrack=7.63939,-10.8432,200,5.47131,0,0,
pose 302 head_m=-0.0806149,0.107648,2 head_xyzw=0,-0.050363,0,0.998731 opentrack=8.06149,-10.7648,200,5.77361,0,0,
pose 303 head_m=-0.0849797,0.106829,2 head_xyzw=0,-0.0530874,0,0.99859 opentrack=8.49797,-10.6829,200,6.08623,0,0,
pose 304 head_m=-0.0892874,0.106013,2 head_xyzw=0,-0.0557756,0,0.998443 opentrack=8.92874,-10.6013,200,6.39474,0,0,
pose 305 head_m=-0.0937922,0.10515,2 head_xyzw=0,-0.0585866,0,0.998282 opentrack=9.37922,-10.515,200,6.71737,0,0,
pose 306 head_m=-0.0979684,0.104342,2 head_xyzw=0,-0.061192,0,0.998126 opentrack=9.79684,-10.4342,200,7.01647,0,0,
pose 307 head_m=-0.102248,0.103505,2 head_xyzw=0,-0.0638617,0,0.997959 opentrack=10.2248,-10.3505,200,7.323,0,0,
pose 308 head_m=-0.106714,0.102623,2 head_xyzw=0,-0.0666469,0,0.997777 opentrack=10.6714,-10.2623,200,7.64284,0,0,
pose 309 head_m=-0.110961,0.101775,2 head_xyzw=0,-0.069295,0,0.997596 opentrack=11.0961,-10.1775,200,7.94699,0,0,
pose 310 head_m=-0.115126,0.100934,2 head_xyzw=0,-0.0718917,0,0.997412 opentrack=11.5126,-10.0934,200,8.2453,0,0,
pose 311 head_m=-0.119438,0.100055,2 head_xyzw=0,-0.0745797,0,0.997215 opentrack=11.9438,-10.0055,200,8.55414,0,0,
pose 312 head_m=-0.123696,0.0991783,2 head_xyzw=0,-0.0772329,0,0.997013 opentrack=12.3696,-9.91783,200,8.85906,0,0,
pose 313 head_m=-0.12798,0.0982864,2 head_xyzw=0,-0.0799024,0,0.996803 opentrack=12.798,-9.82864,200,9.16591,0,0,
pose 314 head_m=-0.132143,0.0974107,2 head_xyzw=0,-0.0824953,0,0.996591 opentrack=13.2143,-9.74107,200,9.46402,0,0,
pose 315 head_m=-0.136296,0.0965277,2 head_xyzw=0,-0.0850818,0,0.996374 opentrack=13.6296,-9.65277,200,9.76146,0,0,
pose 316 head_m=-0.140451,0.095635,2 head_xyzw=0,-0.0876691,0,0.99615 opentrack=14.0451,-9.5635,200,10.0591,0,0,
pose 317 head_m=-0.144572,0.0947402,2 head_xyzw=0,-0.0902346,0,0.995921 opentrack=14.4572,-9.47402,200,10.3542,0,0,
pose 318 head_m=-0.14874,0.0938255,2 head_xyzw=0,-0.0928287,0,0.995682 opentrack=14.874,-9.38255,200,10.6527,0,0,
pose 319 head_m=-0.152831,0.0929181,2 head_xyzw=0,-0.0953744,0,0.995441 opentrack=15.2831,-9.29181,200,10.9457,0,0,
pose 320 head_m=-0.156846,0.092018,2 head_xyzw=0,-0.0978721,0,0.995199 opentrack=15.6846,-9.2018,200,11.2333,0,0,
pose 321 head_m=-0.160981,0.0910812,2 head_xyzw=0,-0.100443,0,0.994943 opentrack=16.0981,-9.10812,200,11.5294,0,0,
pose 322 head_m=-0.165195,0.0901157,2 head_xyzw=0,-0.103064,0,0.994675 opentrack=16.5195,-9.01157,200,11.8312,0,0,
pose 323 head_m=-0.169138,0.0892024,2 head_xyzw=0,-0.105514,0,0.994418 opentrack=16.9138,-8.92024,200,12.1136,0,0,
pose 324 head_m=-0.173199,0.0882513,2 head_xyzw=0,-0.108038,0,0.994147 opentrack=17.3199,-8.82513,200,12.4045,0,0,
pose 325 head_m=-0.177194,0.0873054,2 head_xyzw=0,-0.11052,0,0.993874 opentrack=17.7194,-8.73054,200,12.6906,0,0,
pose 326 head_m=-0.181139,0.0863609,2 head_xyzw=0,-0.11297,0,0.993598 opentrack=18.1139,-8.63609,200,12.9731,0,0,
pose 327 head_m=-0.185064,0.0854109,2 head_xyzw=0,-0.115407,0,0.993318 opentrack=18.5064,-8.54109,200,13.2542,0,0,
pose 328 head_m=-0.18896,0.0844571,2 head_xyzw=0,-0.117826,0,0.993034 opentrack=18.896,-8.44571,200,13.5333,0,0,
pose 329 head_m=-0.192917,0.0834776,2 head_xyzw=0,-0.120281,0,0.99274 opentrack=19.2917,-8.34776,200,13.8167,0,0,
pose 330 head_m=-0.196699,0.0825308,2 head_xyzw=0,-0.122628,0,0.992453 opentrack=19.6699,-8.25308,200,14.0875,0,0,
pose 331 head_m=-0.200537,0.0815593,2 head_xyzw=0,-0.125008,0,0.992156 opentrack=20.0537,-8.15593,200,14.3624,0,0,
pose 332 head_m=-0.204445,0.0805582,2 head_xyzw=0,-0.127431,0,0.991847 opentrack=20.4445,-8.05582,200,14.6423,0,0,
pose 333 head_m=-0.208226,0.0795787,2 head_xyzw=0,-0.129774,0,0.991544 opentrack=20.8226,-7.95787,200,14.9131,0,0,
pose 334 head_m=-0.212,0.0785893,2 head_xyzw=0,-0.132113,0,0.991235 opentrack=21.2,-7.85893,200,15.1834,0,0,
pose 335 head_m=-0.215741,0.0775972,2 head_xyzw=0,-0.13443,0,0.990923 opentrack=21.5741,-7.75972,200,15.4513,0,0,
pose 336 head_m=-0.219451,0.0766017,2 head_xyzw=0,-0.136727,0,0.990609 opentrack=21.9451,-7.66017,200,15.717,0,0,
pose 337 head_m=-0.223249,0.0755701,2 head_xyzw=0,-0.139078,0,0.990281 opentrack=22.3249,-7.55701,200,15.989,0,0,
pose 338 head_m=-0.226845,0.0745815,2 head_xyzw=0,-0.141304,0,0.989966 opentrack=22.6845,-7.45815,200,16.2466,0,0,
pose 339 head_m=-0.230557,0.0735487,2 head_xyzw=0,-0.1436,0,0.989636 opentrack=23.0557,-7.35487,200,16.5125,0,0,
pose 340 head_m=-0.234192,0.0725249,2 head_xyzw=0,-0.145848,0,0.989307 opentrack=23.4192,-7.25249,200,16.7727,0,0,
pose 341 head_m=-0.237728,0.0715165,2 head_xyzw=0,-0.148034,0,0.988982 opentrack=23.7728,-7.15165,200,17.026,0,0,
pose 342 head_m=-0.241338,0.0704742,2 head_xyzw=0,-0.150265,0,0.988646 opentrack=24.1338,-7.04742,200,17.2845,0,0,
pose 343 head_m=-0.24493,0.0694238,2 head_xyzw=0,-0.152484,0,0.988306 opentrack=24.493,-6.94238,200,17.5418,0,0,
pose 344 head_m=-0.24832,0.0684198,2 head_xyzw=0,-0.154578,0,0.987981 opentrack=24.832,-6.84198,200,17.7846,0,0,
pose 345 head_m=-0.251836,0.0673653,2 head_xyzw=0,-0.156748,0,0.987639 opentrack=25.1836,-6.73653,200,18.0364,0,0,
pose 346 head_m=-0.255249,0.0663282,2 head_xyzw=0,-0.158855,0,0.987302 opentrack=25.5249,-6.63282,200,18.2809,0,0,
pose 347 head_m=-0.258645,0.0652832,2 head_xyzw=0,-0.16095,0,0.986963 opentrack=25.8645,-6.52832,200,18.5241,0,0,
pose 348 head_m=-0.262011,0.0642332,2 head_xyzw=0,-0.163026,0,0.986622 opentrack=26.2011,-6.42332,200,18.7652,0,0,
pose 349 head_m=-0.265345,0.0631798,2 head_xyzw=0,-0.165081,0,0.98628 opentrack=26.5345,-6.31798,200,19.0039,0,0,
pose 350 head_m=-0.268632,0.0621268,2 head_xyzw=0,-0.167107,0,0.985939 opentrack=26.8632,-6.21268,200,19.2394,0,0,
pose 351 head_m=-0.271989,0.0610367,2 head_xyzw=0,-0.169176,0,0.985586 opentrack=27.1989,-6.10367,200,19.4798,0,0,
pose 352 head_m=-0.275204,0.0599783,2 head_xyzw=0,-0.171155,0,0.985244 opentrack=27.5204,-5.99783,200,19.71,0,0,
pose 353 head_m=-0.278456,0.0588923,2 head_xyzw=0,-0.173158,0,0.984894 opentrack=27.8456,-5.88923,200,19.9429,0,0,
pose 354 head_m=-0.281515,0.0578564,2 head_xyzw=0,-0.175041,0,0.984561 opentrack=28.1515,-5.78564,200,20.162,0,0,
pose 355 head_m=-0.284779,0.0567354,2 head_xyzw=0,-0.177049,0,0.984202 opentrack=28.4779,-5.67354,200,20.3958,0,0,
pose 356 head_m=-0.287869,0.0556583,2 head_xyzw=0,-0.178949,0,0.983858 opentrack=28.7869,-5.56583,200,20.6171,0,0,
pose 357 head_m=-0.29091,0.0545832,2 head_xyzw=0,-0.180818,0,0.983517 opentrack=29.091,-5.45832,200,20.8349,0,0,
pose 358 head_m=-0.293921,0.0535025,2 head_xyzw=0,-0.182669,0,0.983174 opentrack=29.3921,-5.35025,200,21.0505,0,0,
pose 359 head_m=-0.296896,0.0524189,2 head_xyzw=0,-0.184497,0,0.982833 opentrack=29.6896,-5.24189,200,21.2636,0,0,
pose 360 head_m=-0.299838,0.0513307,2 head_xyzw=0,-0.186304,0,0.982492 opentrack=29.9838,-5.13307,200,21.4743,0,0,
pose 361 head_m=-0.302742,0.0502403,2 head_xyzw=0,-0.188087,0,0.982152 opentrack=30.2742,-5.02403,200,21.6823,0,0,
pose 362 head_m=-0.305682,0.0491187,2 head_xyzw=0,-0.189891,0,0.981805 opentrack=30.5682,-4.91187,200,21.8929,0,0,
pose 363 head_m=-0.308516,0.0480202,2 head_xyzw=0,-0.19163,0,0.981467 opentrack=30.8516,-4.80202,200,22.0958,0,0,
pose 364 head_m=-0.311324,0.0469141,2 head_xyzw=0,-0.193352,0,0.981129 opentrack=31.1324,-4.69141,200,22.297,0,0,
pose 365 head_m=-0.31408,0.0458109,2 head_xyzw=0,-0.195042,0,0.980795 opentrack=31.408,-4.58109,200,22.4943,0,0,
pose 366 head_m=-0.316801,0.0447034,2 head_xyzw=0,-0.196709,0,0.980462 opentrack=31.6801,-4.47034,200,22.6892,0,0,
pose 367 head_m=-0.319527,0.043575,2 head_xyzw=0,-0.198379,0,0.980125 opentrack=31.9527,-4.3575,200,22.8844,0,0,
pose 368 head_m=-0.322166,0.0424635,2 head_xyzw=0,-0.199996,0,0.979797 opentrack=32.2166,-4.24635,200,23.0735,0,0,
pose 369 head_m=-0.32477,0.0413478,2 head_xyzw=0,-0.20159,0,0.97947 opentrack=32.477,-4.13478,200,23.26,0,0,
pose 370 head_m=-0.327325,0.0402339,2 head_xyzw=0,-0.203154,0,0.979147 opentrack=32.7325,-4.02339,200,23.4429,0,0,
pose 371 head_m=-0.329907,0.0390871,2 head_xyzw=0,-0.204734,0,0.978818 opentrack=32.9907,-3.90871,200,23.6279,0,0,
pose 372 head_m=-0.332433,0.0379444,2 head_xyzw=0,-0.206279,0,0.978493 opentrack=33.2433,-3.79444,200,23.8088,0,0,
pose 373 head_m=-0.334906,0.0368045,2 head_xyzw=0,-0.207791,0,0.978173 opentrack=33.4906,-3.68045,200,23.9859,0,0,
pose 374 head_m=-0.337304,0.035678,2 head_xyzw=0,-0.209257,0,0.977861 opentrack=33.7304,-3.5678,200,24.1576,0,0,
pose 375 head_m=-0.339658,0.0345502,2 head_xyzw=0,-0.210696,0,0.977552 opentrack=33.9658,-3.45502,200,24.3262,0,0,
pose 376 head_m=-0.341973,0.0334194,2 head_xyzw=0,-0.21211,0,0.977246 opentrack=34.1973,-3.34194,200,24.492,0,0,
pose 377 head_m=-0.344257,0.0322815,2 head_xyzw=0,-0.213504,0,0.976942 opentrack=34.4257,-3.22815,200,24.6556,0,0,
pose 378 head_m=-0.346523,0.0311286,2 head_xyzw=0,-0.214888,0,0.976639 opentrack=34.6523,-3.11286,200,24.8179,0,0,
pose 379 head_m=-0.348666,0.0300156,2 head_xyzw=0,-0.216196,0,0.97635 opentrack=34.8666,-3.00156,200,24.9714,0,0,
pose 380 head_m=-0.350816,0.0288755,2 head_xyzw=0,-0.217507,0,0.976059 opentrack=35.0816,-2.88755,200,25.1253,0,0,
pose 381 head_m=-0.352946,0.0277205,2 head_xyzw=0,-0.218807,0,0.975768 opentrack=35.2946,-2.77205,200,25.2779,0,0,
pose 382 head_m=-0.355017,0.0265724,2 head_xyzw=0,-0.220069,0,0.975484 opentrack=35.5017,-2.65724,200,25.4262,0,0,
pose 383 head_m=-0.357089,0.025397,2 head_xyzw=0,-0.221332,0,0.975198 opentrack=35.7089,-2.5397,200,25.5746,0,0,
pose 384 head_m=-0.359067,0.0242477,2 head_xyzw=0,-0.222538,0,0.974924 opentrack=35.9067,-2.42477,200,25.7163,0,0,
pose 385 head_m=-0.361037,0.0230755,2 head_xyzw=0,-0.223738,0,0.974649 opentrack=36.1037,-2.30755,200,25.8574,0,0,
pose 386 head_m=-0.36289,0.0219453,2 head_xyzw=0,-0.224867,0,0.974389 opentrack=36.289,-2.19453,200,25.9901,0,0,
pose 387 head_m=-0.364743,0.0207872,2 head_xyzw=0,-0.225995,0,0.974129 opentrack=36.4743,-2.07872,200,26.1228,0,0,
pose 388 head_m=-0.366494,0.019664,2 head_xyzw=0,-0.227061,0,0.973881 opentrack=36.6494,-1.9664,200,26.2482,0,0,
pose 389 head_m=-0.368244,0.0185124,2 head_xyzw=0,-0.228126,0,0.973632 opentrack=36.8244,-1.85124,200,26.3735,0,0,
pose 390 head_m=-0.37002,0.0173106,2 head_xyzw=0,-0.229206,0,0.973378 opentrack=37.002,-1.73106,200,26.5007,0,0,
pose 391 head_m=-0.371671,0.0161613,2 head_xyzw=0,-0.230211,0,0.973141 opentrack=37.1671,-1.61613,200,26.619,0,0,
pose 392 head_m=-0.373314,0.0149843,2 head_xyzw=0,-0.23121,0,0.972904 opentrack=37.3314,-1.49843,200,26.7366,0,0,
pose 393 head_m=-0.374844,0.0138552,2 head_xyzw=0,-0.23214,0,0.972682 opentrack=37.4844,-1.38552,200,26.8462,0,0,
pose 394 head_m=-0.376375,0.0126909,2 head_xyzw=0,-0.233071,0,0.97246 opentrack=37.6375,-1.26909,200,26.9559,0,0,
pose 395 head_m=-0.377856,0.0115279,2 head_xyzw=0,-0.233971,0,0.972244 opentrack=37.7856,-1.15279,200,27.062,0,0,
pose 396 head_m=-0.379299,0.0103581,2 head_xyzw=0,-0.234848,0,0.972032 opentrack=37.9299,-1.03581,200,27.1653,0,0,
pose 397 head_m=-0.38068,0.00920005,2 head_xyzw=0,-0.235686,0,0.971829 opentrack=38.068,-0.920005,200,27.2642,0,0,
pose 398 head_m=-0.382029,0.00802762,2 head_xyzw=0,-0.236506,0,0.97163 opentrack=38.2029,-0.802762,200,27.3608,0,0,
pose 399 head_m=-0.383332,0.00685366,2 head_xyzw=0,-0.237297,0,0.971437 opentrack=38.3332,-0.685366,200,27.4542,0,0,
pose 400 head_m=-0.384551,0.00571415,2 head_xyzw=0,-0.238037,0,0.971256 opentrack=38.4551,-0.571415,200,27.5414,0,0,
pose 401 head_m=-0.385742,0.00455613,2 head_xyzw=0,-0.23876,0,0.971079 opentrack=38.5742,-0.455613,200,27.6268,0,0,
pose 402 head_m=-0.386904,0.0033805,2 head_xyzw=0,-0.239465,0,0.970905 opentrack=38.6904,-0.33805,200,27.7099,0,0,
pose 403 head_m=-0.388021,0.00219969,2 head_xyzw=0,-0.240143,0,0.970738 opentrack=38.8021,-0.219969,200,27.79,0,0,
pose 404 head_m=-0.389065,0.00104654,2 head_xyzw=0,-0.240776,0,0.970581 opentrack=38.9065,-0.104654,200,27.8647,0,0,
pose 405 head_m=-0.390074,-0.00012182,2 head_xyzw=0,-0.241388,0,0.970429 opentrack=39.0074,0.012182,200,27.937,0,0,
pose 406 head_m=-0.391048,-0.00130645,2 head_xyzw=0,-0.241979,0,0.970281 opentrack=39.1048,0.130645,200,28.0068,0,0,
pose 407 head_m=-0.391933,-0.00243795,2 head_xyzw=0,-0.242515,0,0.970148 opentrack=39.1933,0.243795,200,28.0701,0,0,
pose 408 head_m=-0.392828,-0.00364858,2 head_xyzw=0,-0.243059,0,0.970012 opentrack=39.2828,0.364858,200,28.1343,0,0,
pose 409 head_m=-0.393636,-0.00480598,2 head_xyzw=0,-0.243548,0,0.969889 opentrack=39.3636,0.480598,200,28.1921,0,0,
pose 410 head_m=-0.394396,-0.00596312,2 head_xyzw=0,-0.244009,0,0.969773 opentrack=39.4396,0.596312,200,28.2465,0,0,
pose 411 head_m=-0.395111,-0.00712596,2 head_xyzw=0,-0.244442,0,0.969664 opentrack=39.5111,0.712596,200,28.2977,0,0,
pose 412 head_m=-0.395775,-0.00828224,2 head_xyzw=0,-0.244844,0,0.969562 opentrack=39.5775,0.828224,200,28.3453,0,0,
pose 413 head_m=-0.396389,-0.00943693,2 head_xyzw=0,-0.245217,0,0.969468 opentrack=39.6389,0.943693,200,28.3893,0,0,
pose 414 head_m=-0.396957,-0.0105927,2 head_xyzw=0,-0.245561,0,0.969381 opentrack=39.6957,1.05927,200,28.4299,0,0,
pose 415 head_m=-0.397486,-0.0117722,2 head_xyzw=0,-0.245881,0,0.9693 opentrack=39.7486,1.17722,200,28.4679,0,0,
pose 416 head_m=-0.397969,-0.0129601,2 head_xyzw=0,-0.246174,0,0.969226 opentrack=39.7969,1.29601,200,28.5024,0,0,
pose 417 head_m=-0.398391,-0.0141211,2 head_xyzw=0,-0.24643,0,0.969161 opentrack=39.8391,1.41211,200,28.5327,0,0,
pose 418 head_m=-0.398764,-0.0152775,2 head_xyzw=0,-0.246655,0,0.969103 opentrack=39.8764,1.52775,200,28.5593,0,0,
pose 419 head_m=-0.399085,-0.0164268,2 head_xyzw=0,-0.24685,0,0.969054 opentrack=39.9085,1.64268,200,28.5824,0,0,
pose 420 head_m=-0.399365,-0.0176048,2 head_xyzw=0,-0.247019,0,0.969011 opentrack=39.9365,1.76048,200,28.6024,0,0,
pose 421 head_m=-0.399586,-0.0187373,2 head_xyzw=0,-0.247153,0,0.968976 opentrack=39.9586,1.87373,200,28.6183,0,0,
pose 422 head_m=-0.399762,-0.0198821,2 head_xyzw=0,-0.24726,0,0.968949 opentrack=39.9762,1.98821,200,28.6309,0,0,
pose 423 head_m=-0.39989,-0.0210328,2 head_xyzw=0,-0.247338,0,0.968929 opentrack=39.989,2.10328,200,28.64,0,0,
pose 424 head_m=-0.399972,-0.0222339,2 head_xyzw=0,-0.247387,0,0.968917 opentrack=39.9972,2.22339,200,28.6459,0,0,
pose 425 head_m=-0.4,-0.0233777,2 head_xyzw=0,-0.247404,0,0.968912 opentrack=40,2.33777,200,28.6479,0,0,
pose 426 head_m=-0.399979,-0.0245199,2 head_xyzw=0,-0.247391,0,0.968916 opentrack=39.9979,2.45199,200,28.6464,0,0,
pose 427 head_m=-0.39991,-0.0256679,2 head_xyzw=0,-0.247349,0,0.968926 opentrack=39.991,2.56679,200,28.6414,0,0,
pose 428 head_m=-0.399791,-0.0268079,2 head_xyzw=0,-0.247278,0,0.968945 opentrack=39.9791,2.68079,200,28.633,0,0,
pose 429 head_m=-0.399625,-0.0279456,2 head_xyzw=0,-0.247177,0,0.96897 opentrack=39.9625,2.79456,200,28.621,0,0,
pose 430 head_m=-0.399409,-0.0290832,2 head_xyzw=0,-0.247046,0,0.969004 opentrack=39.9409,2.90832,200,28.6056,0,0,
pose 431 head_m=-0.399142,-0.0302329,2 head_xyzw=0,-0.246884,0,0.969045 opentrack=39.9142,3.02329,200,28.5864,0,0,
pose 432 head_m=-0.398828,-0.031367,2 head_xyzw=0,-0.246694,0,0.969093 opentrack=39.8828,3.1367,200,28.564,0,0,
pose 433 head_m=-0.398449,-0.0325504,2 head_xyzw=0,-0.246465,0,0.969152 opentrack=39.8449,3.25504,200,28.5368,0,0,
pose 434 head_m=-0.39803,-0.0336972,2 head_xyzw=0,-0.246211,0,0.969216 opentrack=39.803,3.36972,200,28.5068,0,0,
pose 435 head_m=-0.397576,-0.0348072,2 head_xyzw=0,-0.245936,0,0.969286 opentrack=39.7576,3.48072,200,28.4743,0,0,
pose 436 head_m=-0.397064,-0.0359386,2 head_xyzw=0,-0.245626,0,0.969365 opentrack=39.7064,3.59386,200,28.4376,0,0,
pose 437 head_m=-0.396493,-0.0370866,2 head_xyzw=0,-0.24528,0,0.969452 opentrack=39.6493,3.70866,200,28.3968,0,0,
pose 438 head_m=-0.395884,-0.0382125,2 head_xyzw=0,-0.24491,0,0.969546 opentrack=39.5884,3.82125,200,28.3531,0,0,
pose 439 head_m=-0.39523,-0.0393293,2 head_xyzw=0,-0.244514,0,0.969646 opentrack=39.523,3.93293,200,28.3062,0,0,
pose 440 head_m=-0.394505,-0.0404777,2 head_xyzw=0,-0.244075,0,0.969756 opentrack=39.4505,4.04777,200,28.2544,0,0,
pose 441 head_m=-0.393738,-0.0416121,2 head_xyzw=0,-0.24361,0,0.969873 opentrack=39.3738,4.16121,200,28.1994,0,0,
pose 442 head_m=-0.392951,-0.0427044,2 head_xyzw=0,-0.243133,0,0.969993 opentrack=39.2951,4.27044,200,28.143,0,0,
pose 443 head_m=-0.392104,-0.0438116,2 head_xyzw=0,-0.242619,0,0.970122 opentrack=39.2104,4.38116,200,28.0824,0,0,
pose 444 head_m=-0.391205,-0.0449209,2 head_xyzw=0,-0.242074,0,0.970258 opentrack=39.1205,4.49209,200,28.018,0,0,
pose 445 head_m=-0.390261,-0.0460255,2 head_xyzw=0,-0.241501,0,0.9704 opentrack=39.0261,4.60255,200,27.9504,0,0,
pose 446 head_m=-0.389273,-0.0471221,2 head_xyzw=0,-0.240903,0,0.970549 opentrack=38.9273,4.71221,200,27.8796,0,0,
pose 447 head_m=-0.388187,-0.0482697,2 head_xyzw=0,-0.240243,0,0.970713 opentrack=38.8187,4.82697,200,27.8018,0,0,
pose 448 head_m=-0.387085,-0.0493781,2 head_xyzw=0,-0.239575,0,0.970878 opentrack=38.7085,4.93781,200,27.7229,0,0,
pose 449 head_m=-0.385953,-0.0504669,2 head_xyzw=0,-0.238888,0,0.971047 opentrack=38.5953,5.04669,200,27.6418,0,0,
pose 450 head_m=-0.38477,-0.0515568,2 head_xyzw=0,-0.23817,0,0.971224 opentrack=38.477,5.15568,200,27.5571,0,0,
pose 451 head_m=-0.383541,-0.052642,2 head_xyzw=0,-0.237424,0,0.971406 opentrack=38.3541,5.2642,200,27.4691,0,0,
pose 452 head_m=-0.382266,-0.0537241,2 head_xyzw=0,-0.23665,0,0.971595 opentrack=38.2266,5.37241,200,27.3778,0,0,
pose 453 head_m=-0.380939,-0.0548076,2 head_xyzw=0,-0.235844,0,0.971791 opentrack=38.0939,5.48076,200,27.2828,0,0,
pose 454 head_m=-0.379507,-0.0559331,2 head_xyzw=0,-0.234974,0,0.972002 opentrack=37.9507,5.59331,200,27.1802,0,0,
pose 455 head_m=-0.37809,-0.0570058,2 head_xyzw=0,-0.234113,0,0.972209 opentrack=37.809,5.70058,200,27.0787,0,0,
pose 456 head_m=-0.376656,-0.0580544,2 head_xyzw=0,-0.233242,0,0.972419 opentrack=37.6656,5.80544,200,26.976,0,0,
pose 457 head_m=-0.375108,-0.0591485,2 head_xyzw=0,-0.232301,0,0.972644 opentrack=37.5108,5.91485,200,26.8651,0,0,
pose 458 head_m=-0.373554,-0.0602105,2 head_xyzw=0,-0.231356,0,0.972869 opentrack=37.3554,6.02105,200,26.7538,0,0,
pose 459 head_m=-0.371946,-0.0612745,2 head_xyzw=0,-0.230378,0,0.973101 opentrack=37.1946,6.12745,200,26.6386,0,0,
pose 460 head_m=-0.3703,-0.06233,2 head_xyzw=0,-0.229377,0,0.973338 opentrack=37.03,6.233,200,26.5208,0,0,
pose 461 head_m=-0.36858,-0.0633991,2 head_xyzw=0,-0.228331,0,0.973584 opentrack=36.858,6.33991,200,26.3976,0,0,
pose 462 head_m=-0.366844,-0.0644466,2 head_xyzw=0,-0.227274,0,0.973831 opentrack=36.6844,6.44466,200,26.2733,0,0,
pose 463 head_m=-0.365063,-0.0654904,2 head_xyzw=0,-0.22619,0,0.974083 opentrack=36.5063,6.54904,200,26.1457,0,0,
pose 464 head_m=-0.363163,-0.0665722,2 head_xyzw=0,-0.225033,0,0.974351 opentrack=36.3163,6.65722,200,26.0097,0,0,
pose 465 head_m=-0.361283,-0.0676127,2 head_xyzw=0,-0.223888,0,0.974615 opentrack=36.1283,6.76127,200,25.875,0,0,
pose 466 head_m=-0.35935,-0.0686537,2 head_xyzw=0,-0.222711,0,0.974885 opentrack=35.935,6.86537,200,25.7366,0,0,
pose 467 head_m=-0.357422,-0.0696652,2 head_xyzw=0,-0.221535,0,0.975152 opentrack=35.7422,6.96652,200,25.5985,0,0,
pose 468 head_m=-0.355413,-0.0706918,2 head_xyzw=0,-0.220311,0,0.97543 opentrack=35.5413,7.06918,200,25.4546,0,0,
pose 469 head_m=-0.353323,-0.0717329,2 head_xyzw=0,-0.219037,0,0.975717 opentrack=35.3323,7.17329,200,25.3049,0,0,
pose 470 head_m=-0.351255,-0.0727377,2 head_xyzw=0,-0.217775,0,0.975999 opentrack=35.1255,7.27377,200,25.1568,0,0,
pose 471 head_m=-0.349018,-0.0737976,2 head_xyzw=0,-0.21641,0,0.976303 opentrack=34.9018,7.37976,200,24.9965,0,0,
pose 472 head_m=-0.346903,-0.0747752,2 head_xyzw=0,-0.21512,0,0.976588 opentrack=34.6903,7.47752,200,24.8451,0,0,
pose 473 head_m=-0.34469,-0.0757751,2 head_xyzw=0,-0.213769,0,0.976884 opentrack=34.469,7.57751,200,24.6866,0,0,
pose 474 head_m=-0.342326,-0.0768178,2 head_xyzw=0,-0.212325,0,0.977199 opentrack=34.2326,7.68178,200,24.5173,0,0,
pose 475 head_m=-0.34002,-0.0778116,2 head_xyzw=0,-0.210917,0,0.977504 opentrack=34.002,7.78116,200,24.3521,0,0,
pose 476 head_m=-0.337635,-0.0788162,2 head_xyzw=0,-0.209459,0,0.977817 opentrack=33.7635,7.88162,200,24.1813,0,0,
pose 477 head_m=-0.335252,-0.0797981,2 head_xyzw=0,-0.208003,0,0.978128 opentrack=33.5252,7.97981,200,24.0106,0,0,
pose 478 head_m=-0.332817,-0.0807794,2 head_xyzw=0,-0.206514,0,0.978444 opentrack=33.2817,8.07794,200,23.8363,0,0,
pose 479 head_m=-0.330358,-0.0817495,2 head_xyzw=0,-0.20501,0,0.97876 opentrack=33.0358,8.17495,200,23.6602,0,0,
pose 480 head_m=-0.327853,-0.082717,2 head_xyzw=0,-0.203477,0,0.97908 opentrack=32.7853,8.2717,200,23.4808,0,0,
pose 481 head_m=-0.325229,-0.0837096,2 head_xyzw=0,-0.201871,0,0.979412 opentrack=32.5229,8.37096,200,23.2928,0,0,
pose 482 head_m=-0.322648,-0.0846654,2 head_xyzw=0,-0.200291,0,0.979736 opentrack=32.2648,8.46654,200,23.108,0,0,
pose 483 head_m=-0.320018,-0.0856198,2 head_xyzw=0,-0.19868,0,0.980064 opentrack=32.0018,8.56198,200,22.9196,0,0,
pose 484 head_m=-0.317353,-0.0865678,2 head_xyzw=0,-0.197047,0,0.980394 opentrack=31.7353,8.65678,200,22.7287,0,0,
pose 485 head_m=-0.31464,-0.0875138,2 head_xyzw=0,-0.195385,0,0.980727 opentrack=31.464,8.75138,200,22.5344,0,0,
pose 486 head_m=-0.311769,-0.0884948,2 head_xyzw=0,-0.193625,0,0.981076 opentrack=31.1769,8.84948,200,22.3288,0,0,
pose 487 head_m=-0.308985,-0.0894277,2 head_xyzw=0,-0.191917,0,0.981411 opentrack=30.8985,8.94277,200,22.1294,0,0,
pose 488 head_m=-0.30617,-0.090353,2 head_xyzw=0,-0.190191,0,0.981747 opentrack=30.617,9.0353,200,21.9278,0,0,
pose 489 head_m=-0.30331,-0.0912755,2 head_xyzw=0,-0.188435,0,0.982086 opentrack=30.331,9.12755,200,21.723,0,0,
pose 490 head_m=-0.300415,-0.0921918,2 head_xyzw=0,-0.186658,0,0.982425 opentrack=30.0415,9.21918,200,21.5157,0,0,
pose 491 head_m=-0.297477,-0.0931048,2 head_xyzw=0,-0.184854,0,0.982766 opentrack=29.7477,9.31048,200,21.3052,0,0,
pose 492 head_m=-0.294509,-0.0940101,2 head_xyzw=0,-0.183031,0,0.983107 opentrack=29.4509,9.40101,200,21.0927,0,0,
pose 493 head_m=-0.291361,-0.0949528,2 head_xyzw=0,-0.181096,0,0.983465 opentrack=29.1361,9.49528,200,20.8672,0,0,
pose 494 head_m=-0.288313,-0.0958486,2 head_xyzw=0,-0.179222,0,0.983809 opentrack=28.8313,9.58486,200,20.6489,0,0,
pose 495 head_m=-0.285233,-0.0967379,2 head_xyzw=0,-0.177328,0,0.984152 opentrack=28.5233,9.67379,200,20.4283,0,0,
pose 496 head_m=-0.282122,-0.0976202,2 head_xyzw=0,-0.175414,0,0.984495 opentrack=28.2122,9.76202,200,20.2055,0,0,
pose 497 head_m=-0.278969,-0.098499,2 head_xyzw=0,-0.173473,0,0.984839 opentrack=27.8969,9.8499,200,19.9797,0,0,
pose 498 head_m=-0.275799,-0.099367,2 head_xyzw=0,-0.171522,0,0.98518 opentrack=27.5799,9.9367,200,19.7527,0,0,
pose 499 head_m=-0.272585,-0.100232,2 head_xyzw=0,-0.169543,0,0.985523 opentrack=27.2585,10.0232,200,19.5225,0,0,
pose 500 head_m=-0.269191,-0.10113,2 head_xyzw=0,-0.167452,0,0.98588 opentrack=26.9191,10.113,200,19.2794,0,0,
pose 501 head_m=-0.265913,-0.101982,2 head_xyzw=0,-0.165432,0,0.986221 opentrack=26.5913,10.1982,200,19.0446,0,0,
pose 502 head_m=-0.262592,-0.10283,2 head_xyzw=0,-0.163384,0,0.986563 opentrack=26.2592,10.283,200,18.8067,0,0,
pose 503 head_m=-0.259256,-0.103668,2 head_xyzw=0,-0.161327,0,0.986901 opentrack=25.9256,10.3668,200,18.5678,0,0,
pose 504 head_m=-0.255811,-0.104519,2 head_xyzw=0,-0.159202,0,0.987246 opentrack=25.5811,10.4519,200,18.3211,0,0,
pose 505 head_m=-0.252472,-0.10533,2 head_xyzw=0,-0.157141,0,0.987576 opentrack=25.2472,10.533,200,18.082,0,0,
pose 506 head_m=-0.249029,-0.106153,2 head_xyzw=0,-0.155015,0,0.987912 opentrack=24.9029,10.6153,200,17.8354,0,0,
pose 507 head_m=-0.245405,-0.107005,2 head_xyzw=0,-0.152777,0,0.988261 opentrack=24.5405,10.7005,200,17.5758,0,0,
pose 508 head_m=-0.241998,-0.107792,2 head_xyzw=0,-0.150673,0,0.988584 opentrack=24.1998,10.7792,200,17.3318,0,0,
pose 509 head_m=-0.238411,-0.108607,2 head_xyzw=0,-0.148456,0,0.988919 opentrack=23.8411,10.8607,200,17.0749,0,0,
pose 510 head_m=-0.234815,-0.109412,2 head_xyzw=0,-0.146233,0,0.98925 opentrack=23.4815,10.9412,200,16.8174,0,0,
pose 511 head_m=-0.231132,-0.110222,2 head_xyzw=0,-0.143956,0,0.989584 opentrack=23.1132,11.0222,200,16.5536,0,0,
pose 512 head_m=-0.227592,-0.110988,2 head_xyzw=0,-0.141766,0,0.9899 opentrack=22.7592,11.0988,200,16.3001,0,0,
pose 513 head_m=-0.223946,-0.111765,2 head_xyzw=0,-0.13951,0,0.990221 opentrack=22.3946,11.1765,200,16.039,0,0,
pose 514 head_m=-0.220162,-0.112558,2 head_xyzw=0,-0.137167,0,0.990548 opentrack=22.0162,11.2558,200,15.7679,0,0,
pose 515 head_m=-0.216508,-0.113311,2 head_xyzw=0,-0.134905,0,0.990859 opentrack=21.6508,11.3311,200,15.5062,0,0,
pose 516 head_m=-0.212708,-0.114082,2 head_xyzw=0,-0.132552,0,0.991176 opentrack=21.2708,11.4082,200,15.2341,0,0,
pose 517 head_m=-0.208889,-0.114844,2 head_xyzw=0,-0.130185,0,0.99149 opentrack=20.8889,11.4844,200,14.9606,0,0,
pose 518 head_m=-0.20508,-0.115593,2 head_xyzw=0,-0.127824,0,0.991797 opentrack=20.508,11.5593,200,14.6878,0,0,
pose 519 head_m=-0.201274,-0.116328,2 head_xyzw=0,-0.125465,0,0.992098 opentrack=20.1274,11.6328,200,14.4152,0,0,
pose 520 head_m=-0.197413,-0.117063,2 head_xyzw=0,-0.12307,0,0.992398 opentrack=19.7413,11.7063,200,14.1387,0,0,
pose 521 head_m=-0.193543,-0.117787,2 head_xyzw=0,-0.12067,0,0.992693 opentrack=19.3543,11.7787,200,13.8615,0,0,
pose 522 head_m=-0.189671,-0.118501,2 head_xyzw=0,-0.118267,0,0.992982 opentrack=18.9671,11.8501,200,13.5842,0,0,
pose 523 head_m=-0.185775,-0.119207,2 head_xyzw=0,-0.115849,0,0.993267 opentrack=18.5775,11.9207,200,13.3051,0,0,
pose 524 head_m=-0.181789,-0.119919,2 head_xyzw=0,-0.113374,0,0.993552 opentrack=18.1789,11.9919,200,13.0197,0,0,
pose 525 head_m=-0.177845,-0.120611,2 head_xyzw=0,-0.110925,0,0.993829 opentrack=17.7845,12.0611,200,12.7372,0,0,
pose 526 head_m=-0.17387,-0.121298,2 head_xyzw=0,-0.108455,0,0.994101 opentrack=17.387,12.1298,200,12.4525,0,0,
pose 527 head_m=-0.169889,-0.121976,2 head_xyzw=0,-0.105981,0,0.994368 opentrack=16.9889,12.1976,200,12.1674,0,0,
pose 528 head_m=-0.165705,-0.122676,2 head_xyzw=0,-0.103381,0,0.994642 opentrack=16.5705,12.2676,200,11.8677,0,0,
pose 529 head_m=-0.161676,-0.123339,2 head_xyzw=0,-0.100875,0,0.994899 opentrack=16.1676,12.3339,200,11.5792,0,0,
pose 530 head_m=-0.157634,-0.123994,2 head_xyzw=0,-0.0983617,0,0.995151 opentrack=15.7634,12.3994,200,11.2897,0,0,
pose 531 head_m=-0.153563,-0.124643,2 head_xyzw=0,-0.0958295,0,0.995398 opentrack=15.3563,12.4643,200,10.9981,0,0,
pose 532 head_m=-0.149472,-0.125285,2 head_xyzw=0,-0.0932841,0,0.99564 opentrack=14.9472,12.5285,200,10.7051,0,0,
pose 533 head_m=-0.145341,-0.125923,2 head_xyzw=0,-0.0907133,0,0.995877 opentrack=14.5341,12.5923,200,10.4093,0,0,
pose 534 head_m=-0.141228,-0.126547,2 head_xyzw=0,-0.0881526,0,0.996107 opentrack=14.1228,12.6547,200,10.1147,0,0,
pose 535 head_m=-0.136898,-0.127194,2 head_xyzw=0,-0.085457,0,0.996342 opentrack=13.6898,12.7194,200,9.80461,0,0,
pose 536 head_m=-0.13271,-0.127809,2 head_xyzw=0,-0.0828486,0,0.996562 opentrack=13.271,12.7809,200,9.50464,0,0,
pose 537 head_m=-0.128644,-0.128396,2 head_xyzw=0,-0.080316,0,0.996769 opentrack=12.8644,12.8396,200,9.21346,0,0,
pose 538 head_m=-0.124432,-0.128995,2 head_xyzw=0,-0.0776919,0,0.996977 opentrack=12.4432,12.8995,200,8.91182,0,0,
pose 539 head_m=-0.120187,-0.129589,2 head_xyzw=0,-0.0750461,0,0.99718 opentrack=12.0187,12.9589,200,8.60774,0,0,
pose 540 head_m=-0.115973,-0.130168,2 head_xyzw=0,-0.0724196,0,0.997374 opentrack=11.5973,13.0168,200,8.30595,0,0,
pose 541 head_m=-0.111747,-0.130739,2 head_xyzw=0,-0.0697851,0,0.997562 opentrack=11.1747,13.0739,200,8.00329,0,0,
pose 542 head_m=-0.1073,-0.13133,2 head_xyzw=0,-0.0670122,0,0.997752 opentrack=10.73,13.133,200,7.68479,0,0,
pose 543 head_m=-0.102956,-0.131897,2 head_xyzw=0,-0.0643033,0,0.99793 opentrack=10.2956,13.1897,200,7.37371,0,0,
pose 544 head_m=-0.0987402,-0.132437,2 head_xyzw=0,-0.0616735,0,0.998096 opentrack=9.87402,13.2437,200,7.07175,0,0,
pose 545 head_m=-0.0944572,-0.132977,2 head_xyzw=0,-0.0590014,0,0.998258 opentrack=9.44572,13.2977,200,6.765,0,0,
pose 546 head_m=-0.0900642,-0.133522,2 head_xyzw=0,-0.0562604,0,0.998416 opentrack=9.00642,13.3522,200,6.45037,0,0,
pose 547 head_m=-0.0858599,-0.134033,2 head_xyzw=0,-0.0536367,0,0.998561 opentrack=8.58599,13.4033,200,6.14927,0,0,
pose 548 head_m=-0.0814258,-0.134564,2 head_xyzw=0,-0.0508691,0,0.998705 opentrack=8.14258,13.4564,200,5.83169,0,0,
pose 549 head_m=-0.0771031,-0.135071,2 head_xyzw=0,-0.0481708,0,0.998839 opentrack=7.71031,13.5071,200,5.5221,0,0,
pose 550 head_m=-0.0727476,-0.135573,2 head_xyzw=0,-0.0454516,0,0.998967 opentrack=7.27476,13.5573,200,5.21016,0,0,
pose 551 head_m=-0.0684004,-0.136065,2 head_xyzw=0,-0.0427372,0,0.999086 opentrack=6.84004,13.6065,200,4.89882,0,0,
pose 552 head_m=-0.0639641,-0.136558,2 head_xyzw=0,-0.0399669,0,0.999201 opentrack=6.39641,13.6558,200,4.58109,0,0,
pose 553 head_m=-0.0595998,-0.137034,2 head_xyzw=0,-0.0372413,0,0.999306 opentrack=5.95998,13.7034,200,4.26852,0,0,
pose 554 head_m=-0.0552345,-0.1375,2 head_xyzw=0,-0.0345147,0,0.999404 opentrack=5.52345,13.75,200,3.95588,0,0,
pose 555 head_m=-0.050856,-0.13796,2 head_xyzw=0,-0.0317797,0,0.999495 opentrack=5.0856,13.796,200,3.64229,0,0,
pose 556 head_m=-0.0464794,-0.13841,2 head_xyzw=0,-0.0290455,0,0.999578 opentrack=4.64794,13.841,200,3.32884,0,0,
pose 557 head_m=-0.0417657,-0.138885,2 head_xyzw=0,-0.0261006,0,0.999659 opentrack=4.17657,13.8885,200,2.99125,0,0,
pose 558 head_m=-0.0376014,-0.139296,2 head_xyzw=0,-0.0234987,0,0.999724 opentrack=3.76014,13.9296,200,2.693,0,0,
pose 559 head_m=-0.033212,-0.139721,2 head_xyzw=0,-0.020756,0,0.999785 opentrack=3.3212,13.9721,200,2.37864,0,0,
pose 560 head_m=-0.0285979,-0.140159,2 head_xyzw=0,-0.0178728,0,0.99984 opentrack=2.85979,14.0159,200,2.04818,0,0,
pose 561 head_m=-0.0241958,-0.140567,2 head_xyzw=0,-0.0151218,0,0.999886 opentrack=2.41958,14.0567,200,1.7329,0,0,
pose 562 head_m=-0.0197888,-0.140967,2 head_xyzw=0,-0.0123677,0,0.999924 opentrack=1.97888,14.0967,200,1.41727,0,0,
pose 563 head_m=-0.0153804,-0.141359,2 head_xyzw=0,-0.00961261,0,0.999954 opentrack=1.53804,14.1359,200,1.10154,0,0,
pose 564 head_m=-0.0108805,-0.14175,2 head_xyzw=0,-0.00680024,0,0.999977 opentrack=1.08805,14.175,200,0.779256,0,0,
pose 565 head_m=-0.00648016,-0.142124,2 head_xyzw=0,-0.00405009,0,0.999992 opentrack=0.648016,14.2124,200,0.464107,0,0,
pose 566 head_m=-0.00196739,-0.142498,2 head_xyzw=0,-0.00122962,0,0.999999 opentrack=0.196739,14.2498,200,0.140904,0,0,
pose 567 head_m=0.0024669,-0.142857,2 head_xyzw=0,0.00154181,0,0.999999 opentrack=-0.24669,14.2857,200,-0.176679,0,0,
pose 568 head_m=0.00675868,-0.143197,2 head_xyzw=0,0.00422416,0,0.999991 opentrack=-0.675868,14.3197,200,-0.484054,0,0,
pose 569 head_m=0.0113815,-0.143553,2 head_xyzw=0,0.0071134,0,0.999975 opentrack=-1.13815,14.3553,200,-0.815143,0,0,
pose 570 head_m=0.0157932,-0.143885,2 head_xyzw=0,0.0098706,0,0.999951 opentrack=-1.57932,14.3885,200,-1.13111,0,0,
pose 571 head_m=0.0202025,-0.144208,2 head_xyzw=0,0.0126262,0,0.99992 opentrack=-2.02025,14.4208,200,-1.4469,0,0,
pose 572 head_m=0.0246113,-0.144523,2 head_xyzw=0,0.0153814,0,0.999882 opentrack=-2.46113,14.4523,200,-1.76265,0,0,
pose 573 head_m=0.029012,-0.144829,2 head_xyzw=0,0.0181315,0,0.999836 opentrack=-2.9012,14.4829,200,-2.07783,0,0,
pose 574 head_m=0.0334121,-0.145126,2 head_xyzw=0,0.020881,0,0.999782 opentrack=-3.34121,14.5126,200,-2.39297,0,0,
pose 575 head_m=0.0379868,-0.145426,2 head_xyzw=0,0.0237395,0,0.999718 opentrack=-3.79868,14.5426,200,-2.72061,0,0,
pose 576 head_m=0.0424097,-0.145708,2 head_xyzw=0,0.0265029,0,0.999649 opentrack=-4.24097,14.5708,200,-3.03737,0,0,
pose 577 head_m=0.0467834,-0.145978,2 head_xyzw=0,0.0292354,0,0.999573 opentrack=-4.67834,14.5978,200,-3.35061,0,0,
pose 578 head_m=0.0511279,-0.146238,2 head_xyzw=0,0.0319495,0,0.999489 opentrack=-5.11279,14.6238,200,-3.66177,0,0,
pose 579 head_m=0.0555184,-0.146492,2 head_xyzw=0,0.034692,0,0.999398 opentrack=-5.55184,14.6492,200,-3.97621,0,0,
pose 580 head_m=0.0598768,-0.146736,2 head_xyzw=0,0.0374143,0,0.9993 opentrack=-5.98768,14.6736,200,-4.28836,0,0,
pose 581 head_m=0.0644278,-0.146983,2 head_xyzw=0,0.0402565,0,0.999189 opentrack=-6.44278,14.6983,200,-4.6143,0,0,
pose 582 head_m=0.0687845,-0.14721,2 head_xyzw=0,0.0429771,0,0.999076 opentrack=-6.87845,14.721,200,-4.92633,0,0,
pose 583 head_m=0.0731445,-0.147429,2 head_xyzw=0,0.0456994,0,0.998955 opentrack=-7.31445,14.7429,200,-5.23859,0,0,
pose 584 head_m=0.0773972,-0.147634,2 head_xyzw=0,0.0483544,0,0.99883 opentrack=-7.73972,14.7634,200,-5.54317,0,0,
pose 585 head_m=0.0818039,-0.147838,2 head_xyzw=0,0.0511052,0,0.998693 opentrack=-8.18039,14.7838,200,-5.85877,0,0,
pose 586 head_m=0.0861404,-0.148031,2 head_xyzw=0,0.0538118,0,0.998551 opentrack=-8.61404,14.8031,200,-6.16935,0,0,
pose 587 head_m=0.0904162,-0.148212,2 head_xyzw=0,0.0564801,0,0.998404 opentrack=-9.04162,14.8212,200,-6.47558,0,0,
pose 588 head_m=0.0948847,-0.148393,2 head_xyzw=0,0.0592682,0,0.998242 opentrack=-9.48847,14.8393,200,-6.79561,0,0,
pose 589 head_m=0.0991662,-0.148558,2 head_xyzw=0,0.0619392,0,0.99808 opentrack=-9.91662,14.8558,200,-7.10226,0,0,
pose 590 head_m=0.103436,-0.148713,2 head_xyzw=0,0.0646024,0,0.997911 opentrack=-10.3436,14.8713,200,-7.40805,0,0,
pose 591 head_m=0.107703,-0.148861,2 head_xyzw=0,0.0672636,0,0.997735 opentrack=-10.7703,14.8861,200,-7.71366,0,0,
pose 592 head_m=0.112034,-0.149002,2 head_xyzw=0,0.069964,0,0.99755 opentrack=-11.2034,14.9002,200,-8.02384,0,0,
pose 593 head_m=0.11618,-0.149128,2 head_xyzw=0,0.0725487,0,0.997365 opentrack=-11.618,14.9128,200,-8.32078,0,0,
pose 594 head_m=0.120605,-0.149254,2 head_xyzw=0,0.075307,0,0.99716 opentrack=-12.0605,14.9254,200,-8.63772,0,0,
pose 595 head_m=0.124797,-0.149365,2 head_xyzw=0,0.0779188,0,0.99696 opentrack=-12.4797,14.9365,200,-8.9379,0,0,
pose 596 head_m=0.128971,-0.149467,2 head_xyzw=0,0.0805194,0,0.996753 opentrack=-12.8971,14.9467,200,-9.23684,0,0,
pose 597 head_m=0.133233,-0.149562,2 head_xyzw=0,0.0831747,0,0.996535 opentrack=-13.3233,14.9562,200,-9.54214,0,0,
pose 598 head_m=0.137392,-0.149646,2 head_xyzw=0,0.0857648,0,0.996315 opentrack=-13.7392,14.9646,200,-9.84001,0,0,
pose 599 head_m=0.141616,-0.149722,2 head_xyzw=0,0.0883946,0,0.996086 opentrack=-14.1616,14.9722,200,-10.1425,0,0,
pose 600 head_m=0.145654,-0.149787,2 head_xyzw=0,0.0909082,0,0.995859 opentrack=-14.5654,14.9787,200,-10.4317,0,0,
pose 601 head_m=0.149786,-0.149845,2 head_xyzw=0,0.0934793,0,0.995621 opentrack=-14.9786,14.9845,200,-10.7276,0,0,
pose 602 head_m=0.153912,-0.149894,2 head_xyzw=0,0.0960465,0,0.995377 opentrack=-15.3912,14.9894,200,-11.0231,0,0,
pose 603 head_m=0.157969,-0.149933,2 head_xyzw=0,0.0985704,0,0.99513 opentrack=-15.7969,14.9933,200,-11.3137,0,0,
pose 604 head_m=0.162041,-0.149963,2 head_xyzw=0,0.101103,0,0.994876 opentrack=-16.2041,14.9963,200,-11.6054,0,0,
pose 605 head_m=0.166068,-0.149984,2 head_xyzw=0,0.103606,0,0.994618 opentrack=-16.6068,14.9984,200,-11.8937,0,0,
pose 606 head_m=0.170075,-0.149997,2 head_xyzw=0,0.106097,0,0.994356 opentrack=-17.0075,14.9997,200,-12.1807,0,0,
pose 607 head_m=0.17411,-0.15,2 head_xyzw=0,0.108604,0,0.994085 opentrack=-17.411,15,200,-12.4697,0,0,
pose 608 head_m=0.178228,-0.149994,2 head_xyzw=0,0.111162,0,0.993802 opentrack=-17.8228,14.9994,200,-12.7647,0,0,
pose 609 head_m=0.182182,-0.149979,2 head_xyzw=0,0.113618,0,0.993525 opentrack=-18.2182,14.9979,200,-13.0478,0,0,
pose 610 head_m=0.186118,-0.149955,2 head_xyzw=0,0.116061,0,0.993242 opentrack=-18.6118,14.9955,200,-13.3297,0,0,
pose 611 head_m=0.190088,-0.149921,2 head_xyzw=0,0.118526,0,0.992951 opentrack=-19.0088,14.9921,200,-13.614,0,0,
pose 612 head_m=0.193822,-0.14988,2 head_xyzw=0,0.120843,0,0.992672 opentrack=-19.3822,14.988,200,-13.8815,0,0,
pose 613 head_m=0.197703,-0.149829,2 head_xyzw=0,0.12325,0,0.992376 opentrack=-19.7703,14.9829,200,-14.1594,0,0,
pose 614 head_m=0.201521,-0.14977,2 head_xyzw=0,0.125618,0,0.992079 opentrack=-20.1521,14.977,200,-14.4329,0,0,
pose 615 head_m=0.205488,-0.149698,2 head_xyzw=0,0.128077,0,0.991764 opentrack=-20.5488,14.9698,200,-14.717,0,0,
pose 616 head_m=0.209274,-0.149619,2 head_xyzw=0,0.130424,0,0.991458 opentrack=-20.9274,14.9619,200,-14.9882,0,0,
pose 617 head_m=0.213014,-0.149533,2 head_xyzw=0,0.132741,0,0.991151 opentrack=-21.3014,14.9533,200,-15.256,0,0,
pose 618 head_m=0.216735,-0.149437,2 head_xyzw=0,0.135045,0,0.990839 opentrack=-21.6735,14.9437,200,-15.5225,0,0,
pose 619 head_m=0.220536,-0.149329,2 head_xyzw=0,0.137399,0,0.990516 opentrack=-22.0536,14.9329,200,-15.7948,0,0,
pose 620 head_m=0.224207,-0.149215,2 head_xyzw=0,0.139671,0,0.990198 opentrack=-22.4207,14.9215,200,-16.0577,0,0,
pose 621 head_m=0.227859,-0.149092,2 head_xyzw=0,0.141931,0,0.989877 opentrack=-22.7859,14.9092,200,-16.3192,0,0,
pose 622 head_m=0.231465,-0.14896,2 head_xyzw=0,0.144161,0,0.989554 opentrack=-23.1465,14.896,200,-16.5774,0,0,
pose 623 head_m=0.235056,-0.14882,2 head_xyzw=0,0.146382,0,0.989228 opentrack=-23.5056,14.882,200,-16.8346,0,0,
pose 624 head_m=0.238609,-0.14867,2 head_xyzw=0,0.148578,0,0.988901 opentrack=-23.8609,14.867,200,-17.0891,0,0,
pose 625 head_m=0.242138,-0.148512,2 head_xyzw=0,0.150759,0,0.988571 opentrack=-24.2138,14.8512,200,-17.3418,0,0,
pose 626 head_m=0.24578,-0.148337,2 head_xyzw=0,0.153009,0,0.988225 opentrack=-24.578,14.8337,200,-17.6027,0,0,
pose 627 head_m=0.249168,-0.148165,2 head_xyzw=0,0.155101,0,0.987899 opentrack=-24.9168,14.8165,200,-17.8453,0,0,
pose 628 head_m=0.252747,-0.147972,2 head_xyzw=0,0.157311,0,0.987549 opentrack=-25.2747,14.7972,200,-18.1017,0,0,
pose 629 head_m=0.256155,-0.147778,2 head_xyzw=0,0.159414,0,0.987212 opentrack=-25.6155,14.7778,200,-18.3457,0,0,
pose 630 head_m=0.259532,-0.147575,2 head_xyzw=0,0.161497,0,0.986873 opentrack=-25.9532,14.7575,200,-18.5876,0,0,
pose 631 head_m=0.26289,-0.147362,2 head_xyzw=0,0.163568,0,0.986532 opentrack=-26.289,14.7362,200,-18.8281,0,0,
pose 632 head_m=0.266205,-0.147141,2 head_xyzw=0,0.165611,0,0.986191 opentrack=-26.6205,14.7141,200,-19.0655,0,0,
pose 633 head_m=0.269486,-0.146911,2 head_xyzw=0,0.167633,0,0.985849 opentrack=-26.9486,14.6911,200,-19.3005,0,0,
pose 634 head_m=0.272722,-0.146673,2 head_xyzw=0,0.169627,0,0.985508 opentrack=-27.2722,14.6673,200,-19.5323,0,0,
pose 635 head_m=0.27596,-0.146424,2 head_xyzw=0,0.171621,0,0.985163 opentrack=-27.596,14.6424,200,-19.7642,0,0,
pose 636 head_m=0.279214,-0.146162,2 head_xyzw=0,0.173625,0,0.984812 opentrack=-27.9214,14.6162,200,-19.9972,0,0,
pose 637 head_m=0.28235,-0.145898,2 head_xyzw=0,0.175555,0,0.98447 opentrack=-28.235,14.5898,200,-20.2219,0,0,
pose 638 head_m=0.285452,-0.145625,2 head_xyzw=0,0.177462,0,0.984128 opentrack=-28.5452,14.5625,200,-20.444,0,0,
pose 639 head_m=0.288668,-0.14533,2 head_xyzw=0,0.17944,0,0.983769 opentrack=-28.8668,14.533,200,-20.6743,0,0,
pose 640 head_m=0.291612,-0.145048,2 head_xyzw=0,0.18125,0,0.983437 opentrack=-29.1612,14.5048,200,-20.8852,0,0,
pose 641 head_m=0.294748,-0.144735,2 head_xyzw=0,0.183177,0,0.98308 opentrack=-29.4748,14.4735,200,-21.1098,0,0,
pose 642 head_m=0.297715,-0.144426,2 head_xyzw=0,0.185,0,0.982739 opentrack=-29.7715,14.4426,200,-21.3223,0,0,
pose 643 head_m=0.300657,-0.144107,2 head_xyzw=0,0.186807,0,0.982397 opentrack=-30.0657,14.4107,200,-21.533,0,0,
pose 644 head_m=0.303547,-0.143782,2 head_xyzw=0,0.188581,0,0.982058 opentrack=-30.3547,14.3782,200,-21.7399,0,0,
pose 645 head_m=0.306409,-0.143447,2 head_xyzw=0,0.190337,0,0.981719 opentrack=-30.6409,14.3447,200,-21.9449,0,0,
pose 646 head_m=0.30922,-0.143105,2 head_xyzw=0,0.192062,0,0.981383 opentrack=-30.922,14.3105,200,-22.1462,0,0,
pose 647 head_m=0.311992,-0.142754,2 head_xyzw=0,0.193761,0,0.981049 opentrack=-31.1992,14.2754,200,-22.3448,0,0,
pose 648 head_m=0.314857,-0.142378,2 head_xyzw=0,0.195518,0,0.9807 opentrack=-31.4857,14.2378,200,-22.55,0,0,
pose 649 head_m=0.317527,-0.142014,2 head_xyzw=0,0.197154,0,0.980372 opentrack=-31.7527,14.2014,200,-22.7412,0,0,
pose 650 head_m=0.320188,-0.141637,2 head_xyzw=0,0.198785,0,0.980043 opentrack=-32.0188,14.1637,200,-22.9318,0,0,
pose 651 head_m=0.32289,-0.14124,2 head_xyzw=0,0.200439,0,0.979706 opentrack=-32.289,14.124,200,-23.1253,0,0,
pose 652 head_m=0.325525,-0.140838,2 head_xyzw=0,0.202053,0,0.979375 opentrack=-32.5525,14.0838,200,-23.314,0,0,
pose 653 head_m=0.328074,-0.140434,2 head_xyzw=0,0.203612,0,0.979052 opentrack=-32.8074,14.0434,200,-23.4965,0,0,
pose 654 head_m=0.330584,-0.140022,2 head_xyzw=0,0.205148,0,0.978731 opentrack=-33.0584,14.0022,200,-23.6764,0,0,
pose 655 head_m=0.333064,-0.1396,2 head_xyzw=0,0.206665,0,0.978412 opentrack=-33.3064,13.96,200,-23.8539,0,0,
pose 656 head_m=0.33549,-0.139172,2 head_xyzw=0,0.208148,0,0.978097 opentrack=-33.549,13.9172,200,-24.0277,0,0,
pose 657 head_m=0.337872,-0.138735,2 head_xyzw=0,0.209604,0,0.977786 opentrack=-33.7872,13.8735,200,-24.1983,0,0,
pose 658 head_m=0.340326,-0.138269,2 head_xyzw=0,0.211104,0,0.977464 opentrack=-34.0326,13.8269,200,-24.3741,0,0,
pose 659 head_m=0.34253,-0.137835,2 head_xyzw=0,0.21245,0,0.977172 opentrack=-34.253,13.7835,200,-24.5319,0,0,
pose 660 head_m=0.344814,-0.137368,2 head_xyzw=0,0.213845,0,0.976868 opentrack=-34.4814,13.7368,200,-24.6955,0,0,
pose 661 head_m=0.347037,-0.136897,2 head_xyzw=0,0.215202,0,0.97657 opentrack=-34.7037,13.6897,200,-24.8547,0,0,
pose 662 head_m=0.349218,-0.136418,2 head_xyzw=0,0.216533,0,0.976275 opentrack=-34.9218,13.6418,200,-25.0109,0,0,
pose 663 head_m=0.35135,-0.135932,2 head_xyzw=0,0.217833,0,0.975986 opentrack=-35.135,13.5932,200,-25.1636,0,0,
pose 664 head_m=0.353527,-0.135417,2 head_xyzw=0,0.219161,0,0.975689 opentrack=-35.3527,13.5417,200,-25.3195,0,0,
pose 665 head_m=0.355612,-0.134904,2 head_xyzw=0,0.220432,0,0.975402 opentrack=-35.5612,13.4904,200,-25.4689,0,0,
pose 666 head_m=0.357572,-0.134403,2 head_xyzw=0,0.221627,0,0.975132 opentrack=-35.7572,13.4403,200,-25.6092,0,0,
pose 667 head_m=0.359534,-0.133884,2 head_xyzw=0,0.222822,0,0.974859 opentrack=-35.9534,13.3884,200,-25.7497,0,0,
pose 668 head_m=0.361485,-0.133346,2 head_xyzw=0,0.224011,0,0.974587 opentrack=-36.1485,13.3346,200,-25.8895,0,0,
pose 669 head_m=0.363353,-0.132811,2 head_xyzw=0,0.225149,0,0.974324 opentrack=-36.3353,13.2811,200,-26.0233,0,0,
pose 670 head_m=0.36518,-0.132268,2 head_xyzw=0,0.226261,0,0.974067 opentrack=-36.518,13.2268,200,-26.1541,0,0,
pose 671 head_m=0.366957,-0.131718,2 head_xyzw=0,0.227343,0,0.973815 opentrack=-36.6957,13.1718,200,-26.2814,0,0,
pose 672 head_m=0.368717,-0.131152,2 head_xyzw=0,0.228414,0,0.973564 opentrack=-36.8717,13.1152,200,-26.4074,0,0,
pose 673 head_m=0.370403,-0.130586,2 head_xyzw=0,0.22944,0,0.973323 opentrack=-37.0403,13.0586,200,-26.5282,0,0,
pose 674 head_m=0.372045,-0.130013,2 head_xyzw=0,0.230439,0,0.973087 opentrack=-37.2045,13.0013,200,-26.6458,0,0,
pose 675 head_m=0.373646,-0.12943,2 head_xyzw=0,0.231412,0,0.972856 opentrack=-37.3646,12.943,200,-26.7604,0,0,
pose 676 head_m=0.375283,-0.128808,2 head_xyzw=0,0.232407,0,0.972619 opentrack=-37.5283,12.8808,200,-26.8776,0,0,
pose 677 head_m=0.376781,-0.128213,2 head_xyzw=0,0.233318,0,0.972401 opentrack=-37.6781,12.8213,200,-26.985,0,0,
pose 678 head_m=0.378241,-0.127607,2 head_xyzw=0,0.234205,0,0.972187 opentrack=-37.8241,12.7607,200,-27.0895,0,0,
pose 679 head_m=0.379678,-0.126984,2 head_xyzw=0,0.235078,0,0.971977 opentrack=-37.9678,12.6984,200,-27.1924,0,0,
pose 680 head_m=0.381021,-0.126374,2 head_xyzw=0,0.235894,0,0.971779 opentrack=-38.1021,12.6374,200,-27.2886,0,0,
pose 681 head_m=0.382339,-0.125747,2 head_xyzw=0,0.236694,0,0.971584 opentrack=-38.2339,12.5747,200,-27.383,0,0,
pose 682 head_m=0.383622,-0.125107,2 head_xyzw=0,0.237473,0,0.971394 opentrack=-38.3622,12.5107,200,-27.4749,0,0,
pose 683 head_m=0.3849,-0.124436,2 head_xyzw=0,0.238249,0,0.971204 opentrack=-38.49,12.4436,200,-27.5664,0,0,
pose 684 head_m=0.386082,-0.123783,2 head_xyzw=0,0.238967,0,0.971028 opentrack=-38.6082,12.3783,200,-27.6511,0,0,
pose 685 head_m=0.387211,-0.123126,2 head_xyzw=0,0.239652,0,0.970859 opentrack=-38.7211,12.3126,200,-27.7319,0,0,
pose 686 head_m=0.388292,-0.122463,2 head_xyzw=0,0.240307,0,0.970697 opentrack=-38.8292,12.2463,200,-27.8094,0,0,
pose 687 head_m=0.389327,-0.121791,2 head_xyzw=0,0.240935,0,0.970541 opentrack=-38.9327,12.1791,200,-27.8835,0,0,
pose 688 head_m=0.390324,-0.121105,2 head_xyzw=0,0.24154,0,0.970391 opentrack=-39.0324,12.1105,200,-27.9549,0,0,
pose 689 head_m=0.39126,-0.120422,2 head_xyzw=0,0.242108,0,0.970249 opentrack=-39.126,12.0422,200,-28.0219,0,0,
pose 690 head_m=0.392193,-0.119696,2 head_xyzw=0,0.242673,0,0.970108 opentrack=-39.2193,11.9696,200,-28.0887,0,0,
pose 691 head_m=0.39302,-0.119008,2 head_xyzw=0,0.243175,0,0.969982 opentrack=-39.302,11.9008,200,-28.148,0,0,
pose 692 head_m=0.393814,-0.118303,2 head_xyzw=0,0.243656,0,0.969862 opentrack=-39.3814,11.8303,200,-28.2049,0,0,
pose 693 head_m=0.394607,-0.117543,2 head_xyzw=0,0.244137,0,0.969741 opentrack=-39.4607,11.7543,200,-28.2617,0,0,
pose 694 head_m=0.3953,-0.116826,2 head_xyzw=0,0.244557,0,0.969635 opentrack=-39.53,11.6826,200,-28.3113,0,0,
pose 695 head_m=0.395946,-0.1161,2 head_xyzw=0,0.244948,0,0.969536 opentrack=-39.5946,11.61,200,-28.3576,0,0,
pose 696 head_m=0.396551,-0.115361,2 head_xyzw=0,0.245315,0,0.969443 opentrack=-39.6551,11.5361,200,-28.4009,0,0,
pose 697 head_m=0.397108,-0.114613,2 head_xyzw=0,0.245652,0,0.969358 opentrack=-39.7108,11.4613,200,-28.4408,0,0,
pose 698 head_m=0.397616,-0.113858,2 head_xyzw=0,0.24596,0,0.96928 opentrack=-39.7616,11.3858,200,-28.4772,0,0,
pose 699 head_m=0.398073,-0.113101,2 head_xyzw=0,0.246237,0,0.96921 opentrack=-39.8073,11.3101,200,-28.5098,0,0,
pose 700 head_m=0.398482,-0.112335,2 head_xyzw=0,0.246485,0,0.969147 opentrack=-39.8482,11.2335,200,-28.5392,0,0,
pose 701 head_m=0.398854,-0.111535,2 head_xyzw=0,0.24671,0,0.969089 opentrack=-39.8854,11.1535,200,-28.5658,0,0,
pose 702 head_m=0.399163,-0.110759,2 head_xyzw=0,0.246897,0,0.969042 opentrack=-39.9163,11.0759,200,-28.588,0,0,
pose 703 head_m=0.399424,-0.109974,2 head_xyzw=0,0.247055,0,0.969001 opentrack=-39.9424,10.9974,200,-28.6067,0,0,
pose 704 head_m=0.399636,-0.109186,2 head_xyzw=0,0.247184,0,0.968969 opentrack=-39.9636,10.9186,200,-28.6218,0,0,
pose 705 head_m=0.399801,-0.108385,2 head_xyzw=0,0.247283,0,0.968943 opentrack=-39.9801,10.8385,200,-28.6336,0,0,
pose 706 head_m=0.399915,-0.107582,2 head_xyzw=0,0.247353,0,0.968926 opentrack=-39.9915,10.7582,200,-28.6418,0,0,
pose 707 head_m=0.399984,-0.106735,2 head_xyzw=0,0.247394,0,0.968915 opentrack=-39.9984,10.6735,200,-28.6467,0,0,
pose 708 head_m=0.399999,-0.105918,2 head_xyzw=0,0.247403,0,0.968913 opentrack=-39.9999,10.5918,200,-28.6478,0,0,
pose 709 head_m=0.399966,-0.105092,2 head_xyzw=0,0.247383,0,0.968918 opentrack=-39.9966,10.5092,200,-28.6454,0,0,
pose 710 head_m=0.399881,-0.104241,2 head_xyzw=0,0.247332,0,0.968931 opentrack=-39.9881,10.4241,200,-28.6394,0,0,
pose 711 head_m=0.399749,-0.103403,2 head_xyzw=0,0.247252,0,0.968951 opentrack=-39.9749,10.3403,200,-28.6299,0,0,
pose 712 head_m=0.399568,-0.10256,2 head_xyzw=0,0.247142,0,0.968979 opentrack=-39.9568,10.256,200,-28.617,0,0,
pose 713 head_m=0.399339,-0.101714,2 head_xyzw=0,0.247004,0,0.969014 opentrack=-39.9339,10.1714,200,-28.6006,0,0,
pose 714 head_m=0.399061,-0.100859,2 head_xyzw=0,0.246836,0,0.969057 opentrack=-39.9061,10.0859,200,-28.5807,0,0,
pose 715 head_m=0.398726,-0.099976,2 head_xyzw=0,0.246632,0,0.969109 opentrack=-39.8726,9.9976,200,-28.5566,0,0,
pose 716 head_m=0.398358,-0.0991282,2 head_xyzw=0,0.24641,0,0.969166 opentrack=-39.8358,9.91282,200,-28.5303,0,0,
pose 717 head_m=0.397928,-0.0982436,2 head_xyzw=0,0.246149,0,0.969232 opentrack=-39.7928,9.82436,200,-28.4995,0,0,
pose 718 head_m=0.397442,-0.0973405,2 head_xyzw=0,0.245854,0,0.969307 opentrack=-39.7442,9.73405,200,-28.4647,0,0,
pose 719 head_m=0.396916,-0.0964514,2 head_xyzw=0,0.245536,0,0.969387 opentrack=-39.6916,9.64514,200,-28.427,0,0,
pose 720 head_m=0.396344,-0.0955601,2 head_xyzw=0,0.24519,0,0.969475 opentrack=-39.6344,9.55601,200,-28.3861,0,0,
pose 721 head_m=0.395722,-0.0946601,2 head_xyzw=0,0.244812,0,0.96957 opentrack=-39.5722,9.46601,200,-28.3415,0,0,
pose 722 head_m=0.395057,-0.0937629,2 head_xyzw=0,0.24441,0,0.969672 opentrack=-39.5057,9.37629,200,-28.2939,0,0,
pose 723 head_m=0.394327,-0.0928384,2 head_xyzw=0,0.243967,0,0.969783 opentrack=-39.4327,9.28384,200,-28.2416,0,0,
pose 724 head_m=0.393553,-0.091914,2 head_xyzw=0,0.243498,0,0.969901 opentrack=-39.3553,9.1914,200,-28.1861,0,0,
pose 725 head_m=0.392751,-0.0910086,2 head_xyzw=0,0.243012,0,0.970023 opentrack=-39.2751,9.10086,200,-28.1287,0,0,
pose 726 head_m=0.39187,-0.0900632,2 head_xyzw=0,0.242478,0,0.970157 opentrack=-39.187,9.00632,200,-28.0656,0,0,
pose 727 head_m=0.390953,-0.0891257,2 head_xyzw=0,0.241921,0,0.970296 opentrack=-39.0953,8.91257,200,-27.9999,0,0,
pose 728 head_m=0.389993,-0.0881884,2 head_xyzw=0,0.241339,0,0.970441 opentrack=-38.9993,8.81884,200,-27.9312,0,0,
pose 729 head_m=0.388988,-0.0872485,2 head_xyzw=0,0.24073,0,0.970592 opentrack=-38.8988,8.72485,200,-27.8592,0,0,
pose 730 head_m=0.387919,-0.0862885,2 head_xyzw=0,0.240081,0,0.970753 opentrack=-38.7919,8.62885,200,-27.7826,0,0,
pose 731 head_m=0.386804,-0.0853257,2 head_xyzw=0,0.239404,0,0.97092 opentrack=-38.6804,8.53257,200,-27.7028,0,0,
pose 732 head_m=0.38567,-0.0843821,2 head_xyzw=0,0.238716,0,0.971089 opentrack=-38.567,8.43821,200,-27.6216,0,0,
pose 733 head_m=0.384474,-0.0834197,2 head_xyzw=0,0.23799,0,0.971268 opentrack=-38.4474,8.34197,200,-27.5359,0,0,
pose 734 head_m=0.383234,-0.0824556,2 head_xyzw=0,0.237238,0,0.971452 opentrack=-38.3234,8.24556,200,-27.4471,0,0,
pose 735 head_m=0.381934,-0.081476,2 head_xyzw=0,0.236448,0,0.971644 opentrack=-38.1934,8.1476,200,-27.354,0,0,
pose 736 head_m=0.380581,-0.0804875,2 head_xyzw=0,0.235626,0,0.971844 opentrack=-38.0581,8.04875,200,-27.2571,0,0,
pose 737 head_m=0.379206,-0.0795124,2 head_xyzw=0,0.234791,0,0.972046 opentrack=-37.9206,7.95124,200,-27.1586,0,0,
pose 738 head_m=0.377685,-0.0784644,2 head_xyzw=0,0.233867,0,0.972269 opentrack=-37.7685,7.84644,200,-27.0497,0,0,
pose 739 head_m=0.376265,-0.077512,2 head_xyzw=0,0.233004,0,0.972476 opentrack=-37.6265,7.7512,200,-26.948,0,0,
pose 740 head_m=0.374752,-0.0765222,2 head_xyzw=0,0.232084,0,0.972696 opentrack=-37.4752,7.65222,200,-26.8396,0,0,
pose 741 head_m=0.373116,-0.0754797,2 head_xyzw=0,0.23109,0,0.972932 opentrack=-37.3116,7.54797,200,-26.7225,0,0,
pose 742 head_m=0.371503,-0.0744765,2 head_xyzw=0,0.230109,0,0.973165 opentrack=-37.1503,7.44765,200,-26.6069,0,0,
pose 743 head_m=0.369813,-0.0734498,2 head_xyzw=0,0.229081,0,0.973407 opentrack=-36.9813,7.34498,200,-26.4859,0,0,
pose 744 head_m=0.368109,-0.072438,2 head_xyzw=0,0.228044,0,0.973651 opentrack=-36.8109,7.2438,200,-26.3639,0,0,
pose 745 head_m=0.366316,-0.0713957,2 head_xyzw=0,0.226952,0,0.973906 opentrack=-36.6316,7.13957,200,-26.2354,0,0,
pose 746 head_m=0.364558,-0.0703955,2 head_xyzw=0,0.225882,0,0.974155 opentrack=-36.4558,7.03955,200,-26.1095,0,0,
pose 747 head_m=0.362719,-0.0693701,2 head_xyzw=0,0.224762,0,0.974414 opentrack=-36.2719,6.93701,200,-25.9778,0,0,
pose 748 head_m=0.360828,-0.0683366,2 head_xyzw=0,0.223611,0,0.974678 opentrack=-36.0828,6.83366,200,-25.8424,0,0,
pose 749 head_m=0.358901,-0.0673033,2 head_xyzw=0,0.222437,0,0.974947 opentrack=-35.8901,6.73033,200,-25.7044,0,0,
pose 750 head_m=0.356927,-0.0662636,2 head_xyzw=0,0.221233,0,0.975221 opentrack=-35.6927,6.62636,200,-25.563,0,0,
pose 751 head_m=0.354813,-0.0651713,2 head_xyzw=0,0.219945,0,0.975512 opentrack=-35.4813,6.51713,200,-25.4116,0,0,
pose 752 head_m=0.352765,-0.0641316,2 head_xyzw=0,0.218696,0,0.975793 opentrack=-35.2765,6.41316,200,-25.265,0,0,
pose 753 head_m=0.35066,-0.0630809,2 head_xyzw=0,0.217412,0,0.97608 opentrack=-35.066,6.30809,200,-25.1142,0,0,
pose 754 head_m=0.348477,-0.0620093,2 head_xyzw=0,0.21608,0,0.976376 opentrack=-34.8477,6.20093,200,-24.9578,0,0,
pose 755 head_m=0.34628,-0.0609482,2 head_xyzw=0,0.21474,0,0.976671 opentrack=-34.628,6.09482,200,-24.8005,0,0,
pose 756 head_m=0.344023,-0.0598749,2 head_xyzw=0,0.213361,0,0.976973 opentrack=-34.4023,5.98749,200,-24.6388,0,0,
pose 757 head_m=0.341795,-0.0588319,2 head_xyzw=0,0.212001,0,0.977269 opentrack=-34.1795,5.88319,200,-24.4793,0,0,
pose 758 head_m=0.339467,-0.0577576,2 head_xyzw=0,0.210579,0,0.977577 opentrack=-33.9467,5.77576,200,-24.3125,0,0,
pose 759 head_m=0.337118,-0.0566897,2 head_xyzw=0,0.209144,0,0.977885 opentrack=-33.7118,5.66897,200,-24.1443,0,0,
pose 760 head_m=0.334608,-0.0555645,2 head_xyzw=0,0.207609,0,0.978212 opentrack=-33.4608,5.55645,200,-23.9645,0,0,
pose 761 head_m=0.332235,-0.0545156,2 head_xyzw=0,0.206158,0,0.978519 opentrack=-33.2235,5.45156,200,-23.7946,0,0,
pose 762 head_m=0.329761,-0.0534361,2 head_xyzw=0,0.204644,0,0.978836 opentrack=-32.9761,5.34361,200,-23.6174,0,0,
pose 763 head_m=0.327228,-0.0523459,2 head_xyzw=0,0.203095,0,0.979159 opentrack=-32.7228,5.23459,200,-23.436,0,0,
pose 764 head_m=0.324533,-0.0512009,2 head_xyzw=0,0.201445,0,0.9795 opentrack=-32.4533,5.12009,200,-23.243,0,0,
pose 765 head_m=0.321933,-0.0501103,2 head_xyzw=0,0.199854,0,0.979826 opentrack=-32.1933,5.01103,200,-23.0568,0,0,
pose 766 head_m=0.319239,-0.048994,2 head_xyzw=0,0.198203,0,0.980161 opentrack=-31.9239,4.8994,200,-22.8638,0,0,
pose 767 head_m=0.316609,-0.0479175,2 head_xyzw=0,0.196592,0,0.980485 opentrack=-31.6609,4.79175,200,-22.6755,0,0,
pose 768 head_m=0.313894,-0.0468186,2 head_xyzw=0,0.194928,0,0.980818 opentrack=-31.3894,4.68186,200,-22.481,0,0,
pose 769 head_m=0.311141,-0.0457172,2 head_xyzw=0,0.19324,0,0.981152 opentrack=-31.1141,4.57172,200,-22.2838,0,0,
pose 770 head_m=0.308338,-0.0446086,2 head_xyzw=0,0.191521,0,0.981489 opentrack=-30.8338,4.46086,200,-22.0831,0,0,
pose 771 head_m=0.305488,-0.0434934,2 head_xyzw=0,0.189772,0,0.981828 opentrack=-30.5488,4.34934,200,-21.879,0,0,
pose 772 head_m=0.302618,-0.0423822,2 head_xyzw=0,0.18801,0,0.982167 opentrack=-30.2618,4.23822,200,-21.6734,0,0,
pose 773 head_m=0.299526,-0.0411983,2 head_xyzw=0,0.186112,0,0.982528 opentrack=-29.9526,4.11983,200,-21.452,0,0,
pose 774 head_m=0.296641,-0.0401051,2 head_xyzw=0,0.18434,0,0.982862 opentrack=-29.6641,4.01051,200,-21.2453,0,0,
pose 775 head_m=0.293657,-0.0389855,2 head_xyzw=0,0.182507,0,0.983205 opentrack=-29.3657,3.89855,200,-21.0316,0,0,
pose 776 head_m=0.290648,-0.0378677,2 head_xyzw=0,0.180658,0,0.983546 opentrack=-29.0648,3.78677,200,-20.8161,0,0,
pose 777 head_m=0.287597,-0.0367453,2 head_xyzw=0,0.178782,0,0.983889 opentrack=-28.7597,3.67453,200,-20.5976,0,0,
pose 778 head_m=0.284435,-0.0355928,2 head_xyzw=0,0.176837,0,0.98424 opentrack=-28.4435,3.55928,200,-20.3711,0,0,
pose 779 head_m=0.281334,-0.0344735,2 head_xyzw=0,0.174929,0,0.984581 opentrack=-28.1334,3.44735,200,-20.1491,0,0,
pose 780 head_m=0.27812,-0.0333238,2 head_xyzw=0,0.172951,0,0.98493 opentrack=-27.812,3.33238,200,-19.9189,0,0,
pose 781 head_m=0.27487,-0.0321714,2 head_xyzw=0,0.17095,0,0.98528 opentrack=-27.487,3.21714,200,-19.6861,0,0,
pose 782 head_m=0.271716,-0.0310631,2 head_xyzw=0,0.169007,0,0.985615 opentrack=-27.1716,3.10631,200,-19.4602,0,0,
pose 783 head_m=0.26846,-0.0299288,2 head_xyzw=0,0.167002,0,0.985957 opentrack=-26.846,2.99288,200,-19.2271,0,0,
pose 784 head_m=0.265176,-0.0287937,2 head_xyzw=0,0.164977,0,0.986297 opentrack=-26.5176,2.87937,200,-18.9918,0,0,
pose 785 head_m=0.2617,-0.0276027,2 head_xyzw=0,0.162834,0,0.986653 opentrack=-26.17,2.76027,200,-18.7428,0,0,
pose 786 head_m=0.258359,-0.0264675,2 head_xyzw=0,0.160773,0,0.986991 opentrack=-25.8359,2.64675,200,-18.5036,0,0,
pose 787 head_m=0.254914,-0.0253062,2 head_xyzw=0,0.158648,0,0.987335 opentrack=-25.4914,2.53062,200,-18.2568,0,0,
pose 788 head_m=0.251549,-0.0241809,2 head_xyzw=0,0.156571,0,0.987667 opentrack=-25.1549,2.41809,200,-18.0159,0,0,
pose 789 head_m=0.248044,-0.0230177,2 head_xyzw=0,0.154408,0,0.988007 opentrack=-24.8044,2.30177,200,-17.7649,0,0,
pose 790 head_m=0.244558,-0.0218693,2 head_xyzw=0,0.152254,0,0.988341 opentrack=-24.4558,2.18693,200,-17.5152,0,0,
pose 791 head_m=0.241058,-0.0207249,2 head_xyzw=0,0.150092,0,0.988672 opentrack=-24.1058,2.07249,200,-17.2645,0,0,
pose 792 head_m=0.237515,-0.0195747,2 head_xyzw=0,0.147902,0,0.989002 opentrack=-23.7515,1.95747,200,-17.0107,0,0,
pose 793 head_m=0.23378,-0.018371,2 head_xyzw=0,0.145593,0,0.989345 opentrack=-23.378,1.8371,200,-16.7432,0,0,
pose 794 head_m=0.230203,-0.0172267,2 head_xyzw=0,0.143381,0,0.989668 opentrack=-23.0203,1.72267,200,-16.4871,0,0,
pose 795 head_m=0.22658,-0.0160753,2 head_xyzw=0,0.14114,0,0.98999 opentrack=-22.658,1.60753,200,-16.2276,0,0,
pose 796 head_m=0.222931,-0.0149237,2 head_xyzw=0,0.138882,0,0.990309 opentrack=-22.2931,1.49237,200,-15.9663,0,0,
pose 797 head_m=0.219249,-0.0137691,2 head_xyzw=0,0.136602,0,0.990626 opentrack=-21.9249,1.37691,200,-15.7026,0,0,
pose 798 head_m=0.215557,-0.0126189,2 head_xyzw=0,0.134316,0,0.990939 opentrack=-21.5557,1.26189,200,-15.4381,0,0,
pose 799 head_m=0.211749,-0.0114403,2 head_xyzw=0,0.131957,0,0.991255 opentrack=-21.1749,1.14403,200,-15.1654,0,0,
pose 800 head_m=0.208005,-0.0102889,2 head_xyzw=0,0.129637,0,0.991562 opentrack=-20.8005,1.02889,200,-14.8973,0,0,
pose 801 head_m=0.204126,-0.00910333,2 head_xyzw=0,0.127233,0,0.991873 opentrack=-20.4126,0.910333,200,-14.6194,0,0,
pose 802 head_m=0.200226,-0.0079188,2 head_xyzw=0,0.124815,0,0.99218 opentrack=-20.0226,0.79188,200,-14.3401,0,0,
pose 803 head_m=0.196398,-0.00676312,2 head_xyzw=0,0.122441,0,0.992476 opentrack=-19.6398,0.676312,200,-14.066,0,0,
pose 804 head_m=0.192514,-0.00559734,2 head_xyzw=0,0.120031,0,0.99277 opentrack=-19.2514,0.559734,200,-13.7878,0,0,
pose 805 head_m=0.188633,-0.00443924,2 head_xyzw=0,0.117622,0,0.993058 opentrack=-18.8633,0.443924,200,-13.5098,0,0,
pose 806 head_m=0.184726,-0.00328014,2 head_xyzw=0,0.115198,0,0.993343 opentrack=-18.4726,0.328014,200,-13.23,0,0,
pose 807 head_m=0.180795,-0.00212023,2 head_xyzw=0,0.112757,0,0.993623 opentrack=-18.0795,0.212023,200,-12.9485,0,0,
pose 808 head_m=0.176788,-0.000944459,2 head_xyzw=0,0.110268,0,0.993902 opentrack=-17.6788,0.0944459,200,-12.6615,0,0,
pose 809 head_m=0.172883,0.000195309,2 head_xyzw=0,0.107842,0,0.994168 opentrack=-17.2883,-0.0195309,200,-12.3818,0,0,
pose 810 head_m=0.168703,0.00140857,2 head_xyzw=0,0.105244,0,0.994446 opentrack=-16.8703,-0.140857,200,-12.0825,0,0,
pose 811 head_m=0.164677,0.00257121,2 head_xyzw=0,0.102741,0,0.994708 opentrack=-16.4677,-0.257121,200,-11.7941,0,0,
pose 812 head_m=0.16065,0.00372799,2 head_xyzw=0,0.100238,0,0.994964 opentrack=-16.065,-0.372799,200,-11.5057,0,0,
pose 813 head_m=0.156606,0.0048839,2 head_xyzw=0,0.0977225,0,0.995214 opentrack=-15.6606,-0.48839,200,-11.2161,0,0,
pose 814 head_m=0.152528,0.00604372,2 head_xyzw=0,0.0951858,0,0.99546 opentrack=-15.2528,-0.604372,200,-10.924,0,0,
pose 815 head_m=0.148333,0.00723114,2 head_xyzw=0,0.0925751,0,0.995706 opentrack=-14.8333,-0.723114,200,-10.6235,0,0,
pose 816 head_m=0.144235,0.00838524,2 head_xyzw=0,0.0900249,0,0.99594 opentrack=-14.4235,-0.838524,200,-10.3301,0,0,
pose 817 head_m=0.140108,0.00954216,2 head_xyzw=0,0.0874557,0,0.996168 opentrack=-14.0108,-0.954216,200,-10.0345,0,0,
pose 818 head_m=0.135969,0.0106972,2 head_xyzw=0,0.0848784,0,0.996391 opentrack=-13.5969,-1.06972,200,-9.73807,0,0,
pose 819 head_m=0.131802,0.0118547,2 head_xyzw=0,0.082283,0,0.996609 opentrack=-13.1802,-1.18547,200,-9.43962,0,0,
pose 820 head_m=0.127552,0.01303,2 head_xyzw=0,0.0796356,0,0.996824 opentrack=-12.7552,-1.303,200,-9.13524,0,0,
pose 821 head_m=0.123352,0.0141862,2 head_xyzw=0,0.0770188,0,0.99703 opentrack=-12.3352,-1.41862,200,-8.83445,0,0,
pose 822 head_m=0.119067,0.0153609,2 head_xyzw=0,0.074348,0,0.997232 opentrack=-11.9067,-1.53609,200,-8.52752,0,0,
pose 823 head_m=0.11479,0.0165281,2 head_xyzw=0,0.0716823,0,0.997428 opentrack=-11.479,-1.65281,200,-8.22123,0,0,
pose 824 head_m=0.110569,0.0176755,2 head_xyzw=0,0.0690504,0,0.997613 opentrack=-11.0569,-1.76755,200,-7.9189,0,0,
pose 825 head_m=0.106327,0.0188236,2 head_xyzw=0,0.0664057,0,0.997793 opentrack=-10.6327,-1.88236,200,-7.61513,0,0,
pose 826 head_m=0.102076,0.0199697,2 head_xyzw=0,0.0637545,0,0.997966 opentrack=-10.2076,-1.99697,200,-7.31069,0,0,
pose 827 head_m=0.0976258,0.0211648,2 head_xyzw=0,0.0609783,0,0.998139 opentrack=-9.76258,-2.11648,200,-6.99193,0,0,
pose 828 head_m=0.0933512,0.0223081,2 head_xyzw=0,0.0583114,0,0.998298 opentrack=-9.33512,-2.23081,200,-6.68579,0,0,
pose 829 head_m=0.0890276,0.02346,2 head_xyzw=0,0.0556136,0,0.998452 opentrack=-8.90276,-2.346,200,-6.37613,0,0,
pose 830 head_m=0.0847477,0.0245961,2 head_xyzw=0,0.0529426,0,0.998598 opentrack=-8.47477,-2.45961,200,-6.06961,0,0,
pose 831 head_m=0.080435,0.0257368,2 head_xyzw=0,0.0502507,0,0.998737 opentrack=-8.0435,-2.57368,200,-5.76073,0,0,
pose 832 head_m=0.0759713,0.026913,2 head_xyzw=0,0.0474642,0,0.998873 opentrack=-7.59713,-2.6913,200,-5.44104,0,0,
pose 833 head_m=0.0716306,0.0280527,2 head_xyzw=0,0.0447542,0,0.998998 opentrack=-7.16306,-2.80527,200,-5.13016,0,0,
pose 834 head_m=0.0671974,0.0292127,2 head_xyzw=0,0.041986,0,0.999118 opentrack=-6.71974,-2.92127,200,-4.81266,0,0,
pose 835 head_m=0.0628297,0.0303515,2 head_xyzw=0,0.0392585,0,0.999229 opentrack=-6.28297,-3.03515,200,-4.49985,0,0,
pose 836 head_m=0.0583048,0.0315273,2 head_xyzw=0,0.0364324,0,0.999336 opentrack=-5.83048,-3.15273,200,-4.17577,0,0,
pose 837 head_m=0.0540686,0.0326245,2 head_xyzw=0,0.0337864,0,0.999429 opentrack=-5.40686,-3.26245,200,-3.87238,0,0,
pose 838 head_m=0.0495711,0.0337855,2 head_xyzw=0,0.030977,0,0.99952 opentrack=-4.95711,-3.37855,200,-3.55027,0,0,
pose 839 head_m=0.0451985,0.0349108,2 head_xyzw=0,0.0282453,0,0.999601 opentrack=-4.51985,-3.49108,200,-3.23711,0,0,
pose 840 head_m=0.0408081,0.0360371,2 head_xyzw=0,0.0255023,0,0.999675 opentrack=-4.08081,-3.60371,200,-2.92266,0,0,
pose 841 head_m=0.0364128,0.0371612,2 head_xyzw=0,0.022756,0,0.999741 opentrack=-3.64128,-3.71612,200,-2.60787,0,0,
pose 842 head_m=0.0319748,0.0382929,2 head_xyzw=0,0.0199829,0,0.9998 opentrack=-3.19748,-3.82929,200,-2.29003,0,0,
pose 843 head_m=0.0275317,0.0394225,2 head_xyzw=0,0.0172065,0,0.999852 opentrack=-2.75317,-3.94225,200,-1.97181,0,0,
pose 844 head_m=0.023036,0.0405622,2 head_xyzw=0,0.014397,0,0.999896 opentrack=-2.3036,-4.05622,200,-1.64983,0,0,
pose 845 head_m=0.018613,0.0416803,2 head_xyzw=0,0.0116329,0,0.999932 opentrack=-1.8613,-4.16803,200,-1.33306,0,0,
pose 846 head_m=0.0141928,0.0427946,2 head_xyzw=0,0.00887036,0,0.999961 opentrack=-1.41928,-4.27946,200,-1.01648,0,0,
pose 847 head_m=0.00976493,0.0439078,2 head_xyzw=0,0.00610305,0,0.999981 opentrack=-0.976493,-4.39078,200,-0.699362,0,0,
pose 848 head_m=0.00525363,0.045039,2 head_xyzw=0,0.00328351,0,0.999995 opentrack=-0.525363,-4.5039,200,-0.376264,0,0,
pose 849 head_m=0.000865384,0.0461365,2 head_xyzw=0,0.000540865,0,1 opentrack=-0.0865384,-4.61365,200,-0.0619785,0,0,
pose 850 head_m=-0.00355121,0.0472382,2 head_xyzw=0,-0.0022195,0,0.999998 opentrack=0.355121,-4.72382,200,0.254337,0,0,
pose 851 head_m=-0.00796573,0.0483368,2 head_xyzw=0,-0.00497856,0,0.999988 opentrack=0.796573,-4.83368,200,0.570503,0,0,
pose 852 head_m=-0.0124316,0.0494454,2 head_xyzw=0,-0.00776966,0,0.99997 opentrack=1.24316,-4.94454,200,0.890346,0,0,
pose 853 head_m=-0.0168622,0.0505427,2 head_xyzw=0,-0.0105387,0,0.999944 opentrack=1.68622,-5.05427,200,1.20766,0,0,
pose 854 head_m=-0.0213305,0.0516467,2 head_xyzw=0,-0.0133312,0,0.999911 opentrack=2.13305,-5.16467,200,1.52768,0,0,
pose 855 head_m=-0.0256979,0.0527234,2 head_xyzw=0,-0.0160605,0,0.999871 opentrack=2.56979,-5.27234,200,1.84048,0,0,
pose 856 head_m=-0.0301017,0.0538067,2 head_xyzw=0,-0.0188124,0,0.999823 opentrack=3.01017,-5.38067,200,2.15587,0,0,
pose 857 head_m=-0.0345043,0.0548874,2 head_xyzw=0,-0.0215635,0,0.999767 opentrack=3.45043,-5.48874,200,2.47119,0,0,
pose 858 head_m=-0.0390961,0.0560121,2 head_xyzw=0,-0.0244326,0,0.999701 opentrack=3.90961,-5.60121,200,2.80005,0,0,
pose 859 head_m=-0.0435036,0.0570895,2 head_xyzw=0,-0.0271864,0,0.99963 opentrack=4.35036,-5.70895,200,3.11572,0,0,
pose 860 head_m=-0.047909,0.0581642,2 head_xyzw=0,-0.0299387,0,0.999552 opentrack=4.7909,-5.81642,200,3.43123,0,0,
pose 861 head_m=-0.0524397,0.0592673,2 head_xyzw=0,-0.0327689,0,0.999463 opentrack=5.24397,-5.92673,200,3.75571,0,0,
pose 862 head_m=-0.0566885,0.0602999,2 head_xyzw=0,-0.0354229,0,0.999372 opentrack=5.66885,-6.02999,200,4.06002,0,0,
pose 863 head_m=-0.061107,0.0613718,2 head_xyzw=0,-0.0381826,0,0.999271 opentrack=6.1107,-6.13718,200,4.37647,0,0,
pose 864 head_m=-0.0654864,0.0624322,2 head_xyzw=0,-0.0409176,0,0.999163 opentrack=6.54864,-6.24322,200,4.69012,0,0,
pose 865 head_m=-0.069831,0.0634825,2 head_xyzw=0,-0.0436305,0,0.999048 opentrack=6.9831,-6.34825,200,5.00128,0,0,
pose 866 head_m=-0.0741765,0.0645313,2 head_xyzw=0,-0.0463437,0,0.998926 opentrack=7.41765,-6.45313,200,5.3125,0,0,
pose 867 head_m=-0.0785081,0.065575,2 head_xyzw=0,-0.0490479,0,0.998796 opentrack=7.85081,-6.5575,200,5.62273,0,0,
pose 868 head_m=-0.0831064,0.0666813,2 head_xyzw=0,-0.0519182,0,0.998651 opentrack=8.31064,-6.66813,200,5.95206,0,0,
pose 869 head_m=-0.0873332,0.0676966,2 head_xyzw=0,-0.0545562,0,0.998511 opentrack=8.73332,-6.76966,200,6.25478,0,0,
pose 870 head_m=-0.0916353,0.0687285,2 head_xyzw=0,-0.0572407,0,0.99836 opentrack=9.16353,-6.87285,200,6.56289,0,0,
pose 871 head_m=-0.0959403,0.0697597,2 head_xyzw=0,-0.0599268,0,0.998203 opentrack=9.59403,-6.97597,200,6.87122,0,0,
pose 872 head_m=-0.100222,0.0707839,2 head_xyzw=0,-0.0625977,0,0.998039 opentrack=10.0222,-7.07839,200,7.17786,0,0,
pose 873 head_m=-0.104609,0.0718321,2 head_xyzw=0,-0.0653342,0,0.997863 opentrack=10.4609,-7.18321,200,7.49209,0,0,
pose 874 head_m=-0.108855,0.0728452,2 head_xyzw=0,-0.0679818,0,0.997687 opentrack=10.8855,-7.28452,200,7.79616,0,0,
pose 875 head_m=-0.113088,0.073854,2 head_xyzw=0,-0.070621,0,0.997503 opentrack=11.3088,-7.3854,200,8.09931,0,0,
pose 876 head_m=-0.117317,0.0748609,2 head_xyzw=0,-0.0732577,0,0.997313 opentrack=11.7317,-7.48609,200,8.40224,0,0,
pose 877 head_m=-0.121538,0.0758645,2 head_xyzw=0,-0.075888,0,0.997116 opentrack=12.1538,-7.58645,200,8.7045,0,0,
pose 878 head_m=-0.125799,0.0768768,2 head_xyzw=0,-0.0785431,0,0.996911 opentrack=12.5799,-7.68768,200,9.00966,0,0,
pose 879 head_m=-0.130013,0.077877,2 head_xyzw=0,-0.0811685,0,0.9967 opentrack=13.0013,-7.7877,200,9.31147,0,0,
pose 880 head_m=-0.134303,0.0788942,2 head_xyzw=0,-0.0838406,0,0.996479 opentrack=13.4303,-7.88942,200,9.61872,0,0,
pose 881 head_m=-0.138462,0.0798795,2 head_xyzw=0,-0.0864305,0,0.996258 opentrack=13.8462,-7.98795,200,9.91658,0,0,
pose 882 head_m=-0.142675,0.0808769,2 head_xyzw=0,-0.0890536,0,0.996027 opentrack=14.2675,-8.08769,200,10.2183,0,0,
pose 883 head_m=-0.14662,0.0818101,2 head_xyzw=0,-0.0915091,0,0.995804 opentrack=14.662,-8.18101,200,10.5009,0,0,
pose 884 head_m=-0.150902,0.0828226,2 head_xyzw=0,-0.0941742,0,0.995556 opentrack=15.0902,-8.28226,200,10.8076,0,0,
pose 885 head_m=-0.154989,0.083788,2 head_xyzw=0,-0.0967166,0,0.995312 opentrack=15.4989,-8.3788,200,11.1003,0,0,
pose 886 head_m=-0.159051,0.0847472,2 head_xyzw=0,-0.0992434,0,0.995063 opentrack=15.9051,-8.47472,200,11.3912,0,0,
pose 887 head_m=-0.16309,0.0857002,2 head_xyzw=0,-0.101755,0,0.99481 opentrack=16.309,-8.57002,200,11.6804,0,0,
pose 888 head_m=-0.16723,0.086677,2 head_xyzw=0,-0.104329,0,0.994543 opentrack=16.723,-8.6677,200,11.977,0,0,
pose 889 head_m=-0.171234,0.0876211,2 head_xyzw=0,-0.106817,0,0.994279 opentrack=17.1234,-8.76211,200,12.2638,0,0,
pose 890 head_m=-0.175232,0.0885635,2 head_xyzw=0,-0.109301,0,0.994009 opentrack=17.5232,-8.85635,200,12.5501,0,0,
pose 891 head_m=-0.179209,0.0895005,2 head_xyzw=0,-0.111771,0,0.993734 opentrack=17.9209,-8.95005,200,12.8349,0,0,
pose 892 head_m=-0.183144,0.0904276,2 head_xyzw=0,-0.114215,0,0.993456 opentrack=18.3144,-9.04276,200,13.1167,0,0,
pose 893 head_m=-0.18706,0.0913501,2 head_xyzw=0,-0.116646,0,0.993174 opentrack=18.706,-9.13501,200,13.3972,0,0,
pose 894 head_m=-0.191059,0.0922921,2 head_xyzw=0,-0.119128,0,0.992879 opentrack=19.1059,-9.22921,200,13.6836,0,0,
pose 895 head_m=-0.194922,0.0932019,2 head_xyzw=0,-0.121525,0,0.992588 opentrack=19.4922,-9.32019,200,13.9602,0,0,
pose 896 head_m=-0.198768,0.0941079,2 head_xyzw=0,-0.123911,0,0.992293 opentrack=19.8768,-9.41079,200,14.2357,0,0,
pose 897 head_m=-0.202521,0.094992,2 head_xyzw=0,-0.126238,0,0.992 opentrack=20.2521,-9.4992,200,14.5045,0,0,
pose 898 head_m=-0.206481,0.0959249,2 head_xyzw=0,-0.128693,0,0.991685 opentrack=20.6481,-9.59249,200,14.7881,0,0,
pose 899 head_m=-0.210291,0.0968227,2 head_xyzw=0,-0.131054,0,0.991375 opentrack=21.0291,-9.68227,200,15.0609,0,0,
pose 900 head_m=-0.214032,0.0977047,2 head_xyzw=0,-0.133372,0,0.991066 opentrack=21.4032,-9.77047,200,15.3289,0,0,
pose 1 head_m=0,0,0 head_xyzw=0,0,0,1 opentrack=-0,-0,0,-0,0,0,
pose 2 head_m=0,0,0 head_xyzw=0,0,0,1 opentrack=-0,-0,0,-0,0,0,
pose 3 head_m=0,0,0 head_xyzw=0,0,0,1 opentrack=-0,-0,0,-0,0,0,
pose 4 head_m=0,0,0 head_xyzw=0,0,0,1 opentrack=-0,-0,0,-0,0,0,
pose 5 head_m=0,0,0 head_xyzw=0,0,0,1 opentrack=-0,-0,0,-0,0,0,
pose 6 head_m=0,0,0 head_xyzw=0,0,0,1 opentrack=-0,-0,0,-0,0,0,
pose 7 head_m=0,0,0 head_xyzw=0,0,0,1 opentrack=-0,-0,0,-0,0,0,
pose 8 head_m=0,0,0 head_xyzw=0,0,0,1 opentrack=-0,-0,0,-0,0,0,
pose 9 head_m=0,0,0 head_xyzw=0,0,0,1 opentrack=-0,-0,0,-0,0,0,
pose 10 head_m=0,0,0 head_xyzw=0,0,0,1 opentrack=-0,-0,0,-0,0,0,
pose 11 head_m=0,0,0 head_xyzw=0,0,0,1 opentrack=-0,-0,0,-0,0,0,
pose 12 head_m=0,0,0 head_xyzw=0,0,0,1 opentrack=-0,-0,0,-0,0,0,
pose 13 head_m=0,0,0 head_xyzw=0,0,0,1 opentrack=-0,-0,0,-0,0,0,
pose 14 head_m=0,0,0 head_xyzw=0,0,0,1 opentrack=-0,-0,0,-0,0,0,
pose 15 head_m=0,0,0 head_xyzw=0,0,0,1 opentrack=-0,-0,0,-0,0,0,
pose 16 head_m=0,0,0 head_xyzw=0,0,0,1 opentrack=-0,-0,0,-0,0,0,
pose 17 head_m=0,0,0 head_xyzw=0,0,0,1 opentrack=-0,-0,0,-0,0,0,
pose 18 head_m=0,0,0 head_xyzw=0,0,0,1 opentrack=-0,-0,0,-0,0,0,
pose 19 head_m=0,0,0 head_xyzw=0,0,0,1 opentrack=-0,-0,0,-0,0,0,
pose 20 head_m=0,0,0 head_xyzw=0,0,0,1 opentrack=-0,-0,0,-0,0,0,
pose 21 head_m=0,0,0 head_xyzw=0,0,0,1 opentrack=-0,-0,0,-0,0,0,
pose 22 head_m=0,0,0 head_xyzw=0,0,0,1 opentrack=-0,-0,0,-0,0,0,
pose 23 head_m=0,0,0 head_xyzw=0,0,0,1 opentrack=-0,-0,0,-0,0,0,
pose 24 head_m=0,0,0 head_xyzw=0,0,0,1 opentrack=-0,-0,0,-0,0,0,
pose 25 head_m=0,0,0 head_xyzw=0,0,0,1 opentrack=-0,-0,0,-0,0,0,
pose 26 head_m=0,0,0 head_xyzw=0,0,0,1 opentrack=-0,-0,0,-0,0,0,
pose 27 head_m=0,0,0 head_xyzw=0,0,0,1 opentrack=-0,-0,0,-0,0,0,
pose 28 head_m=0,0,0 head_xyzw=0,0,0,1 opentrack=-0,-0,0,-0,0,0,
pose 29 head_m=0,0,0 head_xyzw=0,0,0,1 opentrack=-0,-0,0,-0,0,0,
pose 30 head_m=0,0,0 head_xyzw=0,0,0,1 opentrack=-0,-0,0,-0,0,0,
pose 31 head_m=0,0,0 head_xyzw=0,0,0,1 opentrack=-0,-0,0,-0,0,0,
pose 32 head_m=0,0,0 head_xyzw=0,0,0,1 opentrack=-0,-0,0,-0,0,0,
pose 33 head_m=0,0,0 head_xyzw=0,0,0,1 opentrack=-0,-0,0,-0,0,0,
pose 34 head_m=0,0,0 head_xyzw=0,0,0,1 opentrack=-0,-0,0,-0,0,0,
pose 35 head_m=0,0,0 head_xyzw=0,0,0,1 opentrack=-0,-0,0,-0,0,0,
pose 36 head_m=0,0,0 head_xyzw=0,0,0,1 opentrack=-0,-0,0,-0,0,0,
pose 37 head_m=0,0,0 head_xyzw=0,0,0,1 opentrack=-0,-0,0,-0,0,0,
pose 38 head_m=0,0,0 head_xyzw=0,0,0,1 opentrack=-0,-0,0,-0,0,0,
pose 39 head_m=0,0,0 head_xyzw=0,0,0,1 opentrack=-0,-0,0,-0,0,0,
pose 40 head_m=0,0,0 head_xyzw=0,0,0,1 opentrack=-0,-0,0,-0,0,0,
pose 41 head_m=0,0,0 head_xyzw=0,0,0,1 opentrack=-0,-0,0,-0,0,0,
pose 42 head_m=0,0,0 head_xyzw=0,0,0,1 opentrack=-0,-0,0,-0,0,0,
pose 43 head_m=0,0,0 head_xyzw=0,0,0,1 opentrack=-0,-0,0,-0,0,0,
pose 44 head_m=0,0,0 head_xyzw=0,0,0,1 opentrack=-0,-0,0,-0,0,0,
pose 45 head_m=0,0,0 head_xyzw=0,0,0,1 opentrack=-0,-0,0,-0,0,0,
pose 46 head_m=0,0,0 head_xyzw=0,0,0,1 opentrack=-0,-0,0,-0,0,0,
pose 47 head_m=0,0,0 head_xyzw=0,0,0,1 opentrack=-0,-0,0,-0,0,0,
pose 48 head_m=0,0,0 head_xyzw=0,0,0,1 opentrack=-0,-0,0,-0,0,0,
pose 49 head_m=0,0,0 head_xyzw=0,0,0,1 opentrack=-0,-0,0,-0,0,0,
pose 50 head_m=0,0,0 head_xyzw=0,0,0,1 opentrack=-0,-0,0,-0,0,0,
pose 51 head_m=0,0,0 head_xyzw=0,0,0,1 opentrack=-0,-0,0,-0,0,0,
pose 52 head_m=0,0,0 head_xyzw=0,0,0,1 opentrack=-0,-0,0,-0,0,0,
pose 53 head_m=0,0,0 head_xyzw=0,0,0,1 opentrack=-0,-0,0,-0,0,0,
pose 54 head_m=0,0,0 head_xyzw=0,0,0,1 opentrack=-0,-0,0,-0,0,0,
pose 55 head_m=0,0,0 head_xyzw=0,0,0,1 opentrack=-0,-0,0,-0,0,0,
pose 56 head_m=0,0,0 head_xyzw=0,0,